occurred_on,offense,severity,bucket,lat,lon,weight
2026-04-16,ASSAULT 3 & RELATED OFFENSES,4,violent,40.760175,-73.987962,4.0
2025-08-25,ASSAULT 3 & RELATED OFFENSES,4,violent,40.705636,-73.918926,4.0
2025-03-25,ROBBERY,5,violent,40.756629,-73.988709,5.0
2025-07-25,ROBBERY,5,violent,40.711995,-74.00272,5.0
2026-02-16,ROBBERY,5,violent,40.733967,-73.986535,5.0
2025-07-09,ROBBERY,5,violent,40.81837,-73.951803,5.0
2026-03-21,ROBBERY,5,violent,40.728869,-73.995477,5.0
2026-03-25,ROBBERY,5,violent,40.750867,-73.986473,5.0
2025-12-13,ASSAULT 3 & RELATED OFFENSES,4,violent,40.70476,-73.994331,4.0
2025-11-12,ROBBERY,5,violent,40.731749,-73.997848,5.0
2025-01-27,ASSAULT 3 & RELATED OFFENSES,4,violent,40.830696,-73.902898,4.0
2026-01-08,ASSAULT 3 & RELATED OFFENSES,4,violent,40.80843,-73.946959,4.0
2025-03-11,ROBBERY,5,violent,40.751923,-73.987437,5.0
2025-09-03,ASSAULT 3 & RELATED OFFENSES,4,violent,40.766452,-73.987494,4.0
2025-07-12,ASSAULT 3 & RELATED OFFENSES,4,violent,40.824348,-73.946163,4.0
2026-07-16,ASSAULT 3 & RELATED OFFENSES,4,violent,40.762548,-73.983712,4.0
2026-01-08,ROBBERY,5,violent,40.809926,-73.946946,5.0
2025-02-19,ASSAULT 3 & RELATED OFFENSES,4,violent,40.718202,-74.009907,4.0
2025-07-17,ASSAULT 3 & RELATED OFFENSES,4,violent,40.811524,-73.95051,4.0
2025-12-02,ROBBERY,5,violent,40.820213,-73.949569,5.0
2025-11-08,ASSAULT 3 & RELATED OFFENSES,4,violent,40.702473,-73.992133,4.0
2025-06-16,ASSAULT 3 & RELATED OFFENSES,4,violent,40.729876,-73.992802,4.0
2025-11-26,ROBBERY,5,violent,40.799343,-73.952687,5.0
2025-07-14,ROBBERY,5,violent,40.814182,-73.941025,5.0
2026-05-03,ROBBERY,5,violent,40.729778,-73.993981,5.0
2025-06-28,ROBBERY,5,violent,40.708548,-73.9952,5.0
2025-06-17,ROBBERY,5,violent,40.731777,-73.996213,5.0
2025-05-08,ASSAULT 3 & RELATED OFFENSES,4,violent,40.732138,-73.94167,4.0
2025-12-27,ASSAULT 3 & RELATED OFFENSES,4,violent,40.808093,-73.940196,4.0
2025-08-14,ROBBERY,5,violent,40.809154,-73.952127,5.0
2025-12-10,ASSAULT 3 & RELATED OFFENSES,4,violent,40.810467,-73.946012,4.0
2025-05-15,ROBBERY,5,violent,40.733144,-73.992608,5.0
2025-06-08,ROBBERY,5,violent,40.811929,-73.942238,5.0
2026-03-11,ASSAULT 3 & RELATED OFFENSES,4,violent,40.754186,-73.9866,4.0
2026-04-01,ASSAULT 3 & RELATED OFFENSES,4,violent,40.756506,-73.990194,4.0
2026-07-23,ASSAULT 3 & RELATED OFFENSES,4,violent,40.76163,-73.985356,4.0
2025-06-05,ASSAULT 3 & RELATED OFFENSES,4,violent,40.756519,-73.988834,4.0
2026-03-22,ASSAULT 3 & RELATED OFFENSES,4,violent,40.76693,-73.921746,4.0
2026-01-01,ROBBERY,5,violent,40.759371,-73.983673,5.0
2025-12-15,ROBBERY,5,violent,40.771198,-73.903036,5.0
2025-04-24,ASSAULT 3 & RELATED OFFENSES,4,violent,40.703306,-73.962117,4.0
2026-01-07,ASSAULT 3 & RELATED OFFENSES,4,violent,40.811839,-73.949088,4.0
2026-01-20,ASSAULT 3 & RELATED OFFENSES,4,violent,40.729245,-73.998563,4.0
2026-01-19,ROBBERY,5,violent,40.75724,-73.983706,5.0
2026-01-27,ROBBERY,5,violent,40.729518,-73.995142,5.0
2025-07-06,ASSAULT 3 & RELATED OFFENSES,4,violent,40.807846,-73.943923,4.0
2026-05-31,ASSAULT 3 & RELATED OFFENSES,4,violent,40.779875,-73.915823,4.0
2025-05-29,ASSAULT 3 & RELATED OFFENSES,4,violent,40.728765,-73.994197,4.0
2025-10-24,ASSAULT 3 & RELATED OFFENSES,4,violent,40.729609,-73.9986,4.0
2026-04-05,ROBBERY,5,violent,40.724208,-73.995987,5.0
2026-02-16,ASSAULT 3 & RELATED OFFENSES,4,violent,40.708855,-74.001612,4.0
2025-10-19,ASSAULT 3 & RELATED OFFENSES,4,violent,40.853211,-73.939429,4.0
2025-05-13,ASSAULT 3 & RELATED OFFENSES,4,violent,40.727759,-73.998258,4.0
2025-02-25,ROBBERY,5,violent,40.710522,-74.002987,5.0
2026-06-09,ASSAULT 3 & RELATED OFFENSES,4,violent,40.814293,-73.929419,4.0
2025-01-15,ASSAULT 3 & RELATED OFFENSES,4,violent,40.754856,-73.990825,4.0
2025-05-17,ASSAULT 3 & RELATED OFFENSES,4,violent,40.807187,-73.955112,4.0
2025-12-18,ASSAULT 3 & RELATED OFFENSES,4,violent,40.803426,-73.952011,4.0
2025-08-24,ASSAULT 3 & RELATED OFFENSES,4,violent,40.729252,-73.995989,4.0
2025-12-27,ROBBERY,5,violent,40.710401,-73.936596,5.0
2026-03-31,ASSAULT 3 & RELATED OFFENSES,4,violent,40.817078,-73.948036,4.0
2026-05-17,ASSAULT 3 & RELATED OFFENSES,4,violent,40.72777,-73.999154,4.0
2025-06-28,ASSAULT 3 & RELATED OFFENSES,4,violent,40.759824,-73.97684,4.0
2025-05-28,ASSAULT 3 & RELATED OFFENSES,4,violent,40.812778,-73.95337,4.0
2025-03-10,ROBBERY,5,violent,40.833816,-73.946567,5.0
2026-07-14,ASSAULT 3 & RELATED OFFENSES,4,violent,40.814532,-73.928665,4.0
2026-07-29,ASSAULT 3 & RELATED OFFENSES,4,violent,40.756579,-73.983059,4.0
2026-01-15,ASSAULT 3 & RELATED OFFENSES,4,violent,40.831953,-73.946082,4.0
2025-02-12,ROBBERY,5,violent,40.818508,-73.948099,5.0
2026-05-30,ROBBERY,5,violent,40.727226,-73.994016,5.0
2025-09-14,ASSAULT 3 & RELATED OFFENSES,4,violent,40.812397,-73.960662,4.0
2026-07-20,ROBBERY,5,violent,40.70489,-74.012175,5.0
2025-10-09,ROBBERY,5,violent,40.812795,-73.949507,5.0
2025-03-05,ROBBERY,5,violent,40.758142,-73.900351,5.0
2026-02-27,ASSAULT 3 & RELATED OFFENSES,4,violent,40.716745,-74.016476,4.0
2025-09-26,ASSAULT 3 & RELATED OFFENSES,4,violent,40.761428,-73.986176,4.0
2026-01-12,ROBBERY,5,violent,40.740892,-73.919555,5.0
2026-02-06,ROBBERY,5,violent,40.760052,-73.986538,5.0
2025-03-05,ROBBERY,5,violent,40.70534,-73.93895,5.0
2025-02-11,ASSAULT 3 & RELATED OFFENSES,4,violent,40.753411,-73.933788,4.0
2026-06-08,ROBBERY,5,violent,40.847602,-73.936614,5.0
2026-03-03,ROBBERY,5,violent,40.777577,-73.981736,5.0
2025-11-23,ROBBERY,5,violent,40.807141,-73.946109,5.0
2025-08-18,ROBBERY,5,violent,40.764291,-73.984498,5.0
2026-06-03,ASSAULT 3 & RELATED OFFENSES,4,violent,40.755136,-73.984155,4.0
2025-04-17,ASSAULT 3 & RELATED OFFENSES,4,violent,40.732044,-73.992793,4.0
2025-09-22,ASSAULT 3 & RELATED OFFENSES,4,violent,40.828707,-73.948782,4.0
2025-06-26,ROBBERY,5,violent,40.757322,-73.984902,5.0
2026-04-25,ROBBERY,5,violent,40.735859,-73.913174,5.0
2026-06-19,ROBBERY,5,violent,40.75698,-73.983726,5.0
2026-02-11,ROBBERY,5,violent,40.817481,-73.945198,5.0
2026-03-01,ASSAULT 3 & RELATED OFFENSES,4,violent,40.809577,-73.94879,4.0
2026-06-22,ROBBERY,5,violent,40.863422,-73.906756,5.0
2025-04-30,ROBBERY,5,violent,40.764734,-73.987608,5.0
2025-11-08,ASSAULT 3 & RELATED OFFENSES,4,violent,40.750849,-73.977634,4.0
2026-05-06,ROBBERY,5,violent,40.705001,-73.995568,5.0
2025-05-17,ROBBERY,5,violent,40.714122,-73.95466,5.0
2025-06-10,ROBBERY,5,violent,40.753177,-73.986224,5.0
2025-06-02,ASSAULT 3 & RELATED OFFENSES,4,violent,40.831217,-73.916597,4.0
2025-05-09,ROBBERY,5,violent,40.807131,-73.950548,5.0
2026-06-29,ASSAULT 3 & RELATED OFFENSES,4,violent,40.752014,-73.9881,4.0
2025-12-14,ROBBERY,5,violent,40.798929,-73.937227,5.0
2025-07-18,ROBBERY,5,violent,40.719063,-74.001421,5.0
2026-01-21,ASSAULT 3 & RELATED OFFENSES,4,violent,40.706892,-74.001473,4.0
2025-06-12,ASSAULT 3 & RELATED OFFENSES,4,violent,40.754108,-73.99301,4.0
2026-03-30,ROBBERY,5,violent,40.708405,-73.9979,5.0
2025-02-12,ROBBERY,5,violent,40.730091,-74.003966,5.0
2025-06-01,ROBBERY,5,violent,40.727839,-73.992412,5.0
2025-03-26,ASSAULT 3 & RELATED OFFENSES,4,violent,40.720139,-73.958029,4.0
2026-03-08,ROBBERY,5,violent,40.728411,-73.999054,5.0
2025-12-06,ROBBERY,5,violent,40.821849,-73.919451,5.0
2025-10-23,ROBBERY,5,violent,40.754047,-73.992631,5.0
2025-01-01,ROBBERY,5,violent,40.77484,-73.968527,5.0
2026-06-09,ROBBERY,5,violent,40.737125,-73.972977,5.0
2026-03-21,ROBBERY,5,violent,40.762256,-73.985898,5.0
2026-03-21,ASSAULT 3 & RELATED OFFENSES,4,violent,40.732812,-73.997872,4.0
2026-05-06,ROBBERY,5,violent,40.754049,-73.981767,5.0
2025-08-25,ROBBERY,5,violent,40.846288,-73.935179,5.0
2026-03-22,ROBBERY,5,violent,40.758689,-73.985772,5.0
2025-08-15,ASSAULT 3 & RELATED OFFENSES,4,violent,40.735911,-73.984726,4.0
2025-12-11,ROBBERY,5,violent,40.720087,-73.947002,5.0
2026-01-20,ROBBERY,5,violent,40.816434,-73.939689,5.0
2026-05-15,ASSAULT 3 & RELATED OFFENSES,4,violent,40.870489,-73.913817,4.0
2026-04-15,ROBBERY,5,violent,40.729893,-73.994324,5.0
2025-09-20,ASSAULT 3 & RELATED OFFENSES,4,violent,40.814142,-73.95097,4.0
2025-06-03,ASSAULT 3 & RELATED OFFENSES,4,violent,40.702787,-73.994128,4.0
2025-03-24,ROBBERY,5,violent,40.761912,-73.93204,5.0
2026-05-08,ASSAULT 3 & RELATED OFFENSES,4,violent,40.794166,-73.936037,4.0
2026-04-03,ASSAULT 3 & RELATED OFFENSES,4,violent,40.752302,-73.983729,4.0
2025-02-11,ROBBERY,5,violent,40.817801,-73.946221,5.0
2026-05-25,ASSAULT 3 & RELATED OFFENSES,4,violent,40.764384,-73.986927,4.0
2026-06-02,ROBBERY,5,violent,40.755836,-73.984375,5.0
2026-03-22,ROBBERY,5,violent,40.762245,-73.939469,5.0
2025-05-04,ASSAULT 3 & RELATED OFFENSES,4,violent,40.754775,-73.990882,4.0
2025-02-18,ASSAULT 3 & RELATED OFFENSES,4,violent,40.728116,-73.901389,4.0
2025-04-18,ROBBERY,5,violent,40.811474,-73.945401,5.0
2025-09-06,ASSAULT 3 & RELATED OFFENSES,4,violent,40.758849,-73.983311,4.0
2025-06-20,ROBBERY,5,violent,40.835625,-73.915257,5.0
2025-11-29,ASSAULT 3 & RELATED OFFENSES,4,violent,40.735324,-74.004934,4.0
2025-06-29,ROBBERY,5,violent,40.754587,-73.985159,5.0
2026-04-06,ASSAULT 3 & RELATED OFFENSES,4,violent,40.816016,-73.944599,4.0
2025-08-26,ROBBERY,5,violent,40.708841,-74.001537,5.0
2025-12-29,ASSAULT 3 & RELATED OFFENSES,4,violent,40.706856,-73.945604,4.0
2025-12-19,ROBBERY,5,violent,40.725306,-73.991912,5.0
2026-01-14,ASSAULT 3 & RELATED OFFENSES,4,violent,40.756941,-73.990952,4.0
2025-06-19,ASSAULT 3 & RELATED OFFENSES,4,violent,40.704636,-73.994437,4.0
2025-05-27,ROBBERY,5,violent,40.778669,-73.944671,5.0
2025-01-06,ROBBERY,5,violent,40.729579,-73.997599,5.0
2025-10-06,ROBBERY,5,violent,40.808931,-73.946085,5.0
2026-05-30,ROBBERY,5,violent,40.809273,-73.951196,5.0
2026-06-25,ROBBERY,5,violent,40.737819,-73.930927,5.0
2025-08-24,ASSAULT 3 & RELATED OFFENSES,4,violent,40.727085,-73.996161,4.0
2025-11-26,ASSAULT 3 & RELATED OFFENSES,4,violent,40.727383,-73.99887,4.0
2025-09-17,ASSAULT 3 & RELATED OFFENSES,4,violent,40.709068,-73.99312,4.0
2026-03-17,ASSAULT 3 & RELATED OFFENSES,4,violent,40.725697,-73.992811,4.0
2025-11-27,ROBBERY,5,violent,40.732296,-73.992142,5.0
2025-12-19,ROBBERY,5,violent,40.805964,-73.948135,5.0
2025-09-08,ASSAULT 3 & RELATED OFFENSES,4,violent,40.728326,-73.997635,4.0
2026-05-25,ROBBERY,5,violent,40.724664,-73.95549,5.0
2026-03-20,ASSAULT 3 & RELATED OFFENSES,4,violent,40.727732,-73.993605,4.0
2026-05-25,ROBBERY,5,violent,40.851977,-73.910103,5.0
2025-01-01,ASSAULT 3 & RELATED OFFENSES,4,violent,40.780182,-73.948933,4.0
2025-10-06,ASSAULT 3 & RELATED OFFENSES,4,violent,40.727234,-73.998161,4.0
2025-05-15,ROBBERY,5,violent,40.733044,-73.998197,5.0
2025-10-08,ROBBERY,5,violent,40.781051,-73.956267,5.0
2026-03-22,ASSAULT 3 & RELATED OFFENSES,4,violent,40.763184,-73.989929,4.0
2026-01-23,ASSAULT 3 & RELATED OFFENSES,4,violent,40.758693,-73.989325,4.0
2025-04-07,ASSAULT 3 & RELATED OFFENSES,4,violent,40.764181,-73.975843,4.0
2026-01-26,ASSAULT 3 & RELATED OFFENSES,4,violent,40.71568,-73.961514,4.0
2025-06-28,ROBBERY,5,violent,40.750757,-73.983568,5.0
2025-01-31,ROBBERY,5,violent,40.80973,-73.946561,5.0
2026-01-25,ASSAULT 3 & RELATED OFFENSES,4,violent,40.726448,-74.004265,4.0
2026-04-18,ROBBERY,5,violent,40.715168,-73.977269,5.0
2025-05-18,ASSAULT 3 & RELATED OFFENSES,4,violent,40.729248,-73.994193,4.0
2025-01-01,ASSAULT 3 & RELATED OFFENSES,4,violent,40.729654,-73.993832,4.0
2026-04-17,ROBBERY,5,violent,40.808143,-73.935896,5.0
2026-03-09,ASSAULT 3 & RELATED OFFENSES,4,violent,40.80861,-73.948625,4.0
2025-07-18,ROBBERY,5,violent,40.778216,-73.915656,5.0
2025-04-05,ASSAULT 3 & RELATED OFFENSES,4,violent,40.760545,-73.991994,4.0
2025-12-10,ASSAULT 3 & RELATED OFFENSES,4,violent,40.730428,-73.993511,4.0
2025-06-22,ASSAULT 3 & RELATED OFFENSES,4,violent,40.709525,-73.998226,4.0
2026-06-28,ROBBERY,5,violent,40.709894,-73.950575,5.0
2026-04-11,ASSAULT 3 & RELATED OFFENSES,4,violent,40.756718,-73.985401,4.0
2025-04-12,ROBBERY,5,violent,40.727922,-73.998327,5.0
2025-01-30,ASSAULT 3 & RELATED OFFENSES,4,violent,40.728861,-74.003681,4.0
2025-09-11,ROBBERY,5,violent,40.728683,-73.992885,5.0
2026-07-24,ROBBERY,5,violent,40.808802,-73.943666,5.0
2026-01-24,ASSAULT 3 & RELATED OFFENSES,4,violent,40.762336,-73.979084,4.0
2025-12-29,ASSAULT 3 & RELATED OFFENSES,4,violent,40.705499,-74.002201,4.0
2026-05-14,ROBBERY,5,violent,40.730073,-73.989665,5.0
2025-04-27,ASSAULT 3 & RELATED OFFENSES,4,violent,40.759381,-73.988899,4.0
2025-06-16,ROBBERY,5,violent,40.753065,-73.986159,5.0
2026-03-09,ASSAULT 3 & RELATED OFFENSES,4,violent,40.7478,-73.923187,4.0
2025-06-13,ASSAULT 3 & RELATED OFFENSES,4,violent,40.849073,-73.944873,4.0
2025-06-01,ASSAULT 3 & RELATED OFFENSES,4,violent,40.732607,-73.997737,4.0
2025-01-22,ROBBERY,5,violent,40.813317,-73.949367,5.0
2025-12-16,ROBBERY,5,violent,40.753219,-73.980559,5.0
2026-03-04,ASSAULT 3 & RELATED OFFENSES,4,violent,40.708778,-73.918753,4.0
2026-03-24,ROBBERY,5,violent,40.753372,-73.990833,5.0
2025-06-02,ASSAULT 3 & RELATED OFFENSES,4,violent,40.760829,-73.981583,4.0
2026-04-24,ROBBERY,5,violent,40.708796,-74.001005,5.0
2025-10-18,ROBBERY,5,violent,40.737785,-73.925329,5.0
2025-08-21,ROBBERY,5,violent,40.728076,-73.996535,5.0
2025-04-12,ROBBERY,5,violent,40.755703,-73.966243,5.0
2026-07-11,ROBBERY,5,violent,40.70998,-73.920036,5.0
2025-11-24,ASSAULT 3 & RELATED OFFENSES,4,violent,40.756049,-73.981203,4.0
2025-07-24,ASSAULT 3 & RELATED OFFENSES,4,violent,40.701936,-73.994608,4.0
2025-09-30,ASSAULT 3 & RELATED OFFENSES,4,violent,40.763573,-73.982143,4.0
2025-01-30,ROBBERY,5,violent,40.729935,-73.997415,5.0
2025-12-30,ASSAULT 3 & RELATED OFFENSES,4,violent,40.726017,-73.997958,4.0
2025-12-05,ASSAULT 3 & RELATED OFFENSES,4,violent,40.778353,-73.956982,4.0
2025-07-22,ASSAULT 3 & RELATED OFFENSES,4,violent,40.729946,-73.997018,4.0
2025-05-11,ASSAULT 3 & RELATED OFFENSES,4,violent,40.756999,-73.98594,4.0
2026-03-29,ROBBERY,5,violent,40.775406,-73.957927,5.0
2026-02-09,ASSAULT 3 & RELATED OFFENSES,4,violent,40.763884,-73.988298,4.0
2025-02-21,ASSAULT 3 & RELATED OFFENSES,4,violent,40.761483,-73.979379,4.0
2025-03-02,ROBBERY,5,violent,40.759734,-73.987534,5.0
2026-02-11,ASSAULT 3 & RELATED OFFENSES,4,violent,40.847266,-73.93992,4.0
2025-09-14,ASSAULT 3 & RELATED OFFENSES,4,violent,40.793759,-73.939688,4.0
2025-11-25,ASSAULT 3 & RELATED OFFENSES,4,violent,40.787567,-73.979915,4.0
2025-11-28,ASSAULT 3 & RELATED OFFENSES,4,violent,40.725179,-73.997396,4.0
2025-11-21,ASSAULT 3 & RELATED OFFENSES,4,violent,40.71082,-73.995226,4.0
2025-05-15,ROBBERY,5,violent,40.817188,-73.942622,5.0
2026-01-20,ROBBERY,5,violent,40.814199,-73.949644,5.0
2025-10-30,ASSAULT 3 & RELATED OFFENSES,4,violent,40.80827,-73.952126,4.0
2026-04-26,ROBBERY,5,violent,40.727056,-73.993597,5.0
2025-01-14,ASSAULT 3 & RELATED OFFENSES,4,violent,40.726543,-73.995074,4.0
2025-11-04,ASSAULT 3 & RELATED OFFENSES,4,violent,40.757879,-73.982324,4.0
2026-07-22,ROBBERY,5,violent,40.818255,-73.945279,5.0
2025-05-10,ROBBERY,5,violent,40.756206,-73.984546,5.0
2025-12-18,ROBBERY,5,violent,40.734866,-73.998471,5.0
2025-08-08,ROBBERY,5,violent,40.730125,-73.997314,5.0
2026-04-19,ASSAULT 3 & RELATED OFFENSES,4,violent,40.760796,-73.986869,4.0
2026-02-10,ROBBERY,5,violent,40.709192,-73.993891,5.0
2025-11-04,ASSAULT 3 & RELATED OFFENSES,4,violent,40.754288,-73.982454,4.0
2025-02-04,ROBBERY,5,violent,40.810528,-73.952403,5.0
2026-02-05,ASSAULT 3 & RELATED OFFENSES,4,violent,40.70942,-73.926058,4.0
2025-09-23,ASSAULT 3 & RELATED OFFENSES,4,violent,40.810716,-73.949143,4.0
2025-01-26,ROBBERY,5,violent,40.701638,-74.010951,5.0
2026-02-14,ROBBERY,5,violent,40.815718,-73.947848,5.0
2025-10-19,ROBBERY,5,violent,40.73199,-73.991282,5.0
2026-06-05,ROBBERY,5,violent,40.740812,-73.947762,5.0
2026-07-12,ASSAULT 3 & RELATED OFFENSES,4,violent,40.70359,-73.995086,4.0
2025-07-26,ASSAULT 3 & RELATED OFFENSES,4,violent,40.703176,-73.957959,4.0
2025-01-13,ROBBERY,5,violent,40.764295,-73.983673,5.0
2025-02-06,ROBBERY,5,violent,40.7522,-73.986763,5.0
2025-02-16,ROBBERY,5,violent,40.728559,-73.992386,5.0
2025-03-22,ROBBERY,5,violent,40.732338,-74.008028,5.0
2025-10-12,ASSAULT 3 & RELATED OFFENSES,4,violent,40.758832,-73.988393,4.0
2025-11-24,ROBBERY,5,violent,40.786914,-73.940877,5.0
2025-05-13,ASSAULT 3 & RELATED OFFENSES,4,violent,40.726092,-73.996629,4.0
2025-08-07,ROBBERY,5,violent,40.814943,-73.944818,5.0
2025-10-18,ROBBERY,5,violent,40.73006,-74.000721,5.0
2026-05-10,ASSAULT 3 & RELATED OFFENSES,4,violent,40.761904,-73.979902,4.0
2025-11-27,ROBBERY,5,violent,40.74373,-73.910996,5.0
2026-02-02,ROBBERY,5,violent,40.730635,-73.994644,5.0
2025-10-08,ASSAULT 3 & RELATED OFFENSES,4,violent,40.711498,-73.994323,4.0
2026-05-09,ROBBERY,5,violent,40.759767,-73.98717,5.0
2025-08-10,ROBBERY,5,violent,40.799124,-73.921985,5.0
2025-12-20,ASSAULT 3 & RELATED OFFENSES,4,violent,40.753818,-73.985605,4.0
2025-02-24,ASSAULT 3 & RELATED OFFENSES,4,violent,40.706174,-73.960292,4.0
2025-11-08,ROBBERY,5,violent,40.805519,-73.942708,5.0
2026-01-31,ASSAULT 3 & RELATED OFFENSES,4,violent,40.72944,-73.995123,4.0
2026-04-18,ASSAULT 3 & RELATED OFFENSES,4,violent,40.774864,-73.93356,4.0
2026-07-27,ASSAULT 3 & RELATED OFFENSES,4,violent,40.722047,-73.955916,4.0
2025-04-15,ASSAULT 3 & RELATED OFFENSES,4,violent,40.752823,-73.985837,4.0
2026-04-11,ASSAULT 3 & RELATED OFFENSES,4,violent,40.709105,-73.999591,4.0
2025-02-06,ROBBERY,5,violent,40.725143,-73.99644,5.0
2026-01-21,ASSAULT 3 & RELATED OFFENSES,4,violent,40.758585,-73.980981,4.0
2025-06-29,ASSAULT 3 & RELATED OFFENSES,4,violent,40.71008,-73.962387,4.0
2026-07-12,ASSAULT 3 & RELATED OFFENSES,4,violent,40.722708,-74.005206,4.0
2026-06-01,ROBBERY,5,violent,40.729978,-73.999268,5.0
2026-02-06,ASSAULT 3 & RELATED OFFENSES,4,violent,40.781692,-73.955127,4.0
2026-01-15,ROBBERY,5,violent,40.752836,-73.984186,5.0
2025-03-26,ROBBERY,5,violent,40.726262,-73.99572,5.0
2025-06-17,ROBBERY,5,violent,40.823309,-73.950477,5.0
2026-03-28,ASSAULT 3 & RELATED OFFENSES,4,violent,40.794887,-73.931893,4.0
2026-01-18,ASSAULT 3 & RELATED OFFENSES,4,violent,40.70098,-74.015779,4.0
2025-12-27,ASSAULT 3 & RELATED OFFENSES,4,violent,40.705889,-74.004467,4.0
2025-02-07,ROBBERY,5,violent,40.87264,-73.908269,5.0
2025-10-27,ROBBERY,5,violent,40.751451,-73.987585,5.0
2026-06-13,ROBBERY,5,violent,40.760812,-73.987611,5.0
2025-12-16,ASSAULT 3 & RELATED OFFENSES,4,violent,40.748415,-73.986382,4.0
2025-02-18,ROBBERY,5,violent,40.729433,-73.996085,5.0
2025-12-02,ASSAULT 3 & RELATED OFFENSES,4,violent,40.76145,-73.99228,4.0
2025-11-05,ROBBERY,5,violent,40.767284,-73.983086,5.0
2026-05-24,ROBBERY,5,violent,40.81425,-73.945935,5.0
2025-05-28,ASSAULT 3 & RELATED OFFENSES,4,violent,40.812532,-73.949372,4.0
2025-02-20,ASSAULT 3 & RELATED OFFENSES,4,violent,40.755616,-73.98579,4.0
2025-03-13,ROBBERY,5,violent,40.752482,-73.981916,5.0
2026-06-15,ROBBERY,5,violent,40.765171,-73.980504,5.0
2026-05-13,ROBBERY,5,violent,40.751083,-73.977688,5.0
2025-11-15,ROBBERY,5,violent,40.745015,-73.919614,5.0
2025-02-07,ASSAULT 3 & RELATED OFFENSES,4,violent,40.761188,-73.984152,4.0
2026-03-20,ROBBERY,5,violent,40.718839,-73.921282,5.0
2026-01-15,ROBBERY,5,violent,40.808189,-73.94425,5.0
2025-01-28,ASSAULT 3 & RELATED OFFENSES,4,violent,40.753091,-73.980297,4.0
2025-11-04,ASSAULT 3 & RELATED OFFENSES,4,violent,40.761554,-73.979072,4.0
2026-06-02,ASSAULT 3 & RELATED OFFENSES,4,violent,40.771788,-73.957345,4.0
2025-10-21,ASSAULT 3 & RELATED OFFENSES,4,violent,40.857395,-73.91788,4.0
2025-11-09,ASSAULT 3 & RELATED OFFENSES,4,violent,40.760695,-73.987704,4.0
2025-03-14,ROBBERY,5,violent,40.766553,-73.961673,5.0
2025-06-09,ASSAULT 3 & RELATED OFFENSES,4,violent,40.819831,-73.952254,4.0
2026-02-04,ROBBERY,5,violent,40.718566,-73.906838,5.0
2025-07-02,ROBBERY,5,violent,40.764132,-73.980649,5.0
2026-02-28,ASSAULT 3 & RELATED OFFENSES,4,violent,40.75223,-73.98504,4.0
2025-09-04,ASSAULT 3 & RELATED OFFENSES,4,violent,40.815589,-73.941772,4.0
2025-11-14,ROBBERY,5,violent,40.764785,-73.939863,5.0
2025-12-22,ASSAULT 3 & RELATED OFFENSES,4,violent,40.814577,-73.943881,4.0
2025-04-15,ASSAULT 3 & RELATED OFFENSES,4,violent,40.76033,-73.983435,4.0
2025-10-03,ROBBERY,5,violent,40.708806,-73.992146,5.0
2026-03-13,ASSAULT 3 & RELATED OFFENSES,4,violent,40.80662,-73.946497,4.0
2025-08-10,ROBBERY,5,violent,40.811617,-73.946865,5.0
2025-09-12,ASSAULT 3 & RELATED OFFENSES,4,violent,40.759043,-73.983577,4.0
2025-07-17,ASSAULT 3 & RELATED OFFENSES,4,violent,40.751828,-73.997737,4.0
2025-05-30,ASSAULT 3 & RELATED OFFENSES,4,violent,40.818326,-73.950035,4.0
2025-10-20,ROBBERY,5,violent,40.761247,-73.984172,5.0
2025-08-22,ASSAULT 3 & RELATED OFFENSES,4,violent,40.806631,-73.953303,4.0
2026-03-20,ROBBERY,5,violent,40.771007,-73.902264,5.0
2026-04-04,ROBBERY,5,violent,40.759092,-73.980932,5.0
2026-03-13,ROBBERY,5,violent,40.749865,-73.91652,5.0
2025-07-24,ROBBERY,5,violent,40.759596,-73.985358,5.0
2025-02-08,ASSAULT 3 & RELATED OFFENSES,4,violent,40.789229,-73.98241,4.0
2026-07-05,ROBBERY,5,violent,40.70554,-73.945904,5.0
2026-01-15,ROBBERY,5,violent,40.73194,-73.996335,5.0
2025-11-04,ROBBERY,5,violent,40.753344,-73.986932,5.0
2025-11-14,ASSAULT 3 & RELATED OFFENSES,4,violent,40.7313,-73.998672,4.0
2025-07-15,ROBBERY,5,violent,40.728349,-73.997453,5.0
2026-07-27,ROBBERY,5,violent,40.827677,-73.949658,5.0
2025-07-18,ASSAULT 3 & RELATED OFFENSES,4,violent,40.726838,-73.990668,4.0
2026-07-25,ROBBERY,5,violent,40.724115,-73.939419,5.0
2026-03-17,ASSAULT 3 & RELATED OFFENSES,4,violent,40.750049,-73.972172,4.0
2026-06-15,ASSAULT 3 & RELATED OFFENSES,4,violent,40.704788,-73.952562,4.0
2025-11-25,ASSAULT 3 & RELATED OFFENSES,4,violent,40.760928,-73.980482,4.0
2025-08-26,ROBBERY,5,violent,40.751599,-73.975965,5.0
2025-09-16,ROBBERY,5,violent,40.729408,-73.997393,5.0
2025-12-17,ROBBERY,5,violent,40.765635,-73.917081,5.0
2026-07-16,ASSAULT 3 & RELATED OFFENSES,4,violent,40.768075,-73.950831,4.0
2025-07-03,ROBBERY,5,violent,40.81568,-73.938414,5.0
2025-04-04,ASSAULT 3 & RELATED OFFENSES,4,violent,40.713202,-73.998033,4.0
2026-05-02,ASSAULT 3 & RELATED OFFENSES,4,violent,40.811928,-73.947837,4.0
2025-07-11,ROBBERY,5,violent,40.709715,-73.996463,5.0
2025-06-06,ASSAULT 3 & RELATED OFFENSES,4,violent,40.730986,-74.000668,4.0
2025-10-26,ASSAULT 3 & RELATED OFFENSES,4,violent,40.728665,-73.999998,4.0
2026-03-04,ROBBERY,5,violent,40.705091,-73.995099,5.0
2026-03-15,ASSAULT 3 & RELATED OFFENSES,4,violent,40.755836,-73.981893,4.0
2025-10-28,ROBBERY,5,violent,40.757256,-73.983144,5.0
2025-02-13,ROBBERY,5,violent,40.732017,-73.993882,5.0
2025-05-24,ROBBERY,5,violent,40.784158,-73.971494,5.0
2026-03-10,ROBBERY,5,violent,40.755304,-73.979765,5.0
2025-02-28,ASSAULT 3 & RELATED OFFENSES,4,violent,40.724516,-73.998144,4.0
2026-07-26,ROBBERY,5,violent,40.762384,-73.988469,5.0
2026-01-03,ASSAULT 3 & RELATED OFFENSES,4,violent,40.730103,-73.99737,4.0
2025-05-17,ROBBERY,5,violent,40.726911,-73.994389,5.0
2025-01-27,ROBBERY,5,violent,40.72742,-73.994129,5.0
2025-11-19,ASSAULT 3 & RELATED OFFENSES,4,violent,40.708491,-73.992,4.0
2025-12-18,ROBBERY,5,violent,40.82988,-73.916456,5.0
2026-06-26,ASSAULT 3 & RELATED OFFENSES,4,violent,40.758861,-73.988407,4.0
2025-01-14,ASSAULT 3 & RELATED OFFENSES,4,violent,40.709245,-73.999857,4.0
2025-06-15,ASSAULT 3 & RELATED OFFENSES,4,violent,40.718043,-73.933869,4.0
2025-04-25,ASSAULT 3 & RELATED OFFENSES,4,violent,40.717451,-73.947231,4.0
2026-05-15,ROBBERY,5,violent,40.753806,-73.990544,5.0
2026-04-28,ASSAULT 3 & RELATED OFFENSES,4,violent,40.725912,-73.998123,4.0
2025-08-23,ROBBERY,5,violent,40.833724,-73.912017,5.0
2025-05-16,ASSAULT 3 & RELATED OFFENSES,4,violent,40.713134,-73.921465,4.0
2025-10-02,ASSAULT 3 & RELATED OFFENSES,4,violent,40.70944,-73.995623,4.0
2025-03-06,ASSAULT 3 & RELATED OFFENSES,4,violent,40.747673,-73.98883,4.0
2025-05-31,ROBBERY,5,violent,40.761813,-73.982344,5.0
2026-05-02,ASSAULT 3 & RELATED OFFENSES,4,violent,40.708552,-74.007176,4.0
2026-06-12,ROBBERY,5,violent,40.758137,-73.98695,5.0
2026-03-10,ROBBERY,5,violent,40.710116,-74.00218,5.0
2026-03-30,ROBBERY,5,violent,40.725864,-73.957315,5.0
2025-04-07,ROBBERY,5,violent,40.7563,-73.986027,5.0
2026-02-19,ROBBERY,5,violent,40.718644,-73.919473,5.0
2025-03-15,ASSAULT 3 & RELATED OFFENSES,4,violent,40.850295,-73.911652,4.0
2025-06-28,ROBBERY,5,violent,40.732305,-73.995341,5.0
2026-07-30,ASSAULT 3 & RELATED OFFENSES,4,violent,40.753954,-73.98115,4.0
2025-09-05,ROBBERY,5,violent,40.803559,-73.951796,5.0
2025-05-09,ROBBERY,5,violent,40.729424,-73.993232,5.0
2025-02-23,ASSAULT 3 & RELATED OFFENSES,4,violent,40.731529,-73.995808,4.0
2025-02-12,ASSAULT 3 & RELATED OFFENSES,4,violent,40.852583,-73.900889,4.0
2025-06-02,ROBBERY,5,violent,40.755442,-73.987967,5.0
2025-03-02,ASSAULT 3 & RELATED OFFENSES,4,violent,40.725081,-73.998148,4.0
2025-12-17,ASSAULT 3 & RELATED OFFENSES,4,violent,40.723833,-73.995138,4.0
2025-03-15,ASSAULT 3 & RELATED OFFENSES,4,violent,40.726443,-73.998375,4.0
2025-11-11,ASSAULT 3 & RELATED OFFENSES,4,violent,40.75241,-73.979986,4.0
2025-05-21,ASSAULT 3 & RELATED OFFENSES,4,violent,40.809776,-73.944836,4.0
2025-04-15,ASSAULT 3 & RELATED OFFENSES,4,violent,40.807317,-73.952111,4.0
2026-05-07,ASSAULT 3 & RELATED OFFENSES,4,violent,40.773946,-73.956918,4.0
2026-04-02,ROBBERY,5,violent,40.721236,-73.920015,5.0
2026-04-18,ASSAULT 3 & RELATED OFFENSES,4,violent,40.729586,-73.991597,4.0
2026-07-29,ROBBERY,5,violent,40.736443,-73.913186,5.0
2025-05-30,ASSAULT 3 & RELATED OFFENSES,4,violent,40.701608,-73.99472,4.0
2025-07-13,ASSAULT 3 & RELATED OFFENSES,4,violent,40.70373,-73.994822,4.0
2025-11-25,ROBBERY,5,violent,40.807053,-73.951598,5.0
2026-01-23,ASSAULT 3 & RELATED OFFENSES,4,violent,40.806799,-73.940806,4.0
2026-07-17,ASSAULT 3 & RELATED OFFENSES,4,violent,40.724105,-74.002505,4.0
2025-11-24,ROBBERY,5,violent,40.774429,-73.96917,5.0
2025-08-24,ROBBERY,5,violent,40.732124,-74.000369,5.0
2025-10-19,ROBBERY,5,violent,40.726887,-74.002351,5.0
2026-01-02,ASSAULT 3 & RELATED OFFENSES,4,violent,40.702082,-73.994221,4.0
2025-02-06,ASSAULT 3 & RELATED OFFENSES,4,violent,40.712227,-74.007021,4.0
2025-02-14,ROBBERY,5,violent,40.808378,-73.965405,5.0
2026-05-28,ROBBERY,5,violent,40.725457,-73.996892,5.0
2026-04-25,ASSAULT 3 & RELATED OFFENSES,4,violent,40.835207,-73.949226,4.0
2025-11-25,ASSAULT 3 & RELATED OFFENSES,4,violent,40.827442,-73.915784,4.0
2025-03-25,ASSAULT 3 & RELATED OFFENSES,4,violent,40.811081,-73.946599,4.0
2026-01-11,ROBBERY,5,violent,40.756794,-73.991438,5.0
2025-12-04,ASSAULT 3 & RELATED OFFENSES,4,violent,40.765572,-73.992334,4.0
2025-01-05,ROBBERY,5,violent,40.752862,-73.970116,5.0
2025-10-27,ASSAULT 3 & RELATED OFFENSES,4,violent,40.813824,-73.954626,4.0
2025-10-26,ASSAULT 3 & RELATED OFFENSES,4,violent,40.810364,-73.946945,4.0
2025-10-17,ASSAULT 3 & RELATED OFFENSES,4,violent,40.708603,-73.995334,4.0
2025-08-10,ROBBERY,5,violent,40.76303,-73.987634,5.0
2026-06-24,ASSAULT 3 & RELATED OFFENSES,4,violent,40.808333,-73.951241,4.0
2026-04-08,ASSAULT 3 & RELATED OFFENSES,4,violent,40.748521,-74.00798,4.0
2025-01-04,ASSAULT 3 & RELATED OFFENSES,4,violent,40.76221,-73.992872,4.0
2025-12-18,ROBBERY,5,violent,40.771423,-73.970074,5.0
2026-03-26,ROBBERY,5,violent,40.754647,-73.990351,5.0
2026-05-18,ASSAULT 3 & RELATED OFFENSES,4,violent,40.745494,-73.982631,4.0
2026-01-19,ROBBERY,5,violent,40.700323,-73.992419,5.0
2026-06-28,ROBBERY,5,violent,40.81168,-73.942933,5.0
2025-10-25,ASSAULT 3 & RELATED OFFENSES,4,violent,40.730938,-73.994462,4.0
2025-08-21,ROBBERY,5,violent,40.734028,-73.999379,5.0
2026-03-01,ASSAULT 3 & RELATED OFFENSES,4,violent,40.757886,-73.987104,4.0
2025-06-28,ROBBERY,5,violent,40.728157,-73.993732,5.0
2025-08-16,ROBBERY,5,violent,40.822397,-73.933601,5.0
2025-06-09,ROBBERY,5,violent,40.70771,-74.000649,5.0
2025-12-27,ROBBERY,5,violent,40.813979,-73.946161,5.0
2025-04-28,ROBBERY,5,violent,40.805571,-73.948448,5.0
2025-01-08,ASSAULT 3 & RELATED OFFENSES,4,violent,40.734822,-73.998465,4.0
2026-03-07,ROBBERY,5,violent,40.73079,-73.99814,5.0
2026-04-21,ASSAULT 3 & RELATED OFFENSES,4,violent,40.809667,-73.944098,4.0
2025-03-09,ASSAULT 3 & RELATED OFFENSES,4,violent,40.808246,-73.904697,4.0
2025-03-18,ROBBERY,5,violent,40.814525,-73.95217,5.0
2025-08-23,ASSAULT 3 & RELATED OFFENSES,4,violent,40.753904,-73.901171,4.0
2025-07-30,ROBBERY,5,violent,40.713981,-73.908399,5.0
2025-04-26,ROBBERY,5,violent,40.808265,-73.939403,5.0
2026-06-17,ROBBERY,5,violent,40.731665,-73.995678,5.0
2025-12-27,ROBBERY,5,violent,40.730822,-73.996762,5.0
2025-02-12,ASSAULT 3 & RELATED OFFENSES,4,violent,40.752861,-73.986824,4.0
2025-11-06,ASSAULT 3 & RELATED OFFENSES,4,violent,40.729184,-73.988212,4.0
2026-05-09,ROBBERY,5,violent,40.712908,-74.014773,5.0
2025-12-25,ASSAULT 3 & RELATED OFFENSES,4,violent,40.809679,-73.941432,4.0
2025-02-24,ASSAULT 3 & RELATED OFFENSES,4,violent,40.726527,-73.997654,4.0
2025-04-06,ROBBERY,5,violent,40.757843,-73.901252,5.0
2026-04-26,ROBBERY,5,violent,40.814353,-73.944309,5.0
2026-02-27,ROBBERY,5,violent,40.796079,-73.939962,5.0
2025-03-27,ROBBERY,5,violent,40.726253,-73.997377,5.0
2025-06-05,ROBBERY,5,violent,40.832375,-73.916843,5.0
2025-01-18,ASSAULT 3 & RELATED OFFENSES,4,violent,40.774142,-73.93043,4.0
2025-07-28,ASSAULT 3 & RELATED OFFENSES,4,violent,40.726062,-74.00178,4.0
2026-04-03,ASSAULT 3 & RELATED OFFENSES,4,violent,40.852089,-73.909094,4.0
2026-03-12,ASSAULT 3 & RELATED OFFENSES,4,violent,40.726421,-73.990566,4.0
2025-12-23,ASSAULT 3 & RELATED OFFENSES,4,violent,40.755091,-73.993864,4.0
2025-05-21,ASSAULT 3 & RELATED OFFENSES,4,violent,40.729283,-73.997862,4.0
2025-07-17,ASSAULT 3 & RELATED OFFENSES,4,violent,40.757875,-73.984163,4.0
2025-06-24,ROBBERY,5,violent,40.72854,-73.948867,5.0
2025-01-16,ASSAULT 3 & RELATED OFFENSES,4,violent,40.728856,-73.994956,4.0
2025-01-09,ASSAULT 3 & RELATED OFFENSES,4,violent,40.701787,-73.996049,4.0
2026-01-06,ROBBERY,5,violent,40.730335,-73.99732,5.0
2025-09-05,ASSAULT 3 & RELATED OFFENSES,4,violent,40.729918,-73.993409,4.0
2025-06-05,ROBBERY,5,violent,40.789968,-73.973492,5.0
2025-09-16,ASSAULT 3 & RELATED OFFENSES,4,violent,40.816209,-73.934607,4.0
2025-10-25,ROBBERY,5,violent,40.729057,-73.997089,5.0
2025-12-19,ASSAULT 3 & RELATED OFFENSES,4,violent,40.720087,-73.909533,4.0
2026-03-01,ROBBERY,5,violent,40.730525,-73.997496,5.0
2025-09-10,ASSAULT 3 & RELATED OFFENSES,4,violent,40.727039,-73.940953,4.0
2026-01-25,ROBBERY,5,violent,40.741957,-73.927222,5.0
2026-01-12,ASSAULT 3 & RELATED OFFENSES,4,violent,40.772672,-73.916514,4.0
2025-04-01,ROBBERY,5,violent,40.705035,-73.994893,5.0
2025-03-02,ASSAULT 3 & RELATED OFFENSES,4,violent,40.728699,-73.999081,4.0
2025-04-25,ROBBERY,5,violent,40.729455,-73.999896,5.0
2026-02-10,ASSAULT 3 & RELATED OFFENSES,4,violent,40.714583,-73.982019,4.0
2026-04-04,ASSAULT 3 & RELATED OFFENSES,4,violent,40.808081,-73.945781,4.0
2026-06-30,ASSAULT 3 & RELATED OFFENSES,4,violent,40.812869,-73.942194,4.0
2025-08-10,ASSAULT 3 & RELATED OFFENSES,4,violent,40.726642,-73.993025,4.0
2025-05-28,ASSAULT 3 & RELATED OFFENSES,4,violent,40.809612,-73.950313,4.0
2026-01-10,ROBBERY,5,violent,40.87224,-73.914513,5.0
2026-04-17,ROBBERY,5,violent,40.709104,-73.960804,5.0
2025-11-19,ROBBERY,5,violent,40.706399,-73.900314,5.0
2025-01-19,ASSAULT 3 & RELATED OFFENSES,4,violent,40.815634,-73.941299,4.0
2025-12-24,ASSAULT 3 & RELATED OFFENSES,4,violent,40.758463,-73.984594,4.0
2025-02-17,ROBBERY,5,violent,40.717002,-73.975503,5.0
2026-02-23,ASSAULT 3 & RELATED OFFENSES,4,violent,40.810397,-73.9541,4.0
2026-07-04,ROBBERY,5,violent,40.808882,-73.944898,5.0
2026-03-24,ROBBERY,5,violent,40.72888,-73.996283,5.0
2025-07-31,ASSAULT 3 & RELATED OFFENSES,4,violent,40.817385,-73.94812,4.0
2025-02-26,ROBBERY,5,violent,40.710586,-73.994591,5.0
2026-01-11,ROBBERY,5,violent,40.765066,-73.972704,5.0
2026-01-25,ROBBERY,5,violent,40.767187,-73.913354,5.0
2025-10-06,ASSAULT 3 & RELATED OFFENSES,4,violent,40.792211,-73.925267,4.0
2026-07-21,ASSAULT 3 & RELATED OFFENSES,4,violent,40.71175,-74.001751,4.0
2025-04-14,ASSAULT 3 & RELATED OFFENSES,4,violent,40.725959,-73.998506,4.0
2025-01-02,ASSAULT 3 & RELATED OFFENSES,4,violent,40.82175,-73.92838,4.0
2025-01-13,ROBBERY,5,violent,40.710291,-73.995908,5.0
2025-06-06,ASSAULT 3 & RELATED OFFENSES,4,violent,40.754357,-73.968154,4.0
2026-04-06,ROBBERY,5,violent,40.814347,-73.948093,5.0
2025-05-09,ROBBERY,5,violent,40.812793,-73.945771,5.0
2025-04-07,ASSAULT 3 & RELATED OFFENSES,4,violent,40.728666,-73.999983,4.0
2026-04-01,ASSAULT 3 & RELATED OFFENSES,4,violent,40.810182,-73.948682,4.0
2025-11-23,ROBBERY,5,violent,40.78117,-73.957327,5.0
2025-10-08,ASSAULT 3 & RELATED OFFENSES,4,violent,40.727708,-73.996172,4.0
2026-07-15,ROBBERY,5,violent,40.711692,-73.995427,5.0
2026-07-05,ROBBERY,5,violent,40.756214,-73.985214,5.0
2026-04-29,ROBBERY,5,violent,40.726917,-73.997399,5.0
2025-12-16,ROBBERY,5,violent,40.727384,-73.994054,5.0
2026-04-19,ASSAULT 3 & RELATED OFFENSES,4,violent,40.75521,-73.991975,4.0
2026-06-07,ROBBERY,5,violent,40.727134,-73.995915,5.0
2026-05-28,ASSAULT 3 & RELATED OFFENSES,4,violent,40.73307,-73.996599,4.0
2026-04-13,ROBBERY,5,violent,40.712254,-73.999672,5.0
2025-01-13,ASSAULT 3 & RELATED OFFENSES,4,violent,40.757763,-73.988602,4.0
2026-05-02,ASSAULT 3 & RELATED OFFENSES,4,violent,40.753554,-73.985312,4.0
2025-10-15,ASSAULT 3 & RELATED OFFENSES,4,violent,40.70911,-73.995255,4.0
2025-07-29,ROBBERY,5,violent,40.814168,-73.948032,5.0
2026-06-19,ASSAULT 3 & RELATED OFFENSES,4,violent,40.812632,-73.942588,4.0
2025-04-03,ASSAULT 3 & RELATED OFFENSES,4,violent,40.819032,-73.940526,4.0
2025-12-18,ROBBERY,5,violent,40.728706,-73.998911,5.0
2025-01-25,ROBBERY,5,violent,40.755634,-73.977653,5.0
2025-05-05,ROBBERY,5,violent,40.728796,-74.000502,5.0
2025-10-14,ASSAULT 3 & RELATED OFFENSES,4,violent,40.730935,-73.99381,4.0
2025-11-18,ASSAULT 3 & RELATED OFFENSES,4,violent,40.84222,-73.940848,4.0
2025-12-12,ROBBERY,5,violent,40.813257,-73.945264,5.0
2025-02-18,ASSAULT 3 & RELATED OFFENSES,4,violent,40.760529,-73.977558,4.0
2025-06-06,ASSAULT 3 & RELATED OFFENSES,4,violent,40.727089,-73.998973,4.0
2025-05-13,ASSAULT 3 & RELATED OFFENSES,4,violent,40.703795,-73.916962,4.0
2025-02-05,ASSAULT 3 & RELATED OFFENSES,4,violent,40.762766,-73.971982,4.0
2025-01-19,ASSAULT 3 & RELATED OFFENSES,4,violent,40.814132,-73.941496,4.0
2026-06-16,ASSAULT 3 & RELATED OFFENSES,4,violent,40.758285,-73.984646,4.0
2026-01-30,ASSAULT 3 & RELATED OFFENSES,4,violent,40.812579,-73.937315,4.0
2026-04-14,ROBBERY,5,violent,40.739536,-73.977855,5.0
2025-09-08,ROBBERY,5,violent,40.722863,-73.995899,5.0
2026-03-01,ASSAULT 3 & RELATED OFFENSES,4,violent,40.72694,-73.996807,4.0
2025-12-31,ROBBERY,5,violent,40.728267,-73.994863,5.0
2026-01-08,ASSAULT 3 & RELATED OFFENSES,4,violent,40.759484,-73.98844,4.0
2025-09-30,ASSAULT 3 & RELATED OFFENSES,4,violent,40.736048,-73.950493,4.0
2026-06-09,ASSAULT 3 & RELATED OFFENSES,4,violent,40.753628,-73.987645,4.0
2026-07-02,ASSAULT 3 & RELATED OFFENSES,4,violent,40.726114,-73.996105,4.0
2025-04-04,ASSAULT 3 & RELATED OFFENSES,4,violent,40.753774,-73.983521,4.0
2025-08-22,ASSAULT 3 & RELATED OFFENSES,4,violent,40.724343,-73.948555,4.0
2026-01-16,ASSAULT 3 & RELATED OFFENSES,4,violent,40.833962,-73.911599,4.0
2026-07-24,ROBBERY,5,violent,40.763559,-73.977693,5.0
2025-02-24,ROBBERY,5,violent,40.727972,-73.995716,5.0
2025-12-16,ROBBERY,5,violent,40.754675,-73.987464,5.0
2025-04-22,ASSAULT 3 & RELATED OFFENSES,4,violent,40.808267,-73.942236,4.0
2026-03-19,ROBBERY,5,violent,40.75981,-73.987817,5.0
2026-03-19,ROBBERY,5,violent,40.702488,-73.954564,5.0
2025-06-17,ASSAULT 3 & RELATED OFFENSES,4,violent,40.877946,-73.912917,4.0
2026-02-08,ROBBERY,5,violent,40.731657,-74.001042,5.0
2025-12-18,ASSAULT 3 & RELATED OFFENSES,4,violent,40.728866,-73.954301,4.0
2026-07-03,ASSAULT 3 & RELATED OFFENSES,4,violent,40.752539,-73.984746,4.0
2025-11-01,ROBBERY,5,violent,40.783901,-73.980931,5.0
2025-09-08,ROBBERY,5,violent,40.8148,-73.944363,5.0
2025-01-09,ASSAULT 3 & RELATED OFFENSES,4,violent,40.704463,-73.994343,4.0
2025-05-25,ROBBERY,5,violent,40.729511,-73.992283,5.0
2026-04-27,ROBBERY,5,violent,40.73163,-73.999198,5.0
2025-05-12,ROBBERY,5,violent,40.815602,-73.945906,5.0
2026-06-06,ROBBERY,5,violent,40.75657,-73.989022,5.0
2025-12-14,ASSAULT 3 & RELATED OFFENSES,4,violent,40.708664,-73.998511,4.0
2025-10-10,ASSAULT 3 & RELATED OFFENSES,4,violent,40.863787,-73.925093,4.0
2025-01-18,ASSAULT 3 & RELATED OFFENSES,4,violent,40.72584,-73.996192,4.0
2025-06-24,ROBBERY,5,violent,40.756843,-73.975344,5.0
2025-09-10,ASSAULT 3 & RELATED OFFENSES,4,violent,40.720239,-74.009855,4.0
2025-04-17,ROBBERY,5,violent,40.730082,-73.997021,5.0
2025-12-12,ASSAULT 3 & RELATED OFFENSES,4,violent,40.755668,-73.981753,4.0
2025-05-15,ROBBERY,5,violent,40.757734,-73.982669,5.0
2025-04-05,ROBBERY,5,violent,40.709175,-73.962481,5.0
2025-04-05,ASSAULT 3 & RELATED OFFENSES,4,violent,40.758843,-73.986385,4.0
2025-06-11,ASSAULT 3 & RELATED OFFENSES,4,violent,40.828333,-73.907759,4.0
2025-01-06,ASSAULT 3 & RELATED OFFENSES,4,violent,40.707114,-73.997934,4.0
2025-02-24,ASSAULT 3 & RELATED OFFENSES,4,violent,40.756574,-73.987216,4.0
2025-06-02,ASSAULT 3 & RELATED OFFENSES,4,violent,40.728888,-73.997575,4.0
2026-07-15,ROBBERY,5,violent,40.729921,-73.998963,5.0
2025-04-20,ASSAULT 3 & RELATED OFFENSES,4,violent,40.706738,-73.92161,4.0
2025-06-11,ROBBERY,5,violent,40.79096,-73.935676,5.0
2026-05-31,ROBBERY,5,violent,40.706385,-73.916418,5.0
2026-08-01,ROBBERY,5,violent,40.755213,-73.980502,5.0
2025-05-10,ASSAULT 3 & RELATED OFFENSES,4,violent,40.767696,-73.919197,4.0
2026-04-21,ROBBERY,5,violent,40.77903,-73.985469,5.0
2026-01-01,ASSAULT 3 & RELATED OFFENSES,4,violent,40.729898,-73.994588,4.0
2025-02-09,ROBBERY,5,violent,40.818868,-73.945208,5.0
2025-01-16,ASSAULT 3 & RELATED OFFENSES,4,violent,40.740731,-73.902952,4.0
2025-02-23,ASSAULT 3 & RELATED OFFENSES,4,violent,40.732623,-73.994957,4.0
2025-05-20,ASSAULT 3 & RELATED OFFENSES,4,violent,40.731502,-74.00013,4.0
2025-02-27,ROBBERY,5,violent,40.728973,-73.997058,5.0
2025-04-23,ASSAULT 3 & RELATED OFFENSES,4,violent,40.811343,-73.951351,4.0
2026-05-07,ASSAULT 3 & RELATED OFFENSES,4,violent,40.756818,-73.982838,4.0
2025-01-16,ROBBERY,5,violent,40.732258,-74.010136,5.0
2026-01-04,ASSAULT 3 & RELATED OFFENSES,4,violent,40.757878,-73.990821,4.0
2026-02-21,ROBBERY,5,violent,40.820125,-73.940549,5.0
2025-06-07,ROBBERY,5,violent,40.7605,-73.94323,5.0
2025-08-29,ASSAULT 3 & RELATED OFFENSES,4,violent,40.790247,-73.947354,4.0
2025-04-28,ASSAULT 3 & RELATED OFFENSES,4,violent,40.756012,-73.985426,4.0
2026-02-15,ASSAULT 3 & RELATED OFFENSES,4,violent,40.794087,-73.945798,4.0
2026-03-16,ROBBERY,5,violent,40.728523,-73.998782,5.0
2025-06-16,ROBBERY,5,violent,40.809071,-73.962251,5.0
2025-09-06,ROBBERY,5,violent,40.757412,-73.984443,5.0
2026-04-06,ASSAULT 3 & RELATED OFFENSES,4,violent,40.73612,-73.924802,4.0
2026-06-22,ROBBERY,5,violent,40.708795,-73.997391,5.0
2025-01-09,ROBBERY,5,violent,40.822372,-73.95068,5.0
2025-08-08,ROBBERY,5,violent,40.817217,-73.950258,5.0
2025-01-06,ASSAULT 3 & RELATED OFFENSES,4,violent,40.716846,-73.995726,4.0
2025-11-15,ASSAULT 3 & RELATED OFFENSES,4,violent,40.761693,-73.990677,4.0
2025-05-28,ROBBERY,5,violent,40.705724,-73.91165,5.0
2025-09-24,ROBBERY,5,violent,40.729949,-73.995263,5.0
2025-02-22,ROBBERY,5,violent,40.784295,-73.9123,5.0
2026-07-10,ROBBERY,5,violent,40.701362,-73.996288,5.0
2025-01-14,ROBBERY,5,violent,40.729592,-73.995511,5.0
2025-06-22,ASSAULT 3 & RELATED OFFENSES,4,violent,40.759843,-73.980497,4.0
2025-12-27,ASSAULT 3 & RELATED OFFENSES,4,violent,40.831496,-73.920557,4.0
2026-01-02,ASSAULT 3 & RELATED OFFENSES,4,violent,40.807108,-73.939829,4.0
2025-09-14,ROBBERY,5,violent,40.753978,-73.986968,5.0
2026-02-28,ROBBERY,5,violent,40.704168,-73.993567,5.0
2026-03-09,ASSAULT 3 & RELATED OFFENSES,4,violent,40.766423,-73.982443,4.0
2026-04-21,ASSAULT 3 & RELATED OFFENSES,4,violent,40.809501,-73.943455,4.0
2025-01-17,ASSAULT 3 & RELATED OFFENSES,4,violent,40.699825,-73.991345,4.0
2025-09-28,ASSAULT 3 & RELATED OFFENSES,4,violent,40.708962,-73.996067,4.0
2025-07-16,ROBBERY,5,violent,40.757956,-73.978358,5.0
2025-02-16,ASSAULT 3 & RELATED OFFENSES,4,violent,40.786763,-73.977726,4.0
2026-01-30,ROBBERY,5,violent,40.755411,-73.98797,5.0
2025-08-04,ASSAULT 3 & RELATED OFFENSES,4,violent,40.808478,-73.943646,4.0
2026-04-05,ASSAULT 3 & RELATED OFFENSES,4,violent,40.756436,-73.984746,4.0
2026-02-14,ROBBERY,5,violent,40.814669,-73.948962,5.0
2025-12-11,ASSAULT 3 & RELATED OFFENSES,4,violent,40.763376,-73.986998,4.0
2026-06-28,ROBBERY,5,violent,40.806274,-73.939039,5.0
2025-10-09,ROBBERY,5,violent,40.758616,-73.962998,5.0
2026-02-24,ROBBERY,5,violent,40.790173,-73.980259,5.0
2025-02-21,ASSAULT 3 & RELATED OFFENSES,4,violent,40.795224,-73.974147,4.0
2025-01-11,ROBBERY,5,violent,40.756467,-73.985516,5.0
2025-05-15,ASSAULT 3 & RELATED OFFENSES,4,violent,40.809777,-73.949194,4.0
2025-11-19,ASSAULT 3 & RELATED OFFENSES,4,violent,40.713542,-73.998391,4.0
2026-06-03,ROBBERY,5,violent,40.754791,-73.983874,5.0
2026-02-12,ROBBERY,5,violent,40.746535,-74.007673,5.0
2026-07-25,ROBBERY,5,violent,40.829119,-73.919915,5.0
2025-02-12,ROBBERY,5,violent,40.804189,-73.939464,5.0
2026-04-01,ROBBERY,5,violent,40.75646,-73.987004,5.0
2026-06-11,ASSAULT 3 & RELATED OFFENSES,4,violent,40.754261,-73.982662,4.0
2025-04-23,ROBBERY,5,violent,40.809738,-73.946673,5.0
2025-05-12,ASSAULT 3 & RELATED OFFENSES,4,violent,40.739403,-73.995277,4.0
2026-04-07,ROBBERY,5,violent,40.761454,-73.901152,5.0
2026-06-03,ASSAULT 3 & RELATED OFFENSES,4,violent,40.803071,-73.90914,4.0
2025-06-25,ROBBERY,5,violent,40.733576,-73.994122,5.0
2025-08-23,ASSAULT 3 & RELATED OFFENSES,4,violent,40.766184,-73.926161,4.0
2025-11-23,ASSAULT 3 & RELATED OFFENSES,4,violent,40.72943,-73.991595,4.0
2025-04-25,ROBBERY,5,violent,40.732715,-74.008238,5.0
2025-12-24,ASSAULT 3 & RELATED OFFENSES,4,violent,40.814203,-73.945001,4.0
2025-07-09,ROBBERY,5,violent,40.730144,-73.997084,5.0
2025-11-07,ASSAULT 3 & RELATED OFFENSES,4,violent,40.758045,-73.959303,4.0
2026-02-16,ASSAULT 3 & RELATED OFFENSES,4,violent,40.797184,-73.93477,4.0
2025-12-14,ROBBERY,5,violent,40.866769,-73.922125,5.0
2025-02-26,ROBBERY,5,violent,40.730837,-73.996702,5.0
2025-12-22,ROBBERY,5,violent,40.823308,-73.939416,5.0
2025-03-29,ROBBERY,5,violent,40.710109,-73.996238,5.0
2026-02-24,ASSAULT 3 & RELATED OFFENSES,4,violent,40.747699,-73.982126,4.0
2025-01-11,ASSAULT 3 & RELATED OFFENSES,4,violent,40.764687,-73.980493,4.0
2025-09-19,ASSAULT 3 & RELATED OFFENSES,4,violent,40.818631,-73.924713,4.0
2025-07-03,ASSAULT 3 & RELATED OFFENSES,4,violent,40.707109,-73.99907,4.0
2025-06-19,ROBBERY,5,violent,40.70945,-73.995982,5.0
2026-03-30,ROBBERY,5,violent,40.75981,-73.984743,5.0
2026-06-16,ASSAULT 3 & RELATED OFFENSES,4,violent,40.702888,-73.994002,4.0
2025-08-16,ASSAULT 3 & RELATED OFFENSES,4,violent,40.761497,-73.985546,4.0
2026-06-04,ASSAULT 3 & RELATED OFFENSES,4,violent,40.728934,-73.992266,4.0
2026-03-12,ROBBERY,5,violent,40.709703,-73.987116,5.0
2026-03-21,ROBBERY,5,violent,40.701837,-73.98546,5.0
2025-07-07,ROBBERY,5,violent,40.730802,-73.99689,5.0
2026-07-28,ROBBERY,5,violent,40.811,-73.950962,5.0
2025-09-02,ROBBERY,5,violent,40.811435,-73.93964,5.0
2025-05-21,ROBBERY,5,violent,40.807175,-73.95132,5.0
2025-05-03,ASSAULT 3 & RELATED OFFENSES,4,violent,40.703835,-73.992896,4.0
2025-08-22,ASSAULT 3 & RELATED OFFENSES,4,violent,40.731905,-73.99962,4.0
2025-07-01,ROBBERY,5,violent,40.809421,-73.939084,5.0
2026-07-31,ROBBERY,5,violent,40.879765,-73.909684,5.0
2026-04-05,ROBBERY,5,violent,40.7811,-73.957109,5.0
2025-10-18,ASSAULT 3 & RELATED OFFENSES,4,violent,40.835784,-73.934343,4.0
2025-04-20,ROBBERY,5,violent,40.811569,-73.951299,5.0
2025-12-02,ROBBERY,5,violent,40.728991,-73.997359,5.0
2025-04-29,ROBBERY,5,violent,40.727447,-73.988488,5.0
2025-03-12,ROBBERY,5,violent,40.75508,-73.981953,5.0
2025-02-04,ROBBERY,5,violent,40.733648,-74.000779,5.0
2026-07-16,ASSAULT 3 & RELATED OFFENSES,4,violent,40.731425,-73.991966,4.0
2025-02-23,ASSAULT 3 & RELATED OFFENSES,4,violent,40.809533,-73.947378,4.0
2025-11-08,ASSAULT 3 & RELATED OFFENSES,4,violent,40.751548,-73.985222,4.0
2025-05-31,ASSAULT 3 & RELATED OFFENSES,4,violent,40.805682,-73.950988,4.0
2026-04-09,ASSAULT 3 & RELATED OFFENSES,4,violent,40.860081,-73.903664,4.0
2025-08-14,ROBBERY,5,violent,40.833423,-73.947153,5.0
2025-02-07,ASSAULT 3 & RELATED OFFENSES,4,violent,40.730449,-74.000217,4.0
2026-03-11,ASSAULT 3 & RELATED OFFENSES,4,violent,40.811106,-73.94436,4.0
2025-02-16,ROBBERY,5,violent,40.755494,-73.987149,5.0
2025-07-17,ASSAULT 3 & RELATED OFFENSES,4,violent,40.78674,-73.902645,4.0
2025-09-03,ASSAULT 3 & RELATED OFFENSES,4,violent,40.75385,-73.983353,4.0
2025-12-29,ASSAULT 3 & RELATED OFFENSES,4,violent,40.752356,-73.994678,4.0
2026-06-08,ROBBERY,5,violent,40.861758,-73.934904,5.0
2025-12-08,ASSAULT 3 & RELATED OFFENSES,4,violent,40.725065,-73.993251,4.0
2026-03-16,ASSAULT 3 & RELATED OFFENSES,4,violent,40.725824,-74.000919,4.0
2025-12-21,ROBBERY,5,violent,40.813821,-73.930519,5.0
2025-12-05,ROBBERY,5,violent,40.756774,-73.983153,5.0
2025-11-17,ASSAULT 3 & RELATED OFFENSES,4,violent,40.809929,-73.949994,4.0
2025-12-08,ROBBERY,5,violent,40.714829,-73.977322,5.0
2025-06-22,ASSAULT 3 & RELATED OFFENSES,4,violent,40.81336,-73.949112,4.0
2025-04-08,ROBBERY,5,violent,40.761015,-73.977424,5.0
2025-10-26,ROBBERY,5,violent,40.81523,-73.949797,5.0
2025-05-16,ROBBERY,5,violent,40.759223,-73.975304,5.0
2025-06-04,ROBBERY,5,violent,40.749176,-73.945136,5.0
2025-05-21,ASSAULT 3 & RELATED OFFENSES,4,violent,40.810457,-73.951325,4.0
2025-07-07,ROBBERY,5,violent,40.872265,-73.916338,5.0
2025-11-17,ASSAULT 3 & RELATED OFFENSES,4,violent,40.735087,-73.934823,4.0
2025-12-29,ROBBERY,5,violent,40.818984,-73.914218,5.0
2026-05-09,ROBBERY,5,violent,40.80385,-73.969413,5.0
2026-02-18,ROBBERY,5,violent,40.75315,-73.983855,5.0
2025-12-27,ASSAULT 3 & RELATED OFFENSES,4,violent,40.818244,-73.918584,4.0
2025-11-17,ASSAULT 3 & RELATED OFFENSES,4,violent,40.726197,-73.99741,4.0
2025-06-16,ROBBERY,5,violent,40.757928,-73.98733,5.0
2025-08-05,ROBBERY,5,violent,40.759845,-73.986792,5.0
2026-03-13,ROBBERY,5,violent,40.815631,-73.94837,5.0
2026-06-13,ASSAULT 3 & RELATED OFFENSES,4,violent,40.703533,-73.993361,4.0
2025-07-05,ASSAULT 3 & RELATED OFFENSES,4,violent,40.704577,-73.994398,4.0
2025-10-10,ROBBERY,5,violent,40.808196,-73.951389,5.0
2026-01-03,ROBBERY,5,violent,40.725369,-73.994589,5.0
2025-12-11,ROBBERY,5,violent,40.762761,-73.986631,5.0
2025-02-01,ASSAULT 3 & RELATED OFFENSES,4,violent,40.812381,-73.952408,4.0
2025-11-30,ASSAULT 3 & RELATED OFFENSES,4,violent,40.729154,-73.989074,4.0
2025-01-26,ROBBERY,5,violent,40.83213,-73.939854,5.0
2025-08-10,ASSAULT 3 & RELATED OFFENSES,4,violent,40.726293,-73.933101,4.0
2025-09-23,ROBBERY,5,violent,40.749854,-73.97999,5.0
2025-08-15,ROBBERY,5,violent,40.753376,-73.919931,5.0
2025-06-29,ASSAULT 3 & RELATED OFFENSES,4,violent,40.81275,-73.947177,4.0
2025-07-14,ASSAULT 3 & RELATED OFFENSES,4,violent,40.730101,-73.994068,4.0
2026-04-17,ASSAULT 3 & RELATED OFFENSES,4,violent,40.818674,-73.932093,4.0
2026-01-27,ASSAULT 3 & RELATED OFFENSES,4,violent,40.858652,-73.908745,4.0
2025-07-19,ROBBERY,5,violent,40.817203,-73.944676,5.0
2025-03-22,ROBBERY,5,violent,40.729963,-73.999789,5.0
2025-02-05,ROBBERY,5,violent,40.814893,-73.944281,5.0
2026-04-04,ASSAULT 3 & RELATED OFFENSES,4,violent,40.707346,-73.998326,4.0
2026-07-07,ROBBERY,5,violent,40.727198,-73.975945,5.0
2026-05-19,ROBBERY,5,violent,40.704473,-74.004296,5.0
2025-03-03,ROBBERY,5,violent,40.811629,-73.943933,5.0
2025-12-30,ASSAULT 3 & RELATED OFFENSES,4,violent,40.768622,-73.957295,4.0
2026-06-11,ASSAULT 3 & RELATED OFFENSES,4,violent,40.761568,-73.985124,4.0
2025-12-10,ROBBERY,5,violent,40.806471,-73.951259,5.0
2026-03-21,ASSAULT 3 & RELATED OFFENSES,4,violent,40.862755,-73.911128,4.0
2025-01-26,ASSAULT 3 & RELATED OFFENSES,4,violent,40.760845,-73.987816,4.0
2025-07-14,ROBBERY,5,violent,40.812189,-73.946423,5.0
2025-07-14,ASSAULT 3 & RELATED OFFENSES,4,violent,40.843081,-73.944513,4.0
2025-08-07,ASSAULT 3 & RELATED OFFENSES,4,violent,40.816434,-73.950094,4.0
2026-07-06,ROBBERY,5,violent,40.731721,-73.996694,5.0
2025-03-25,ASSAULT 3 & RELATED OFFENSES,4,violent,40.707005,-74.004639,4.0
2026-06-22,ASSAULT 3 & RELATED OFFENSES,4,violent,40.78125,-73.952713,4.0
2025-07-29,ROBBERY,5,violent,40.810066,-73.948194,5.0
2025-08-30,ROBBERY,5,violent,40.753946,-73.989901,5.0
2026-04-23,ASSAULT 3 & RELATED OFFENSES,4,violent,40.754793,-73.983328,4.0
2026-04-17,ROBBERY,5,violent,40.808057,-73.945494,5.0
2025-08-31,ASSAULT 3 & RELATED OFFENSES,4,violent,40.708505,-73.994969,4.0
2025-10-04,ROBBERY,5,violent,40.73345,-73.992557,5.0
2025-05-10,ASSAULT 3 & RELATED OFFENSES,4,violent,40.758854,-73.980294,4.0
2025-07-15,ASSAULT 3 & RELATED OFFENSES,4,violent,40.726874,-73.998885,4.0
2025-07-23,ROBBERY,5,violent,40.726262,-73.997017,5.0
2026-04-07,ROBBERY,5,violent,40.809408,-73.952031,5.0
2025-02-22,ROBBERY,5,violent,40.719817,-73.93963,5.0
2025-04-26,ASSAULT 3 & RELATED OFFENSES,4,violent,40.756279,-74.00438,4.0
2025-02-21,ROBBERY,5,violent,40.75969,-73.98774,5.0
2025-08-23,ROBBERY,5,violent,40.758527,-73.981131,5.0
2026-01-16,ROBBERY,5,violent,40.735077,-73.994421,5.0
2026-02-12,ASSAULT 3 & RELATED OFFENSES,4,violent,40.7542,-73.988178,4.0
2025-01-27,ASSAULT 3 & RELATED OFFENSES,4,violent,40.728134,-73.995087,4.0
2025-12-12,ROBBERY,5,violent,40.754167,-73.99187,5.0
2025-04-05,ROBBERY,5,violent,40.73029,-73.997598,5.0
2026-01-15,ASSAULT 3 & RELATED OFFENSES,4,violent,40.760622,-73.943463,4.0
2026-01-29,ROBBERY,5,violent,40.730344,-73.994986,5.0
2025-08-11,ASSAULT 3 & RELATED OFFENSES,4,violent,40.825863,-73.901742,4.0
2026-01-27,ASSAULT 3 & RELATED OFFENSES,4,violent,40.817435,-73.947426,4.0
2025-09-15,ROBBERY,5,violent,40.754947,-73.981827,5.0
2026-05-26,ROBBERY,5,violent,40.833554,-73.926535,5.0
2025-09-28,ASSAULT 3 & RELATED OFFENSES,4,violent,40.760254,-73.987341,4.0
2026-03-25,ASSAULT 3 & RELATED OFFENSES,4,violent,40.725897,-73.998149,4.0
2025-01-10,ASSAULT 3 & RELATED OFFENSES,4,violent,40.811285,-73.945924,4.0
2025-06-25,ASSAULT 3 & RELATED OFFENSES,4,violent,40.710625,-73.999086,4.0
2025-10-08,ROBBERY,5,violent,40.756784,-73.9824,5.0
2025-01-23,ASSAULT 3 & RELATED OFFENSES,4,violent,40.703678,-73.957708,4.0
2026-07-05,ASSAULT 3 & RELATED OFFENSES,4,violent,40.731705,-73.921908,4.0
2025-10-20,ROBBERY,5,violent,40.844778,-73.932425,5.0
2025-02-26,ASSAULT 3 & RELATED OFFENSES,4,violent,40.810004,-73.944898,4.0
2025-03-18,ROBBERY,5,violent,40.833589,-73.92239,5.0
2026-07-12,ROBBERY,5,violent,40.701666,-73.902848,5.0
2026-04-12,ASSAULT 3 & RELATED OFFENSES,4,violent,40.755725,-73.989198,4.0
2025-04-02,ASSAULT 3 & RELATED OFFENSES,4,violent,40.709242,-73.997068,4.0
2026-05-13,ROBBERY,5,violent,40.751248,-73.987281,5.0
2026-04-04,ASSAULT 3 & RELATED OFFENSES,4,violent,40.704438,-73.994712,4.0
2025-04-10,ROBBERY,5,violent,40.83461,-73.912548,5.0
2026-05-28,ROBBERY,5,violent,40.76355,-73.992557,5.0
2025-03-26,ASSAULT 3 & RELATED OFFENSES,4,violent,40.729097,-73.993711,4.0
2025-02-18,ROBBERY,5,violent,40.717853,-73.953366,5.0
2026-06-20,ROBBERY,5,violent,40.812734,-73.921713,5.0
2026-04-08,ROBBERY,5,violent,40.805984,-73.941081,5.0
2026-07-02,ASSAULT 3 & RELATED OFFENSES,4,violent,40.830461,-73.900782,4.0
2025-07-27,ASSAULT 3 & RELATED OFFENSES,4,violent,40.755135,-73.984735,4.0
2025-03-17,ASSAULT 3 & RELATED OFFENSES,4,violent,40.743405,-73.913597,4.0
2026-04-17,ROBBERY,5,violent,40.726075,-73.998636,5.0
2026-04-14,ASSAULT 3 & RELATED OFFENSES,4,violent,40.875615,-73.907466,4.0
2026-06-20,ASSAULT 3 & RELATED OFFENSES,4,violent,40.811223,-73.914233,4.0
2026-03-02,ASSAULT 3 & RELATED OFFENSES,4,violent,40.75997,-73.986193,4.0
2025-07-31,ROBBERY,5,violent,40.728552,-73.992697,5.0
2026-05-13,ASSAULT 3 & RELATED OFFENSES,4,violent,40.743434,-73.949733,4.0
2025-04-18,ROBBERY,5,violent,40.709317,-73.996617,5.0
2025-07-14,ASSAULT 3 & RELATED OFFENSES,4,violent,40.808335,-73.945891,4.0
2025-09-11,ROBBERY,5,violent,40.803929,-73.955228,5.0
2025-08-11,ASSAULT 3 & RELATED OFFENSES,4,violent,40.756899,-73.986812,4.0
2025-02-01,ASSAULT 3 & RELATED OFFENSES,4,violent,40.827224,-73.907545,4.0
2025-10-13,ASSAULT 3 & RELATED OFFENSES,4,violent,40.813264,-73.950863,4.0
2025-03-28,ROBBERY,5,violent,40.782744,-73.980613,5.0
2025-07-22,ROBBERY,5,violent,40.731257,-73.992059,5.0
2026-06-10,ROBBERY,5,violent,40.734817,-74.010295,5.0
2026-01-11,ASSAULT 3 & RELATED OFFENSES,4,violent,40.733592,-73.960173,4.0
2025-11-19,ASSAULT 3 & RELATED OFFENSES,4,violent,40.707879,-73.999157,4.0
2025-07-04,ROBBERY,5,violent,40.875048,-73.906419,5.0
2025-09-29,ASSAULT 3 & RELATED OFFENSES,4,violent,40.811488,-73.943183,4.0
2025-03-30,ROBBERY,5,violent,40.735616,-73.997561,5.0
2025-05-26,ASSAULT 3 & RELATED OFFENSES,4,violent,40.719197,-73.953069,4.0
2025-04-07,ROBBERY,5,violent,40.708202,-73.996308,5.0
2025-11-26,ROBBERY,5,violent,40.789422,-73.928975,5.0
2026-04-06,ROBBERY,5,violent,40.718262,-73.988519,5.0
2025-02-14,ASSAULT 3 & RELATED OFFENSES,4,violent,40.762862,-73.989715,4.0
2025-07-27,ASSAULT 3 & RELATED OFFENSES,4,violent,40.709633,-73.99741,4.0
2026-04-25,ROBBERY,5,violent,40.751209,-73.964938,5.0
2025-12-17,ROBBERY,5,violent,40.780478,-73.907872,5.0
2025-04-19,ROBBERY,5,violent,40.762336,-73.98474,5.0
2026-01-11,ROBBERY,5,violent,40.820619,-73.928826,5.0
2026-03-09,ASSAULT 3 & RELATED OFFENSES,4,violent,40.775236,-73.905392,4.0
2025-06-19,ASSAULT 3 & RELATED OFFENSES,4,violent,40.801611,-73.945929,4.0
2025-04-12,ROBBERY,5,violent,40.762304,-73.983898,5.0
2026-06-14,ROBBERY,5,violent,40.729582,-73.996555,5.0
2025-02-13,ROBBERY,5,violent,40.762604,-73.984327,5.0
2025-12-15,ASSAULT 3 & RELATED OFFENSES,4,violent,40.807701,-73.936291,4.0
2025-10-18,ASSAULT 3 & RELATED OFFENSES,4,violent,40.727737,-73.992744,4.0
2025-09-15,ASSAULT 3 & RELATED OFFENSES,4,violent,40.80021,-73.969868,4.0
2025-10-13,ASSAULT 3 & RELATED OFFENSES,4,violent,40.80758,-73.949112,4.0
2025-08-07,ROBBERY,5,violent,40.761103,-73.949136,5.0
2025-08-05,ROBBERY,5,violent,40.839407,-73.939685,5.0
2025-04-10,ROBBERY,5,violent,40.81825,-73.950615,5.0
2025-12-23,ROBBERY,5,violent,40.813866,-73.945402,5.0
2025-02-19,ASSAULT 3 & RELATED OFFENSES,4,violent,40.732587,-73.984673,4.0
2025-01-24,ASSAULT 3 & RELATED OFFENSES,4,violent,40.753691,-73.982846,4.0
2025-03-11,ROBBERY,5,violent,40.757674,-73.980935,5.0
2025-07-11,ASSAULT 3 & RELATED OFFENSES,4,violent,40.760896,-73.980637,4.0
2026-07-07,ASSAULT 3 & RELATED OFFENSES,4,violent,40.762575,-73.988787,4.0
2026-01-10,ASSAULT 3 & RELATED OFFENSES,4,violent,40.703109,-73.994598,4.0
2025-01-09,ROBBERY,5,violent,40.724604,-73.979259,5.0
2026-07-27,ROBBERY,5,violent,40.771991,-73.925827,5.0
2025-08-25,ROBBERY,5,violent,40.806365,-73.912723,5.0
2026-05-10,ROBBERY,5,violent,40.762229,-73.975427,5.0
2025-08-21,ASSAULT 3 & RELATED OFFENSES,4,violent,40.729192,-73.997611,4.0
2025-04-11,ROBBERY,5,violent,40.809383,-73.945164,5.0
2026-07-01,ASSAULT 3 & RELATED OFFENSES,4,violent,40.815416,-73.947209,4.0
2025-05-11,ASSAULT 3 & RELATED OFFENSES,4,violent,40.726543,-73.996942,4.0
2025-04-02,ROBBERY,5,violent,40.72559,-73.996464,5.0
2025-12-17,ROBBERY,5,violent,40.845026,-73.904961,5.0
2025-01-29,ROBBERY,5,violent,40.754232,-73.981935,5.0
2025-07-30,ROBBERY,5,violent,40.733181,-73.999158,5.0
2025-06-27,ROBBERY,5,violent,40.729728,-73.992184,5.0
2025-08-30,ROBBERY,5,violent,40.757138,-73.990042,5.0
2026-04-11,ROBBERY,5,violent,40.814283,-73.954223,5.0
2026-06-28,ASSAULT 3 & RELATED OFFENSES,4,violent,40.710017,-74.001711,4.0
2025-10-19,ASSAULT 3 & RELATED OFFENSES,4,violent,40.81013,-73.939843,4.0
2026-03-26,ROBBERY,5,violent,40.730871,-73.992076,5.0
2026-01-28,ROBBERY,5,violent,40.830265,-73.909496,5.0
2026-05-14,ASSAULT 3 & RELATED OFFENSES,4,violent,40.816463,-73.947248,4.0
2026-05-18,ASSAULT 3 & RELATED OFFENSES,4,violent,40.724696,-73.99291,4.0
2025-02-26,ASSAULT 3 & RELATED OFFENSES,4,violent,40.79092,-73.972108,4.0
2026-01-19,ASSAULT 3 & RELATED OFFENSES,4,violent,40.700204,-73.994312,4.0
2025-06-29,ROBBERY,5,violent,40.717634,-73.938429,5.0
2026-07-13,ROBBERY,5,violent,40.711817,-73.956253,5.0
2025-05-26,ROBBERY,5,violent,40.757353,-73.987956,5.0
2025-04-04,ROBBERY,5,violent,40.805966,-73.947847,5.0
2025-12-19,ROBBERY,5,violent,40.707412,-73.937969,5.0
2025-11-13,ROBBERY,5,violent,40.713329,-73.988259,5.0
2025-09-14,ASSAULT 3 & RELATED OFFENSES,4,violent,40.715981,-74.002671,4.0
2025-10-14,ROBBERY,5,violent,40.708452,-73.997767,5.0
2026-06-23,ROBBERY,5,violent,40.704692,-73.990942,5.0
2025-10-24,ASSAULT 3 & RELATED OFFENSES,4,violent,40.729006,-73.999429,4.0
2026-07-07,ROBBERY,5,violent,40.725986,-73.948607,5.0
2026-06-05,ROBBERY,5,violent,40.70968,-73.999621,5.0
2026-04-23,ASSAULT 3 & RELATED OFFENSES,4,violent,40.728181,-73.99702,4.0
2026-05-13,ROBBERY,5,violent,40.707005,-74.002208,5.0
2026-07-21,ASSAULT 3 & RELATED OFFENSES,4,violent,40.760443,-73.975928,4.0
2025-06-30,ROBBERY,5,violent,40.805851,-73.951604,5.0
2026-05-16,ASSAULT 3 & RELATED OFFENSES,4,violent,40.700806,-73.983168,4.0
2025-06-02,ROBBERY,5,violent,40.723352,-73.998776,5.0
2025-02-23,ASSAULT 3 & RELATED OFFENSES,4,violent,40.740905,-73.99686,4.0
2026-04-12,ASSAULT 3 & RELATED OFFENSES,4,violent,40.754891,-73.986261,4.0
2025-12-02,ROBBERY,5,violent,40.744291,-73.976686,5.0
2025-10-27,ROBBERY,5,violent,40.762931,-73.987375,5.0
2025-05-14,ASSAULT 3 & RELATED OFFENSES,4,violent,40.77134,-73.988336,4.0
2025-03-08,ROBBERY,5,violent,40.814812,-73.944708,5.0
2025-06-03,ASSAULT 3 & RELATED OFFENSES,4,violent,40.734721,-73.99918,4.0
2026-03-28,ASSAULT 3 & RELATED OFFENSES,4,violent,40.756429,-73.990961,4.0
2025-02-14,ROBBERY,5,violent,40.810955,-73.948398,5.0
2026-07-30,ROBBERY,5,violent,40.76425,-73.986908,5.0
2025-06-01,ROBBERY,5,violent,40.741939,-73.921833,5.0
2025-07-17,ROBBERY,5,violent,40.820203,-73.944785,5.0
2026-05-10,ROBBERY,5,violent,40.73002,-73.999183,5.0
2025-12-16,ASSAULT 3 & RELATED OFFENSES,4,violent,40.724241,-74.000323,4.0
2025-12-10,ASSAULT 3 & RELATED OFFENSES,4,violent,40.730998,-73.997637,4.0
2025-08-11,ROBBERY,5,violent,40.729623,-73.997185,5.0
2025-05-16,ROBBERY,5,violent,40.744002,-73.922467,5.0
2026-05-01,ROBBERY,5,violent,40.759319,-73.906374,5.0
2025-05-31,ROBBERY,5,violent,40.726167,-74.000122,5.0
2025-12-25,ROBBERY,5,violent,40.729143,-74.003368,5.0
2025-06-21,ROBBERY,5,violent,40.814371,-73.948232,5.0
2026-03-16,ASSAULT 3 & RELATED OFFENSES,4,violent,40.701493,-73.983353,4.0
2025-08-31,ROBBERY,5,violent,40.7143,-73.978131,5.0
2025-09-18,ASSAULT 3 & RELATED OFFENSES,4,violent,40.731695,-73.924957,4.0
2025-04-15,ASSAULT 3 & RELATED OFFENSES,4,violent,40.755358,-73.986537,4.0
2026-03-23,ROBBERY,5,violent,40.712953,-73.979551,5.0
2025-10-19,ASSAULT 3 & RELATED OFFENSES,4,violent,40.761209,-73.986354,4.0
2025-12-03,ROBBERY,5,violent,40.757318,-73.984004,5.0
2026-03-30,ROBBERY,5,violent,40.740353,-74.006826,5.0
2025-06-20,ASSAULT 3 & RELATED OFFENSES,4,violent,40.809204,-73.94089,4.0
2025-12-13,ROBBERY,5,violent,40.758237,-73.988221,5.0
2025-08-28,ASSAULT 3 & RELATED OFFENSES,4,violent,40.751653,-73.989001,4.0
2025-07-03,ROBBERY,5,violent,40.74836,-73.981516,5.0
2026-03-21,ROBBERY,5,violent,40.786591,-73.938765,5.0
2025-03-13,ASSAULT 3 & RELATED OFFENSES,4,violent,40.720975,-73.946226,4.0
2025-12-14,ASSAULT 3 & RELATED OFFENSES,4,violent,40.801217,-73.913157,4.0
2025-03-28,ASSAULT 3 & RELATED OFFENSES,4,violent,40.806266,-73.936989,4.0
2025-04-21,ASSAULT 3 & RELATED OFFENSES,4,violent,40.730707,-73.994173,4.0
2025-07-11,ASSAULT 3 & RELATED OFFENSES,4,violent,40.732486,-73.936555,4.0
2025-09-19,ASSAULT 3 & RELATED OFFENSES,4,violent,40.729566,-73.997328,4.0
2025-09-03,ROBBERY,5,violent,40.731363,-74.00102,5.0
2025-06-17,ASSAULT 3 & RELATED OFFENSES,4,violent,40.811205,-73.952092,4.0
2026-04-01,ASSAULT 3 & RELATED OFFENSES,4,violent,40.813429,-73.944469,4.0
2026-04-19,ASSAULT 3 & RELATED OFFENSES,4,violent,40.81874,-73.94517,4.0
2025-11-29,ROBBERY,5,violent,40.808693,-73.943531,5.0
2026-04-18,ASSAULT 3 & RELATED OFFENSES,4,violent,40.733832,-73.998016,4.0
2026-04-20,ROBBERY,5,violent,40.813717,-73.945815,5.0
2025-10-07,ROBBERY,5,violent,40.810372,-73.949438,5.0
2026-07-26,ROBBERY,5,violent,40.806478,-73.948034,5.0
2026-01-19,ROBBERY,5,violent,40.76267,-73.986443,5.0
2025-09-21,ASSAULT 3 & RELATED OFFENSES,4,violent,40.758405,-73.928422,4.0
2025-09-08,ROBBERY,5,violent,40.701531,-73.993525,5.0
2025-08-03,ASSAULT 3 & RELATED OFFENSES,4,violent,40.72133,-73.998524,4.0
2025-08-05,ROBBERY,5,violent,40.814042,-73.945849,5.0
2025-01-24,ASSAULT 3 & RELATED OFFENSES,4,violent,40.703241,-73.995551,4.0
2025-02-20,ASSAULT 3 & RELATED OFFENSES,4,violent,40.755155,-73.985633,4.0
2025-11-16,ASSAULT 3 & RELATED OFFENSES,4,violent,40.757375,-73.985346,4.0
2026-02-20,ASSAULT 3 & RELATED OFFENSES,4,violent,40.709508,-73.993,4.0
2025-11-20,ROBBERY,5,violent,40.723438,-73.99481,5.0
2026-03-11,ASSAULT 3 & RELATED OFFENSES,4,violent,40.727812,-73.992692,4.0
2025-05-03,ROBBERY,5,violent,40.755069,-73.982862,5.0
2025-04-05,ASSAULT 3 & RELATED OFFENSES,4,violent,40.811691,-73.94365,4.0
2025-07-17,ASSAULT 3 & RELATED OFFENSES,4,violent,40.705187,-73.934227,4.0
2025-04-12,ROBBERY,5,violent,40.812596,-73.945826,5.0
2025-04-25,ROBBERY,5,violent,40.761057,-73.988011,5.0
2025-09-27,ASSAULT 3 & RELATED OFFENSES,4,violent,40.815269,-73.942946,4.0
2025-05-28,ASSAULT 3 & RELATED OFFENSES,4,violent,40.727234,-73.994711,4.0
2025-12-23,ROBBERY,5,violent,40.811181,-73.94923,5.0
2025-12-01,ROBBERY,5,violent,40.807205,-73.940526,5.0
2025-08-02,ROBBERY,5,violent,40.730893,-73.992117,5.0
2026-04-10,ASSAULT 3 & RELATED OFFENSES,4,violent,40.760685,-73.989705,4.0
2025-01-07,ASSAULT 3 & RELATED OFFENSES,4,violent,40.809389,-73.95582,4.0
2026-06-20,ROBBERY,5,violent,40.759353,-73.981568,5.0
2025-04-24,ROBBERY,5,violent,40.82166,-73.917807,5.0
2026-04-11,ROBBERY,5,violent,40.754358,-73.9917,5.0
2026-04-16,ASSAULT 3 & RELATED OFFENSES,4,violent,40.774951,-73.916157,4.0
2025-07-25,ASSAULT 3 & RELATED OFFENSES,4,violent,40.749551,-73.938451,4.0
2026-02-16,ASSAULT 3 & RELATED OFFENSES,4,violent,40.736549,-73.931589,4.0
2025-08-01,ASSAULT 3 & RELATED OFFENSES,4,violent,40.758553,-73.986204,4.0
2025-12-28,ROBBERY,5,violent,40.838715,-73.936382,5.0
2025-01-24,ROBBERY,5,violent,40.71286,-73.993044,5.0
2025-08-18,ROBBERY,5,violent,40.728155,-73.995141,5.0
2026-03-04,ROBBERY,5,violent,40.829593,-73.94802,5.0
2026-02-25,ROBBERY,5,violent,40.815477,-73.957521,5.0
2025-08-22,ASSAULT 3 & RELATED OFFENSES,4,violent,40.716832,-73.953609,4.0
2026-02-23,ASSAULT 3 & RELATED OFFENSES,4,violent,40.728102,-73.996804,4.0
2025-01-04,ASSAULT 3 & RELATED OFFENSES,4,violent,40.707608,-74.003773,4.0
2025-11-06,ASSAULT 3 & RELATED OFFENSES,4,violent,40.756165,-73.987037,4.0
2025-09-29,ASSAULT 3 & RELATED OFFENSES,4,violent,40.759782,-73.985699,4.0
2025-04-05,ASSAULT 3 & RELATED OFFENSES,4,violent,40.86221,-73.921029,4.0
2025-09-13,ASSAULT 3 & RELATED OFFENSES,4,violent,40.733277,-74.001727,4.0
2025-11-26,ASSAULT 3 & RELATED OFFENSES,4,violent,40.806894,-73.949117,4.0
2026-05-24,ROBBERY,5,violent,40.716643,-73.942132,5.0
2025-05-29,ASSAULT 3 & RELATED OFFENSES,4,violent,40.764253,-73.984024,4.0
2026-01-15,ROBBERY,5,violent,40.72824,-73.917621,5.0
2026-03-18,ROBBERY,5,violent,40.708778,-74.000204,5.0
2025-01-24,ASSAULT 3 & RELATED OFFENSES,4,violent,40.731097,-73.991254,4.0
2025-09-20,ROBBERY,5,violent,40.842859,-73.928428,5.0
2025-12-17,ROBBERY,5,violent,40.758325,-73.981538,5.0
2025-06-09,ASSAULT 3 & RELATED OFFENSES,4,violent,40.70805,-74.001093,4.0
2025-06-04,ROBBERY,5,violent,40.843789,-73.910448,5.0
2025-06-30,ROBBERY,5,violent,40.861555,-73.908242,5.0
2025-06-15,ROBBERY,5,violent,40.72971,-73.996459,5.0
2026-04-12,ASSAULT 3 & RELATED OFFENSES,4,violent,40.763268,-73.986443,4.0
2025-02-14,ASSAULT 3 & RELATED OFFENSES,4,violent,40.701559,-73.996143,4.0
2026-07-15,ROBBERY,5,violent,40.758791,-73.998031,5.0
2025-09-05,ROBBERY,5,violent,40.731749,-73.99084,5.0
2025-12-11,ROBBERY,5,violent,40.719946,-73.912582,5.0
2025-11-28,ASSAULT 3 & RELATED OFFENSES,4,violent,40.732249,-73.999318,4.0
2025-05-22,ROBBERY,5,violent,40.82141,-73.915251,5.0
2025-09-14,ASSAULT 3 & RELATED OFFENSES,4,violent,40.813959,-73.943607,4.0
2026-04-17,ASSAULT 3 & RELATED OFFENSES,4,violent,40.811894,-73.942443,4.0
2025-03-05,ASSAULT 3 & RELATED OFFENSES,4,violent,40.761666,-73.980061,4.0
2025-08-18,ROBBERY,5,violent,40.729955,-73.9977,5.0
2025-04-24,ASSAULT 3 & RELATED OFFENSES,4,violent,40.86598,-73.926997,4.0
2025-01-18,ASSAULT 3 & RELATED OFFENSES,4,violent,40.743368,-73.903749,4.0
2025-09-22,ASSAULT 3 & RELATED OFFENSES,4,violent,40.727112,-74.001699,4.0
2026-05-27,ASSAULT 3 & RELATED OFFENSES,4,violent,40.8177,-73.954958,4.0
2025-11-20,ASSAULT 3 & RELATED OFFENSES,4,violent,40.711151,-73.991448,4.0
2026-06-13,ASSAULT 3 & RELATED OFFENSES,4,violent,40.809726,-73.949675,4.0
2025-05-18,ASSAULT 3 & RELATED OFFENSES,4,violent,40.805553,-73.937673,4.0
2025-12-05,ASSAULT 3 & RELATED OFFENSES,4,violent,40.712169,-73.996094,4.0
2026-07-11,ROBBERY,5,violent,40.80956,-73.948336,5.0
2025-05-25,ASSAULT 3 & RELATED OFFENSES,4,violent,40.819871,-73.945715,4.0
2025-06-06,ROBBERY,5,violent,40.855722,-73.923107,5.0
2025-08-22,ROBBERY,5,violent,40.766457,-73.979868,5.0
2026-02-20,ASSAULT 3 & RELATED OFFENSES,4,violent,40.740378,-73.947494,4.0
2026-07-03,ASSAULT 3 & RELATED OFFENSES,4,violent,40.730345,-73.996751,4.0
2026-05-11,ASSAULT 3 & RELATED OFFENSES,4,violent,40.731362,-73.955399,4.0
2025-01-12,ASSAULT 3 & RELATED OFFENSES,4,violent,40.809458,-73.943482,4.0
2026-05-07,ASSAULT 3 & RELATED OFFENSES,4,violent,40.76179,-73.97918,4.0
2026-01-18,ROBBERY,5,violent,40.729408,-73.993267,5.0
2025-09-15,ASSAULT 3 & RELATED OFFENSES,4,violent,40.810064,-73.945987,4.0
2026-01-10,ASSAULT 3 & RELATED OFFENSES,4,violent,40.701232,-73.9945,4.0
2026-03-24,ASSAULT 3 & RELATED OFFENSES,4,violent,40.761469,-73.98448,4.0
2026-07-20,ASSAULT 3 & RELATED OFFENSES,4,violent,40.771226,-73.906629,4.0
2026-03-05,ASSAULT 3 & RELATED OFFENSES,4,violent,40.807615,-73.945441,4.0
2025-09-05,ROBBERY,5,violent,40.759522,-74.000193,5.0
2025-08-04,ASSAULT 3 & RELATED OFFENSES,4,violent,40.759551,-73.982216,4.0
2026-01-03,ASSAULT 3 & RELATED OFFENSES,4,violent,40.853541,-73.925823,4.0
2026-04-10,ROBBERY,5,violent,40.76151,-73.997754,5.0
2025-04-05,ROBBERY,5,violent,40.815201,-73.921687,5.0
2025-12-05,ROBBERY,5,violent,40.730561,-73.996222,5.0
2025-10-02,ASSAULT 3 & RELATED OFFENSES,4,violent,40.752428,-73.984644,4.0
2025-05-23,ASSAULT 3 & RELATED OFFENSES,4,violent,40.776786,-73.903072,4.0
2026-04-16,ASSAULT 3 & RELATED OFFENSES,4,violent,40.732338,-73.998442,4.0
2025-03-23,ROBBERY,5,violent,40.729289,-74.011656,5.0
2025-01-15,ROBBERY,5,violent,40.815477,-73.944665,5.0
2026-05-25,ASSAULT 3 & RELATED OFFENSES,4,violent,40.758166,-73.982338,4.0
2026-02-28,ROBBERY,5,violent,40.809475,-73.943357,5.0
2026-01-23,ASSAULT 3 & RELATED OFFENSES,4,violent,40.755758,-73.985911,4.0
2025-05-27,ROBBERY,5,violent,40.827897,-73.938634,5.0
2026-05-15,ASSAULT 3 & RELATED OFFENSES,4,violent,40.727686,-73.999785,4.0
2025-03-24,ROBBERY,5,violent,40.707357,-73.998236,5.0
2026-01-06,ASSAULT 3 & RELATED OFFENSES,4,violent,40.720379,-73.95017,4.0
2025-07-14,ROBBERY,5,violent,40.73333,-73.999218,5.0
2025-05-10,ASSAULT 3 & RELATED OFFENSES,4,violent,40.758795,-73.975317,4.0
2026-01-10,ASSAULT 3 & RELATED OFFENSES,4,violent,40.754631,-73.989559,4.0
2026-07-02,ROBBERY,5,violent,40.763726,-73.981797,5.0
2026-06-13,ASSAULT 3 & RELATED OFFENSES,4,violent,40.732288,-74.000558,4.0
2025-03-31,ROBBERY,5,violent,40.761741,-73.985665,5.0
2026-05-28,ROBBERY,5,violent,40.755982,-73.983602,5.0
2026-07-11,ROBBERY,5,violent,40.813797,-73.942151,5.0
2025-05-25,ASSAULT 3 & RELATED OFFENSES,4,violent,40.759542,-73.928695,4.0
2026-07-23,ROBBERY,5,violent,40.783314,-73.910893,5.0
2026-06-22,ROBBERY,5,violent,40.843538,-73.911824,5.0
2025-04-04,ASSAULT 3 & RELATED OFFENSES,4,violent,40.708534,-73.995283,4.0
2026-04-22,ASSAULT 3 & RELATED OFFENSES,4,violent,40.759025,-73.988001,4.0
2026-05-02,ASSAULT 3 & RELATED OFFENSES,4,violent,40.708682,-73.994655,4.0
2025-07-17,ROBBERY,5,violent,40.744897,-74.002533,5.0
2025-10-06,ROBBERY,5,violent,40.758829,-73.986707,5.0
2026-02-22,ROBBERY,5,violent,40.73464,-73.993584,5.0
2025-04-14,ROBBERY,5,violent,40.73167,-73.991112,5.0
2026-04-28,ROBBERY,5,violent,40.80866,-73.944302,5.0
2025-02-04,ROBBERY,5,violent,40.808852,-73.9446,5.0
2026-07-27,ASSAULT 3 & RELATED OFFENSES,4,violent,40.814114,-73.947078,4.0
2026-04-09,ASSAULT 3 & RELATED OFFENSES,4,violent,40.812557,-73.938908,4.0
2026-04-28,ROBBERY,5,violent,40.712491,-73.986947,5.0
2025-04-03,ROBBERY,5,violent,40.79902,-73.94428,5.0
2026-04-10,ROBBERY,5,violent,40.708564,-74.001055,5.0
2026-04-14,ROBBERY,5,violent,40.730826,-73.999495,5.0
2025-06-26,ASSAULT 3 & RELATED OFFENSES,4,violent,40.808227,-73.947404,4.0
2025-12-07,ASSAULT 3 & RELATED OFFENSES,4,violent,40.808325,-73.95358,4.0
2026-06-11,ROBBERY,5,violent,40.852569,-73.929895,5.0
2025-12-16,ASSAULT 3 & RELATED OFFENSES,4,violent,40.729836,-73.999963,4.0
2026-03-26,ASSAULT 3 & RELATED OFFENSES,4,violent,40.839172,-73.910818,4.0
2026-04-10,ASSAULT 3 & RELATED OFFENSES,4,violent,40.815128,-73.948277,4.0
2025-03-14,ASSAULT 3 & RELATED OFFENSES,4,violent,40.710559,-74.004654,4.0
2026-03-08,ROBBERY,5,violent,40.801315,-73.916432,5.0
2025-08-06,ASSAULT 3 & RELATED OFFENSES,4,violent,40.747975,-73.974908,4.0
2025-03-24,ASSAULT 3 & RELATED OFFENSES,4,violent,40.731926,-73.993563,4.0
2025-01-13,ASSAULT 3 & RELATED OFFENSES,4,violent,40.760668,-73.990961,4.0
2026-05-26,ASSAULT 3 & RELATED OFFENSES,4,violent,40.823684,-73.957562,4.0
2026-05-16,ASSAULT 3 & RELATED OFFENSES,4,violent,40.70329,-73.991806,4.0
2025-07-29,ROBBERY,5,violent,40.751944,-73.902229,5.0
2025-11-10,ASSAULT 3 & RELATED OFFENSES,4,violent,40.761619,-73.923861,4.0
2025-03-28,ROBBERY,5,violent,40.809463,-73.946655,5.0
2026-03-09,ROBBERY,5,violent,40.709016,-73.997182,5.0
2025-05-14,ASSAULT 3 & RELATED OFFENSES,4,violent,40.705799,-73.954404,4.0
2025-06-29,ROBBERY,5,violent,40.818829,-73.945023,5.0
2025-12-25,ROBBERY,5,violent,40.708883,-73.996546,5.0
2025-11-29,ROBBERY,5,violent,40.723154,-73.993713,5.0
2025-05-22,ROBBERY,5,violent,40.755147,-73.983998,5.0
2025-07-11,ASSAULT 3 & RELATED OFFENSES,4,violent,40.814414,-73.953539,4.0
2025-07-09,ASSAULT 3 & RELATED OFFENSES,4,violent,40.758337,-73.988921,4.0
2026-03-30,ROBBERY,5,violent,40.709973,-73.995322,5.0
2026-05-21,ROBBERY,5,violent,40.805527,-73.948544,5.0
2025-05-03,ASSAULT 3 & RELATED OFFENSES,4,violent,40.807925,-73.942116,4.0
2025-03-10,ROBBERY,5,violent,40.751817,-73.984981,5.0
2026-05-09,ROBBERY,5,violent,40.806028,-73.948882,5.0
2025-12-11,ROBBERY,5,violent,40.81459,-73.9467,5.0
2025-08-16,ROBBERY,5,violent,40.733525,-73.940612,5.0
2025-11-11,ASSAULT 3 & RELATED OFFENSES,4,violent,40.806065,-73.953154,4.0
2026-05-17,ASSAULT 3 & RELATED OFFENSES,4,violent,40.7026,-73.993478,4.0
2026-05-14,ASSAULT 3 & RELATED OFFENSES,4,violent,40.709575,-73.994363,4.0
2026-07-12,ROBBERY,5,violent,40.755725,-73.982218,5.0
2025-06-18,ASSAULT 3 & RELATED OFFENSES,4,violent,40.704376,-73.994882,4.0
2025-04-13,ASSAULT 3 & RELATED OFFENSES,4,violent,40.808905,-73.938967,4.0
2026-02-05,ROBBERY,5,violent,40.710023,-74.001202,5.0
2025-09-21,ROBBERY,5,violent,40.710398,-73.993873,5.0
2026-05-26,ASSAULT 3 & RELATED OFFENSES,4,violent,40.734014,-73.978195,4.0
2026-07-10,ROBBERY,5,violent,40.710919,-73.999729,5.0
2026-03-04,ASSAULT 3 & RELATED OFFENSES,4,violent,40.763882,-73.99577,4.0
2026-02-16,ASSAULT 3 & RELATED OFFENSES,4,violent,40.75439,-73.918804,4.0
2026-05-27,ASSAULT 3 & RELATED OFFENSES,4,violent,40.784038,-73.971433,4.0
2026-02-25,ASSAULT 3 & RELATED OFFENSES,4,violent,40.701554,-73.995876,4.0
2025-01-08,ASSAULT 3 & RELATED OFFENSES,4,violent,40.827759,-73.94864,4.0
2026-07-29,ROBBERY,5,violent,40.836319,-73.943081,5.0
2025-11-04,ROBBERY,5,violent,40.740397,-73.937866,5.0
2025-09-09,ASSAULT 3 & RELATED OFFENSES,4,violent,40.796813,-73.921324,4.0
2025-12-07,ASSAULT 3 & RELATED OFFENSES,4,violent,40.809141,-73.947303,4.0
2026-05-08,ASSAULT 3 & RELATED OFFENSES,4,violent,40.838151,-73.941542,4.0
2026-02-27,ASSAULT 3 & RELATED OFFENSES,4,violent,40.825067,-73.936696,4.0
2025-12-10,ASSAULT 3 & RELATED OFFENSES,4,violent,40.810167,-73.950616,4.0
2026-02-04,ASSAULT 3 & RELATED OFFENSES,4,violent,40.810502,-73.950457,4.0
2026-05-15,ROBBERY,5,violent,40.815579,-73.946505,5.0
2026-03-20,ASSAULT 3 & RELATED OFFENSES,4,violent,40.754049,-73.979854,4.0
2026-05-09,ASSAULT 3 & RELATED OFFENSES,4,violent,40.764817,-73.990069,4.0
2025-01-14,ROBBERY,5,violent,40.730979,-74.006999,5.0
2026-01-28,ROBBERY,5,violent,40.748077,-73.972837,5.0
2026-05-05,ROBBERY,5,violent,40.726528,-74.000233,5.0
2025-05-17,ASSAULT 3 & RELATED OFFENSES,4,violent,40.800319,-73.948892,4.0
2026-03-11,ASSAULT 3 & RELATED OFFENSES,4,violent,40.811703,-73.948384,4.0
2025-06-04,ASSAULT 3 & RELATED OFFENSES,4,violent,40.778439,-73.906324,4.0
2025-04-03,ASSAULT 3 & RELATED OFFENSES,4,violent,40.802154,-73.950921,4.0
2026-07-31,ASSAULT 3 & RELATED OFFENSES,4,violent,40.811385,-73.948394,4.0
2025-11-04,ROBBERY,5,violent,40.811518,-73.930728,5.0
2025-05-28,ROBBERY,5,violent,40.809218,-73.947838,5.0
2025-09-16,ROBBERY,5,violent,40.853917,-73.931483,5.0
2025-04-22,ASSAULT 3 & RELATED OFFENSES,4,violent,40.721358,-73.990533,4.0
2025-09-07,ASSAULT 3 & RELATED OFFENSES,4,violent,40.727219,-73.993717,4.0
2025-02-03,ASSAULT 3 & RELATED OFFENSES,4,violent,40.817518,-73.949382,4.0
2026-07-12,ROBBERY,5,violent,40.834912,-73.91127,5.0
2025-12-06,ROBBERY,5,violent,40.81506,-73.947371,5.0
2025-08-08,ASSAULT 3 & RELATED OFFENSES,4,violent,40.810861,-73.953448,4.0
2025-03-07,ASSAULT 3 & RELATED OFFENSES,4,violent,40.706893,-74.000407,4.0
2026-01-06,ROBBERY,5,violent,40.720242,-73.999512,5.0
2026-05-27,ROBBERY,5,violent,40.704863,-73.904035,5.0
2025-05-20,ASSAULT 3 & RELATED OFFENSES,4,violent,40.748209,-74.008592,4.0
2026-04-29,ASSAULT 3 & RELATED OFFENSES,4,violent,40.757932,-73.984678,4.0
2026-05-20,ROBBERY,5,violent,40.756754,-73.991559,5.0
2026-07-28,ASSAULT 3 & RELATED OFFENSES,4,violent,40.735775,-73.907352,4.0
2025-11-26,ROBBERY,5,violent,40.704152,-73.939247,5.0
2025-03-03,ASSAULT 3 & RELATED OFFENSES,4,violent,40.78201,-73.91979,4.0
2026-07-30,ROBBERY,5,violent,40.725021,-74.000164,5.0
2025-04-25,ROBBERY,5,violent,40.758916,-73.988082,5.0
2025-07-07,ASSAULT 3 & RELATED OFFENSES,4,violent,40.710233,-73.916207,4.0
2025-03-12,ROBBERY,5,violent,40.711677,-73.996168,5.0
2025-04-24,ASSAULT 3 & RELATED OFFENSES,4,violent,40.755541,-73.983488,4.0
2026-02-26,ROBBERY,5,violent,40.711386,-74.013558,5.0
2025-04-04,ASSAULT 3 & RELATED OFFENSES,4,violent,40.821524,-73.957421,4.0
2026-02-24,ASSAULT 3 & RELATED OFFENSES,4,violent,40.774134,-73.901734,4.0
2026-03-03,ASSAULT 3 & RELATED OFFENSES,4,violent,40.723124,-73.99644,4.0
2026-04-07,ROBBERY,5,violent,40.758032,-73.985414,5.0
2025-03-12,ROBBERY,5,violent,40.813089,-73.943667,5.0
2026-01-11,ROBBERY,5,violent,40.719895,-73.91135,5.0
2025-01-15,ROBBERY,5,violent,40.805911,-73.949478,5.0
2026-05-23,ROBBERY,5,violent,40.729533,-73.992518,5.0
2026-07-31,ASSAULT 3 & RELATED OFFENSES,4,violent,40.808036,-73.951274,4.0
2025-07-05,ROBBERY,5,violent,40.732307,-73.997296,5.0
2026-03-03,ROBBERY,5,violent,40.728884,-73.996761,5.0
2026-07-25,ROBBERY,5,violent,40.762739,-73.989353,5.0
2026-07-08,ASSAULT 3 & RELATED OFFENSES,4,violent,40.709403,-73.989137,4.0
2026-01-31,ROBBERY,5,violent,40.722157,-73.960512,5.0
2025-06-02,ASSAULT 3 & RELATED OFFENSES,4,violent,40.731884,-73.995288,4.0
2025-06-22,ASSAULT 3 & RELATED OFFENSES,4,violent,40.757252,-73.983848,4.0
2025-05-08,ASSAULT 3 & RELATED OFFENSES,4,violent,40.714266,-73.905375,4.0
2025-07-13,ASSAULT 3 & RELATED OFFENSES,4,violent,40.755688,-73.986895,4.0
2025-10-05,ASSAULT 3 & RELATED OFFENSES,4,violent,40.806883,-73.953222,4.0
2025-07-01,ASSAULT 3 & RELATED OFFENSES,4,violent,40.743048,-74.005122,4.0
2026-07-05,ROBBERY,5,violent,40.806308,-73.957733,5.0
2025-12-22,ASSAULT 3 & RELATED OFFENSES,4,violent,40.726934,-73.997965,4.0
2026-05-28,ROBBERY,5,violent,40.820264,-73.909664,5.0
2026-05-20,ASSAULT 3 & RELATED OFFENSES,4,violent,40.708045,-73.924374,4.0
2026-07-07,ASSAULT 3 & RELATED OFFENSES,4,violent,40.768874,-73.993622,4.0
2026-03-05,ROBBERY,5,violent,40.726632,-73.996029,5.0
2025-11-21,ROBBERY,5,violent,40.797852,-73.940532,5.0
2025-07-31,ROBBERY,5,violent,40.749196,-73.976653,5.0
2025-10-15,ROBBERY,5,violent,40.703145,-73.907987,5.0
2025-06-20,ASSAULT 3 & RELATED OFFENSES,4,violent,40.712443,-73.991783,4.0
2025-08-23,ASSAULT 3 & RELATED OFFENSES,4,violent,40.810049,-73.946692,4.0
2026-03-07,ASSAULT 3 & RELATED OFFENSES,4,violent,40.759284,-73.98287,4.0
2025-12-30,ROBBERY,5,violent,40.808928,-73.943437,5.0
2026-07-05,ASSAULT 3 & RELATED OFFENSES,4,violent,40.876093,-73.913381,4.0
2026-05-01,ROBBERY,5,violent,40.746402,-73.916964,5.0
2025-05-17,ASSAULT 3 & RELATED OFFENSES,4,violent,40.71631,-73.931329,4.0
2026-01-15,ASSAULT 3 & RELATED OFFENSES,4,violent,40.82445,-73.934869,4.0
2026-07-22,ROBBERY,5,violent,40.835125,-73.918867,5.0
2026-02-10,ASSAULT 3 & RELATED OFFENSES,4,violent,40.81308,-73.944154,4.0
2025-08-14,ROBBERY,5,violent,40.732838,-73.996077,5.0
2026-06-19,ASSAULT 3 & RELATED OFFENSES,4,violent,40.755427,-73.964701,4.0
2026-06-16,ASSAULT 3 & RELATED OFFENSES,4,violent,40.763384,-73.988663,4.0
2025-09-18,ROBBERY,5,violent,40.766474,-73.976062,5.0
2025-12-21,ROBBERY,5,violent,40.758607,-73.987757,5.0
2026-05-29,ASSAULT 3 & RELATED OFFENSES,4,violent,40.77483,-73.921436,4.0
2025-05-31,ROBBERY,5,violent,40.817379,-73.948519,5.0
2025-01-25,ASSAULT 3 & RELATED OFFENSES,4,violent,40.808963,-73.947602,4.0
2026-01-31,ROBBERY,5,violent,40.818457,-73.942403,5.0
2026-06-17,ROBBERY,5,violent,40.821564,-73.906395,5.0
2026-04-28,ASSAULT 3 & RELATED OFFENSES,4,violent,40.814509,-73.944962,4.0
2026-07-18,ASSAULT 3 & RELATED OFFENSES,4,violent,40.754721,-73.991367,4.0
2025-03-31,ROBBERY,5,violent,40.719232,-73.929461,5.0
2025-02-28,ROBBERY,5,violent,40.797897,-73.975242,5.0
2026-03-08,ASSAULT 3 & RELATED OFFENSES,4,violent,40.805894,-73.946675,4.0
2025-03-16,ROBBERY,5,violent,40.842158,-73.918113,5.0
2025-09-27,ASSAULT 3 & RELATED OFFENSES,4,violent,40.813395,-73.94988,4.0
2025-09-06,ROBBERY,5,violent,40.71664,-73.986375,5.0
2026-03-03,ASSAULT 3 & RELATED OFFENSES,4,violent,40.727388,-73.997973,4.0
2026-07-26,ROBBERY,5,violent,40.701407,-73.996006,5.0
2025-11-16,ASSAULT 3 & RELATED OFFENSES,4,violent,40.810965,-73.950761,4.0
2026-02-09,ROBBERY,5,violent,40.744984,-74.003192,5.0
2025-03-21,ROBBERY,5,violent,40.731517,-73.926478,5.0
2025-01-01,ROBBERY,5,violent,40.710504,-73.993614,5.0
2025-12-19,ASSAULT 3 & RELATED OFFENSES,4,violent,40.709007,-73.99823,4.0
2026-07-11,ROBBERY,5,violent,40.728381,-73.997864,5.0
2025-01-22,ROBBERY,5,violent,40.807093,-73.945507,5.0
2026-06-24,ASSAULT 3 & RELATED OFFENSES,4,violent,40.718875,-73.965326,4.0
2025-01-05,ASSAULT 3 & RELATED OFFENSES,4,violent,40.806985,-73.945543,4.0
2025-10-11,ROBBERY,5,violent,40.755503,-73.936181,5.0
2026-03-25,ROBBERY,5,violent,40.739827,-73.962323,5.0
2026-06-07,ROBBERY,5,violent,40.812732,-73.960896,5.0
2025-07-20,ASSAULT 3 & RELATED OFFENSES,4,violent,40.815644,-73.908191,4.0
2026-04-23,ASSAULT 3 & RELATED OFFENSES,4,violent,40.756605,-73.985028,4.0
2025-04-13,ROBBERY,5,violent,40.813579,-73.907913,5.0
2025-11-20,ASSAULT 3 & RELATED OFFENSES,4,violent,40.710239,-73.995298,4.0
2026-04-04,ROBBERY,5,violent,40.709924,-74.003654,5.0
2025-06-11,ROBBERY,5,violent,40.851808,-73.930704,5.0
2025-06-01,ROBBERY,5,violent,40.756935,-73.988097,5.0
2025-06-20,ROBBERY,5,violent,40.700623,-73.991756,5.0
2025-06-11,ROBBERY,5,violent,40.794944,-73.96269,5.0
2026-05-13,ASSAULT 3 & RELATED OFFENSES,4,violent,40.708177,-73.925332,4.0
2025-09-15,ASSAULT 3 & RELATED OFFENSES,4,violent,40.756978,-73.931635,4.0
2025-12-28,ROBBERY,5,violent,40.75771,-73.986893,5.0
2026-01-05,ROBBERY,5,violent,40.735036,-73.997635,5.0
2025-09-18,ROBBERY,5,violent,40.879542,-73.901575,5.0
2026-04-03,ROBBERY,5,violent,40.805696,-73.950024,5.0
2026-03-23,ROBBERY,5,violent,40.755775,-73.933755,5.0
2026-07-27,ROBBERY,5,violent,40.760756,-73.985433,5.0
2026-01-22,ROBBERY,5,violent,40.728339,-73.99814,5.0
2025-08-12,ASSAULT 3 & RELATED OFFENSES,4,violent,40.814598,-73.939109,4.0
2025-07-08,ROBBERY,5,violent,40.730495,-73.995402,5.0
2026-05-24,ROBBERY,5,violent,40.727252,-73.997573,5.0
2026-04-10,ROBBERY,5,violent,40.724575,-73.949513,5.0
2026-04-04,ASSAULT 3 & RELATED OFFENSES,4,violent,40.722377,-73.941903,4.0
2025-03-08,ASSAULT 3 & RELATED OFFENSES,4,violent,40.702147,-73.994305,4.0
2025-04-27,ASSAULT 3 & RELATED OFFENSES,4,violent,40.75494,-73.984534,4.0
2025-12-18,ASSAULT 3 & RELATED OFFENSES,4,violent,40.813654,-73.950146,4.0
2026-04-15,ASSAULT 3 & RELATED OFFENSES,4,violent,40.769058,-73.983648,4.0
2025-11-16,ROBBERY,5,violent,40.73297,-73.997391,5.0
2026-04-08,ASSAULT 3 & RELATED OFFENSES,4,violent,40.708348,-73.991809,4.0
2026-06-28,ASSAULT 3 & RELATED OFFENSES,4,violent,40.765954,-73.927851,4.0
2025-09-24,ROBBERY,5,violent,40.752088,-73.981748,5.0
2026-02-12,ROBBERY,5,violent,40.811057,-73.947894,5.0
2025-12-19,ASSAULT 3 & RELATED OFFENSES,4,violent,40.812024,-73.946828,4.0
2025-12-29,ASSAULT 3 & RELATED OFFENSES,4,violent,40.796369,-73.963664,4.0
2025-11-27,ROBBERY,5,violent,40.791017,-73.956865,5.0
2025-03-01,ROBBERY,5,violent,40.807958,-73.947346,5.0
2025-03-25,ASSAULT 3 & RELATED OFFENSES,4,violent,40.749409,-73.915523,4.0
2025-06-22,ROBBERY,5,violent,40.726155,-73.996905,5.0
2026-01-19,ROBBERY,5,violent,40.815402,-73.950281,5.0
2025-04-27,ASSAULT 3 & RELATED OFFENSES,4,violent,40.773325,-73.967773,4.0
2025-08-19,ASSAULT 3 & RELATED OFFENSES,4,violent,40.766562,-73.924121,4.0
2025-05-03,ASSAULT 3 & RELATED OFFENSES,4,violent,40.765077,-73.935329,4.0
2025-03-04,ROBBERY,5,violent,40.730158,-73.996095,5.0
2025-12-14,ASSAULT 3 & RELATED OFFENSES,4,violent,40.704042,-73.992772,4.0
2025-11-23,ASSAULT 3 & RELATED OFFENSES,4,violent,40.735708,-73.911005,4.0
2025-06-24,ASSAULT 3 & RELATED OFFENSES,4,violent,40.745616,-73.980931,4.0
2025-11-29,ROBBERY,5,violent,40.838035,-73.930506,5.0
2025-03-01,ASSAULT 3 & RELATED OFFENSES,4,violent,40.729764,-74.002417,4.0
2026-05-30,ROBBERY,5,violent,40.806939,-73.950485,5.0
2026-05-02,ASSAULT 3 & RELATED OFFENSES,4,violent,40.820447,-73.942387,4.0
2026-02-16,ROBBERY,5,violent,40.778199,-73.957755,5.0
2025-02-22,ASSAULT 3 & RELATED OFFENSES,4,violent,40.710919,-73.92873,4.0
2025-06-09,ASSAULT 3 & RELATED OFFENSES,4,violent,40.73756,-73.973387,4.0
2025-04-24,ROBBERY,5,violent,40.823322,-73.921753,5.0
2025-01-26,ROBBERY,5,violent,40.762999,-73.944689,5.0
2025-12-08,ROBBERY,5,violent,40.702008,-73.995216,5.0
2025-06-30,ASSAULT 3 & RELATED OFFENSES,4,violent,40.808492,-73.948082,4.0
2026-01-13,ROBBERY,5,violent,40.769077,-73.948503,5.0
2025-07-15,ASSAULT 3 & RELATED OFFENSES,4,violent,40.766089,-73.927001,4.0
2025-07-23,ROBBERY,5,violent,40.733187,-73.998106,5.0
2025-03-26,ASSAULT 3 & RELATED OFFENSES,4,violent,40.810055,-73.952171,4.0
2025-03-13,ASSAULT 3 & RELATED OFFENSES,4,violent,40.814284,-73.947347,4.0
2025-10-25,ASSAULT 3 & RELATED OFFENSES,4,violent,40.817596,-73.949244,4.0
2026-07-17,ROBBERY,5,violent,40.72992,-73.996271,5.0
2025-02-24,ROBBERY,5,violent,40.704872,-73.994899,5.0
2026-01-26,ASSAULT 3 & RELATED OFFENSES,4,violent,40.729562,-73.996456,4.0
2025-09-14,ROBBERY,5,violent,40.799085,-73.953135,5.0
2025-12-02,ROBBERY,5,violent,40.748475,-73.989889,5.0
2026-07-08,ROBBERY,5,violent,40.756789,-73.98869,5.0
2026-04-22,ROBBERY,5,violent,40.728842,-74.000336,5.0
2025-11-12,ROBBERY,5,violent,40.732907,-73.994189,5.0
2025-02-12,ROBBERY,5,violent,40.762153,-73.984783,5.0
2025-05-15,ROBBERY,5,violent,40.731687,-73.993357,5.0
2025-03-30,ROBBERY,5,violent,40.731152,-73.999274,5.0
2025-08-24,ROBBERY,5,violent,40.810685,-73.947931,5.0
2025-01-23,ROBBERY,5,violent,40.754241,-73.980333,5.0
2026-01-20,ROBBERY,5,violent,40.8188,-73.957239,5.0
2025-05-19,ROBBERY,5,violent,40.756263,-73.99151,5.0
2025-10-18,ROBBERY,5,violent,40.756158,-73.991199,5.0
2025-10-23,ASSAULT 3 & RELATED OFFENSES,4,violent,40.759319,-73.990728,4.0
2026-01-22,ROBBERY,5,violent,40.811572,-73.938388,5.0
2026-01-02,ROBBERY,5,violent,40.853951,-73.929507,5.0
2026-05-06,ASSAULT 3 & RELATED OFFENSES,4,violent,40.802167,-73.937912,4.0
2025-10-18,ROBBERY,5,violent,40.70857,-73.928365,5.0
2026-03-23,ASSAULT 3 & RELATED OFFENSES,4,violent,40.728803,-73.997883,4.0
2025-07-25,ASSAULT 3 & RELATED OFFENSES,4,violent,40.70745,-74.000846,4.0
2026-03-22,ROBBERY,5,violent,40.806982,-73.94305,5.0
2025-09-19,ROBBERY,5,violent,40.796988,-73.934812,5.0
2025-07-07,ROBBERY,5,violent,40.760503,-73.921465,5.0
2026-06-14,ROBBERY,5,violent,40.752543,-73.985315,5.0
2025-09-24,ROBBERY,5,violent,40.771144,-73.914847,5.0
2025-12-13,ASSAULT 3 & RELATED OFFENSES,4,violent,40.724672,-73.999124,4.0
2025-04-11,ROBBERY,5,violent,40.747454,-74.002697,5.0
2025-05-23,ASSAULT 3 & RELATED OFFENSES,4,violent,40.726862,-73.998236,4.0
2026-06-27,ROBBERY,5,violent,40.813901,-73.947884,5.0
2025-11-02,ASSAULT 3 & RELATED OFFENSES,4,violent,40.738517,-73.932987,4.0
2025-04-25,ASSAULT 3 & RELATED OFFENSES,4,violent,40.759724,-73.985778,4.0
2025-11-07,ASSAULT 3 & RELATED OFFENSES,4,violent,40.812758,-73.944762,4.0
2026-07-03,ROBBERY,5,violent,40.709286,-73.999851,5.0
2025-11-21,ROBBERY,5,violent,40.757931,-73.983475,5.0
2025-02-10,ROBBERY,5,violent,40.803748,-73.939209,5.0
2026-07-10,ASSAULT 3 & RELATED OFFENSES,4,violent,40.72935,-73.996452,4.0
2025-03-18,ROBBERY,5,violent,40.763769,-73.985147,5.0
2026-05-03,ASSAULT 3 & RELATED OFFENSES,4,violent,40.728263,-73.996176,4.0
2025-02-28,ROBBERY,5,violent,40.77186,-73.981976,5.0
2025-11-09,ASSAULT 3 & RELATED OFFENSES,4,violent,40.808357,-73.9476,4.0
2026-04-08,ROBBERY,5,violent,40.742988,-73.999378,5.0
2025-12-11,ASSAULT 3 & RELATED OFFENSES,4,violent,40.812998,-73.947697,4.0
2026-01-15,ROBBERY,5,violent,40.752121,-73.985914,5.0
2026-04-21,ROBBERY,5,violent,40.75153,-73.979668,5.0
2025-09-16,ASSAULT 3 & RELATED OFFENSES,4,violent,40.709888,-74.000621,4.0
2025-01-30,ROBBERY,5,violent,40.823827,-73.902859,5.0
2025-07-30,ASSAULT 3 & RELATED OFFENSES,4,violent,40.712168,-73.949942,4.0
2026-07-22,ASSAULT 3 & RELATED OFFENSES,4,violent,40.815138,-73.944843,4.0
2025-03-21,ASSAULT 3 & RELATED OFFENSES,4,violent,40.73127,-73.997723,4.0
2025-03-16,ASSAULT 3 & RELATED OFFENSES,4,violent,40.709966,-73.995611,4.0
2025-09-22,ROBBERY,5,violent,40.749519,-73.983891,5.0
2025-01-01,ROBBERY,5,violent,40.730878,-73.999439,5.0
2025-07-09,ROBBERY,5,violent,40.836445,-73.918661,5.0
2025-03-12,ASSAULT 3 & RELATED OFFENSES,4,violent,40.79873,-73.976013,4.0
2025-01-09,ASSAULT 3 & RELATED OFFENSES,4,violent,40.731428,-73.9266,4.0
2025-04-29,ROBBERY,5,violent,40.707227,-74.0025,5.0
2026-03-31,ASSAULT 3 & RELATED OFFENSES,4,violent,40.717708,-73.955609,4.0
2026-01-27,ROBBERY,5,violent,40.708472,-74.001634,5.0
2025-05-01,ROBBERY,5,violent,40.816991,-73.935558,5.0
2026-04-29,ROBBERY,5,violent,40.728569,-73.992456,5.0
2025-12-25,ASSAULT 3 & RELATED OFFENSES,4,violent,40.732049,-73.999903,4.0
2025-02-09,ROBBERY,5,violent,40.727968,-73.99441,5.0
2026-06-27,ROBBERY,5,violent,40.753008,-73.989079,5.0
2025-12-06,ASSAULT 3 & RELATED OFFENSES,4,violent,40.733762,-73.994345,4.0
2026-07-23,ASSAULT 3 & RELATED OFFENSES,4,violent,40.728792,-73.999932,4.0
2025-09-06,ASSAULT 3 & RELATED OFFENSES,4,violent,40.734707,-73.990962,4.0
2026-01-20,ASSAULT 3 & RELATED OFFENSES,4,violent,40.700908,-73.962534,4.0
2026-03-01,ASSAULT 3 & RELATED OFFENSES,4,violent,40.78911,-73.972138,4.0
2025-01-16,ASSAULT 3 & RELATED OFFENSES,4,violent,40.795283,-73.941884,4.0
2025-11-09,ASSAULT 3 & RELATED OFFENSES,4,violent,40.733634,-73.977153,4.0
2026-04-28,ROBBERY,5,violent,40.776686,-73.933273,5.0
2026-07-31,ASSAULT 3 & RELATED OFFENSES,4,violent,40.761418,-73.98981,4.0
2026-03-01,ASSAULT 3 & RELATED OFFENSES,4,violent,40.727317,-73.99793,4.0
2025-08-30,ASSAULT 3 & RELATED OFFENSES,4,violent,40.706147,-74.00191,4.0
2026-02-22,ROBBERY,5,violent,40.761002,-73.987335,5.0
2026-07-25,ASSAULT 3 & RELATED OFFENSES,4,violent,40.754873,-73.901904,4.0
2025-05-29,ASSAULT 3 & RELATED OFFENSES,4,violent,40.728289,-73.999552,4.0
2026-01-10,ASSAULT 3 & RELATED OFFENSES,4,violent,40.756442,-73.981443,4.0
2025-01-28,ASSAULT 3 & RELATED OFFENSES,4,violent,40.704283,-73.995505,4.0
2025-11-05,ROBBERY,5,violent,40.762653,-73.995583,5.0
2026-06-28,ASSAULT 3 & RELATED OFFENSES,4,violent,40.77673,-73.981945,4.0
2026-02-04,ASSAULT 3 & RELATED OFFENSES,4,violent,40.722857,-74.006593,4.0
2026-03-28,ASSAULT 3 & RELATED OFFENSES,4,violent,40.729023,-73.994359,4.0
2025-12-23,ROBBERY,5,violent,40.758463,-73.981866,5.0
2025-04-01,ASSAULT 3 & RELATED OFFENSES,4,violent,40.734259,-73.955537,4.0
2026-01-30,ROBBERY,5,violent,40.8075,-73.948387,5.0
2025-11-22,ROBBERY,5,violent,40.810532,-73.949154,5.0
2025-05-21,ASSAULT 3 & RELATED OFFENSES,4,violent,40.813613,-73.930295,4.0
2026-03-11,ASSAULT 3 & RELATED OFFENSES,4,violent,40.799165,-73.950551,4.0
2026-05-10,ASSAULT 3 & RELATED OFFENSES,4,violent,40.733386,-73.954809,4.0
2025-01-26,ROBBERY,5,violent,40.762451,-73.992409,5.0
2025-09-18,ROBBERY,5,violent,40.708381,-73.997363,5.0
2026-06-07,ROBBERY,5,violent,40.817286,-73.947885,5.0
2026-04-07,ASSAULT 3 & RELATED OFFENSES,4,violent,40.826806,-73.947503,4.0
2025-09-15,ASSAULT 3 & RELATED OFFENSES,4,violent,40.722381,-73.995927,4.0
2025-07-16,ASSAULT 3 & RELATED OFFENSES,4,violent,40.70465,-73.995651,4.0
2025-03-17,ASSAULT 3 & RELATED OFFENSES,4,violent,40.709135,-73.948327,4.0
2025-05-20,ASSAULT 3 & RELATED OFFENSES,4,violent,40.715285,-73.939977,4.0
2025-05-16,ROBBERY,5,violent,40.727512,-73.957406,5.0
2025-04-01,ASSAULT 3 & RELATED OFFENSES,4,violent,40.731277,-73.996931,4.0
2025-08-08,ASSAULT 3 & RELATED OFFENSES,4,violent,40.812408,-73.940881,4.0
2025-11-23,ASSAULT 3 & RELATED OFFENSES,4,violent,40.810062,-73.967251,4.0
2025-11-16,ROBBERY,5,violent,40.81136,-73.946561,5.0
2025-05-11,ROBBERY,5,violent,40.793944,-73.950888,5.0
2026-04-14,ASSAULT 3 & RELATED OFFENSES,4,violent,40.728021,-74.000841,4.0
2025-06-22,ASSAULT 3 & RELATED OFFENSES,4,violent,40.71222,-73.993961,4.0
2025-12-07,ASSAULT 3 & RELATED OFFENSES,4,violent,40.76969,-73.958359,4.0
2025-07-20,ASSAULT 3 & RELATED OFFENSES,4,violent,40.735117,-73.997256,4.0
2025-07-27,ASSAULT 3 & RELATED OFFENSES,4,violent,40.809906,-73.944924,4.0
2026-05-25,ROBBERY,5,violent,40.732525,-73.991507,5.0
2025-02-10,ROBBERY,5,violent,40.757454,-73.980225,5.0
2025-07-05,ASSAULT 3 & RELATED OFFENSES,4,violent,40.712162,-74.001285,4.0
2026-03-19,ASSAULT 3 & RELATED OFFENSES,4,violent,40.765374,-73.992809,4.0
2025-02-14,ROBBERY,5,violent,40.70765,-73.917832,5.0
2026-06-26,ASSAULT 3 & RELATED OFFENSES,4,violent,40.701002,-73.938521,4.0
2026-06-10,ROBBERY,5,violent,40.807644,-73.91816,5.0
2026-01-31,ROBBERY,5,violent,40.732114,-73.998354,5.0
2025-03-02,ROBBERY,5,violent,40.805946,-73.907841,5.0
2025-10-20,ROBBERY,5,violent,40.762726,-73.978855,5.0
2025-09-01,ROBBERY,5,violent,40.729488,-73.99333,5.0
2025-11-09,ROBBERY,5,violent,40.70242,-73.994911,5.0
2025-06-06,ASSAULT 3 & RELATED OFFENSES,4,violent,40.811748,-73.93924,4.0
2026-07-16,ASSAULT 3 & RELATED OFFENSES,4,violent,40.729328,-73.95019,4.0
2025-05-28,ASSAULT 3 & RELATED OFFENSES,4,violent,40.741947,-73.98817,4.0
2025-12-07,ASSAULT 3 & RELATED OFFENSES,4,violent,40.805384,-73.938026,4.0
2025-09-08,ROBBERY,5,violent,40.808954,-73.94454,5.0
2026-04-21,ASSAULT 3 & RELATED OFFENSES,4,violent,40.801655,-73.934767,4.0
2026-07-16,ASSAULT 3 & RELATED OFFENSES,4,violent,40.771735,-73.962204,4.0
2025-03-15,ASSAULT 3 & RELATED OFFENSES,4,violent,40.805032,-73.944314,4.0
2026-02-13,ASSAULT 3 & RELATED OFFENSES,4,violent,40.787339,-73.956438,4.0
2026-01-06,ASSAULT 3 & RELATED OFFENSES,4,violent,40.760188,-73.986362,4.0
2025-12-16,ROBBERY,5,violent,40.854622,-73.909537,5.0
2026-01-14,ASSAULT 3 & RELATED OFFENSES,4,violent,40.730974,-73.995233,4.0
2025-11-05,ROBBERY,5,violent,40.759466,-73.984153,5.0
2026-02-23,ASSAULT 3 & RELATED OFFENSES,4,violent,40.780772,-73.975447,4.0
2026-04-10,ASSAULT 3 & RELATED OFFENSES,4,violent,40.727381,-73.997568,4.0
2025-01-11,ASSAULT 3 & RELATED OFFENSES,4,violent,40.725998,-73.932006,4.0
2025-10-15,ASSAULT 3 & RELATED OFFENSES,4,violent,40.780536,-73.951408,4.0
2025-09-18,ROBBERY,5,violent,40.764704,-73.956224,5.0
2025-09-10,ASSAULT 3 & RELATED OFFENSES,4,violent,40.814867,-73.935406,4.0
2025-09-05,ASSAULT 3 & RELATED OFFENSES,4,violent,40.811116,-73.949132,4.0
2026-06-06,ROBBERY,5,violent,40.726222,-73.999563,5.0
2025-02-25,ASSAULT 3 & RELATED OFFENSES,4,violent,40.755364,-73.982373,4.0
2025-12-25,ASSAULT 3 & RELATED OFFENSES,4,violent,40.705399,-74.001554,4.0
2026-03-12,ROBBERY,5,violent,40.814373,-73.948371,5.0
2025-02-04,ROBBERY,5,violent,40.704794,-73.99549,5.0
2025-08-18,ASSAULT 3 & RELATED OFFENSES,4,violent,40.747386,-73.949764,4.0
2025-08-02,ROBBERY,5,violent,40.713633,-73.997161,5.0
2026-04-02,ROBBERY,5,violent,40.819991,-73.944861,5.0
2025-12-10,ASSAULT 3 & RELATED OFFENSES,4,violent,40.729473,-73.994719,4.0
2025-12-15,ASSAULT 3 & RELATED OFFENSES,4,violent,40.703157,-73.995679,4.0
2026-01-27,ASSAULT 3 & RELATED OFFENSES,4,violent,40.733709,-73.978303,4.0
2025-11-27,ROBBERY,5,violent,40.770065,-73.916181,5.0
2026-06-02,ROBBERY,5,violent,40.732529,-73.996902,5.0
2026-07-19,ASSAULT 3 & RELATED OFFENSES,4,violent,40.772833,-73.919486,4.0
2025-04-13,ROBBERY,5,violent,40.812406,-73.943338,5.0
2025-12-29,ROBBERY,5,violent,40.819637,-73.946477,5.0
2026-01-11,ASSAULT 3 & RELATED OFFENSES,4,violent,40.810744,-73.94837,4.0
2025-10-31,ASSAULT 3 & RELATED OFFENSES,4,violent,40.804079,-73.968974,4.0
2025-02-05,ASSAULT 3 & RELATED OFFENSES,4,violent,40.746993,-73.943368,4.0
2025-08-16,ROBBERY,5,violent,40.811465,-73.947375,5.0
2026-04-28,ROBBERY,5,violent,40.728528,-73.999032,5.0
2025-04-18,ASSAULT 3 & RELATED OFFENSES,4,violent,40.730248,-73.997122,4.0
2025-02-04,ASSAULT 3 & RELATED OFFENSES,4,violent,40.806148,-73.949236,4.0
2026-05-31,ASSAULT 3 & RELATED OFFENSES,4,violent,40.714619,-73.930842,4.0
2025-06-29,ROBBERY,5,violent,40.753569,-73.968866,5.0
2025-06-07,ASSAULT 3 & RELATED OFFENSES,4,violent,40.831703,-73.946128,4.0
2026-06-25,ASSAULT 3 & RELATED OFFENSES,4,violent,40.715456,-73.918919,4.0
2025-01-25,ASSAULT 3 & RELATED OFFENSES,4,violent,40.757245,-73.981612,4.0
2025-02-10,ROBBERY,5,violent,40.760646,-73.986675,5.0
2026-05-25,ROBBERY,5,violent,40.769492,-73.953418,5.0
2025-08-31,ROBBERY,5,violent,40.712879,-73.915045,5.0
2026-07-24,ROBBERY,5,violent,40.705091,-73.913758,5.0
2025-06-06,ASSAULT 3 & RELATED OFFENSES,4,violent,40.703833,-73.930878,4.0
2025-05-19,ASSAULT 3 & RELATED OFFENSES,4,violent,40.824445,-73.927567,4.0
2026-02-04,ROBBERY,5,violent,40.727365,-73.996019,5.0
2026-04-05,ASSAULT 3 & RELATED OFFENSES,4,violent,40.712941,-73.906504,4.0
2025-09-21,ASSAULT 3 & RELATED OFFENSES,4,violent,40.764499,-73.988748,4.0
2025-04-12,ROBBERY,5,violent,40.761531,-73.984325,5.0
2026-05-21,ASSAULT 3 & RELATED OFFENSES,4,violent,40.781075,-73.945555,4.0
2026-01-15,ROBBERY,5,violent,40.757342,-73.978378,5.0
2025-07-30,ROBBERY,5,violent,40.849378,-73.909825,5.0
2026-03-12,ROBBERY,5,violent,40.717578,-73.980913,5.0
2025-11-03,ROBBERY,5,violent,40.806913,-73.945876,5.0
2026-07-13,ASSAULT 3 & RELATED OFFENSES,4,violent,40.806622,-73.946149,4.0
2025-01-10,ASSAULT 3 & RELATED OFFENSES,4,violent,40.756171,-73.988775,4.0
2025-04-14,ASSAULT 3 & RELATED OFFENSES,4,violent,40.727043,-73.993384,4.0
2025-07-06,ROBBERY,5,violent,40.811651,-73.947148,5.0
2025-07-11,ASSAULT 3 & RELATED OFFENSES,4,violent,40.752584,-73.986335,4.0
2026-04-24,ASSAULT 3 & RELATED OFFENSES,4,violent,40.72787,-73.999208,4.0
2025-02-20,ROBBERY,5,violent,40.809654,-73.941363,5.0
2025-07-02,ROBBERY,5,violent,40.759468,-73.98628,5.0
2026-07-07,ROBBERY,5,violent,40.728085,-73.997451,5.0
2025-04-16,ROBBERY,5,violent,40.728658,-74.00025,5.0
2025-07-08,ROBBERY,5,violent,40.704325,-73.995407,5.0
2025-10-25,ASSAULT 3 & RELATED OFFENSES,4,violent,40.811542,-73.945325,4.0
2025-03-26,ASSAULT 3 & RELATED OFFENSES,4,violent,40.767406,-73.988614,4.0
2025-04-13,ASSAULT 3 & RELATED OFFENSES,4,violent,40.731146,-73.994125,4.0
2026-04-22,ROBBERY,5,violent,40.782202,-73.953164,5.0
2026-05-20,ASSAULT 3 & RELATED OFFENSES,4,violent,40.760067,-73.991678,4.0
2025-09-19,ROBBERY,5,violent,40.755402,-73.986525,5.0
2026-03-04,ROBBERY,5,violent,40.733526,-73.999333,5.0
2026-01-14,ASSAULT 3 & RELATED OFFENSES,4,violent,40.777549,-73.951365,4.0
2026-05-09,ASSAULT 3 & RELATED OFFENSES,4,violent,40.812566,-73.946324,4.0
2025-06-24,ASSAULT 3 & RELATED OFFENSES,4,violent,40.780072,-73.906248,4.0
2025-04-09,ASSAULT 3 & RELATED OFFENSES,4,violent,40.752093,-73.990461,4.0
2025-06-13,ASSAULT 3 & RELATED OFFENSES,4,violent,40.811984,-73.954503,4.0
2025-08-25,ROBBERY,5,violent,40.726209,-73.997998,5.0
2025-09-19,ASSAULT 3 & RELATED OFFENSES,4,violent,40.727579,-73.995699,4.0
2025-09-14,ASSAULT 3 & RELATED OFFENSES,4,violent,40.768829,-73.99368,4.0
2025-12-08,ROBBERY,5,violent,40.757682,-73.987511,5.0
2026-06-11,ROBBERY,5,violent,40.820284,-73.946225,5.0
2026-01-29,ASSAULT 3 & RELATED OFFENSES,4,violent,40.710494,-74.000618,4.0
2026-01-28,ASSAULT 3 & RELATED OFFENSES,4,violent,40.710736,-73.99967,4.0
2026-06-29,ROBBERY,5,violent,40.761773,-73.976452,5.0
2025-04-18,ASSAULT 3 & RELATED OFFENSES,4,violent,40.729541,-73.995498,4.0
2026-04-14,ROBBERY,5,violent,40.850262,-73.926234,5.0
2025-07-04,ROBBERY,5,violent,40.815605,-73.94769,5.0
2025-08-05,ASSAULT 3 & RELATED OFFENSES,4,violent,40.708204,-73.996828,4.0
2025-09-14,ROBBERY,5,violent,40.728938,-73.995351,5.0
2025-02-20,ROBBERY,5,violent,40.762821,-73.978941,5.0
2026-06-14,ASSAULT 3 & RELATED OFFENSES,4,violent,40.7639,-73.990648,4.0
2025-03-07,ASSAULT 3 & RELATED OFFENSES,4,violent,40.814141,-73.910155,4.0
2026-05-06,ASSAULT 3 & RELATED OFFENSES,4,violent,40.710623,-73.999576,4.0
2026-02-06,ASSAULT 3 & RELATED OFFENSES,4,violent,40.711909,-73.949404,4.0
2026-06-08,ASSAULT 3 & RELATED OFFENSES,4,violent,40.804906,-73.942092,4.0
2025-04-25,ROBBERY,5,violent,40.708861,-73.998419,5.0
2026-03-27,ASSAULT 3 & RELATED OFFENSES,4,violent,40.811644,-73.937792,4.0
2025-11-09,ASSAULT 3 & RELATED OFFENSES,4,violent,40.709814,-73.907876,4.0
2025-06-05,ROBBERY,5,violent,40.721241,-73.996743,5.0
2026-06-25,ASSAULT 3 & RELATED OFFENSES,4,violent,40.756311,-73.983433,4.0
2025-02-23,ROBBERY,5,violent,40.736563,-73.996612,5.0
2026-07-12,ROBBERY,5,violent,40.807794,-73.947737,5.0
2025-09-11,ASSAULT 3 & RELATED OFFENSES,4,violent,40.727064,-73.992918,4.0
2025-01-06,ROBBERY,5,violent,40.760487,-73.985497,5.0
2025-05-02,ASSAULT 3 & RELATED OFFENSES,4,violent,40.727279,-73.999079,4.0
2026-03-22,ROBBERY,5,violent,40.73832,-73.932065,5.0
2025-02-27,ASSAULT 3 & RELATED OFFENSES,4,violent,40.73552,-73.990784,4.0
2026-04-10,ROBBERY,5,violent,40.815309,-73.934381,5.0
2026-06-26,ASSAULT 3 & RELATED OFFENSES,4,violent,40.758411,-73.986128,4.0
2025-02-17,ASSAULT 3 & RELATED OFFENSES,4,violent,40.762506,-73.984052,4.0
2025-06-25,ASSAULT 3 & RELATED OFFENSES,4,violent,40.70351,-73.990982,4.0
2025-07-11,ROBBERY,5,violent,40.727979,-73.99602,5.0
2025-02-04,ROBBERY,5,violent,40.705686,-74.0014,5.0
2026-01-13,ASSAULT 3 & RELATED OFFENSES,4,violent,40.876395,-73.900714,4.0
2026-03-16,ASSAULT 3 & RELATED OFFENSES,4,violent,40.790317,-73.981862,4.0
2026-03-16,ROBBERY,5,violent,40.750123,-73.985252,5.0
2025-08-09,ASSAULT 3 & RELATED OFFENSES,4,violent,40.730219,-73.994713,4.0
2026-03-20,ASSAULT 3 & RELATED OFFENSES,4,violent,40.704611,-73.994681,4.0
2026-02-12,ASSAULT 3 & RELATED OFFENSES,4,violent,40.715508,-73.962841,4.0
2026-04-21,ROBBERY,5,violent,40.810321,-73.945411,5.0
2025-06-05,ASSAULT 3 & RELATED OFFENSES,4,violent,40.817352,-73.947676,4.0
2025-12-14,ROBBERY,5,violent,40.775664,-73.924894,5.0
2026-05-04,ROBBERY,5,violent,40.72591,-73.996169,5.0
2025-06-24,ROBBERY,5,violent,40.810598,-73.948639,5.0
2026-01-06,ROBBERY,5,violent,40.731506,-74.000795,5.0
2025-11-27,ASSAULT 3 & RELATED OFFENSES,4,violent,40.733795,-74.001254,4.0
2026-02-22,ROBBERY,5,violent,40.810313,-73.960563,5.0
2025-03-13,ROBBERY,5,violent,40.81001,-73.945406,5.0
2025-10-17,ROBBERY,5,violent,40.753145,-73.981137,5.0
2026-03-18,ROBBERY,5,violent,40.793029,-73.974847,5.0
2025-10-03,ASSAULT 3 & RELATED OFFENSES,4,violent,40.729433,-73.994831,4.0
2025-09-10,ROBBERY,5,violent,40.757765,-73.99173,5.0
2025-05-31,ROBBERY,5,violent,40.863873,-73.92312,5.0
2025-07-30,ASSAULT 3 & RELATED OFFENSES,4,violent,40.811532,-73.948365,4.0
2025-11-02,ROBBERY,5,violent,40.814541,-73.949664,5.0
2025-03-02,ROBBERY,5,violent,40.742913,-73.94946,5.0
2025-06-02,ASSAULT 3 & RELATED OFFENSES,4,violent,40.725851,-73.933215,4.0
2026-07-22,ASSAULT 3 & RELATED OFFENSES,4,violent,40.730603,-73.993938,4.0
2025-12-01,ROBBERY,5,violent,40.725428,-73.996143,5.0
2026-04-06,ASSAULT 3 & RELATED OFFENSES,4,violent,40.810016,-73.953973,4.0
2026-01-05,ASSAULT 3 & RELATED OFFENSES,4,violent,40.77775,-73.964833,4.0
2025-04-25,ROBBERY,5,violent,40.727543,-73.99862,5.0
2026-03-06,ASSAULT 3 & RELATED OFFENSES,4,violent,40.704997,-73.994364,4.0
2025-06-20,ASSAULT 3 & RELATED OFFENSES,4,violent,40.728562,-73.991682,4.0
2026-06-22,ASSAULT 3 & RELATED OFFENSES,4,violent,40.823687,-73.944743,4.0
2025-08-13,ROBBERY,5,violent,40.748223,-73.985051,5.0
2025-09-17,ASSAULT 3 & RELATED OFFENSES,4,violent,40.762732,-73.984591,4.0
2025-10-23,ROBBERY,5,violent,40.738553,-73.90098,5.0
2025-08-08,ROBBERY,5,violent,40.759491,-73.985047,5.0
2025-12-02,ASSAULT 3 & RELATED OFFENSES,4,violent,40.751388,-73.999945,4.0
2026-06-07,ROBBERY,5,violent,40.759261,-73.987528,5.0
2025-08-08,ASSAULT 3 & RELATED OFFENSES,4,violent,40.722854,-73.994545,4.0
2026-06-18,ROBBERY,5,violent,40.807255,-73.944123,5.0
2026-03-07,ROBBERY,5,violent,40.727347,-73.927287,5.0
2026-03-30,ASSAULT 3 & RELATED OFFENSES,4,violent,40.708459,-73.994874,4.0
2026-03-08,ASSAULT 3 & RELATED OFFENSES,4,violent,40.798008,-73.966367,4.0
2025-01-11,ROBBERY,5,violent,40.72455,-73.992001,5.0
2026-03-27,ASSAULT 3 & RELATED OFFENSES,4,violent,40.700364,-73.953912,4.0
2026-04-15,ASSAULT 3 & RELATED OFFENSES,4,violent,40.724526,-73.996472,4.0
2025-03-03,ASSAULT 3 & RELATED OFFENSES,4,violent,40.704278,-73.995047,4.0
2026-07-31,ASSAULT 3 & RELATED OFFENSES,4,violent,40.812248,-73.944954,4.0
2026-04-21,ROBBERY,5,violent,40.761323,-73.988669,5.0
2026-05-19,ASSAULT 3 & RELATED OFFENSES,4,violent,40.704541,-73.993714,4.0
2025-09-03,ROBBERY,5,violent,40.820231,-73.940449,5.0
2026-01-15,ASSAULT 3 & RELATED OFFENSES,4,violent,40.72703,-73.993636,4.0
2026-04-30,ROBBERY,5,violent,40.758597,-73.986028,5.0
2025-05-11,ASSAULT 3 & RELATED OFFENSES,4,violent,40.764611,-73.983697,4.0
2025-07-14,ASSAULT 3 & RELATED OFFENSES,4,violent,40.732131,-73.997517,4.0
2026-06-07,ROBBERY,5,violent,40.75675,-73.991735,5.0
2026-07-24,ASSAULT 3 & RELATED OFFENSES,4,violent,40.728217,-74.002413,4.0
2025-11-29,ROBBERY,5,violent,40.820189,-73.94589,5.0
2025-09-01,ASSAULT 3 & RELATED OFFENSES,4,violent,40.734935,-73.992774,4.0
2025-11-07,ROBBERY,5,violent,40.726711,-73.998154,5.0
2025-08-06,ROBBERY,5,violent,40.727068,-73.983272,5.0
2025-09-22,ROBBERY,5,violent,40.756497,-73.980903,5.0
2026-02-20,ROBBERY,5,violent,40.730401,-73.913882,5.0
2025-06-16,ROBBERY,5,violent,40.744055,-74.007045,5.0
2026-04-08,ROBBERY,5,violent,40.741142,-73.951255,5.0
2026-05-13,ROBBERY,5,violent,40.748658,-73.987618,5.0
2026-03-14,ROBBERY,5,violent,40.762379,-73.982703,5.0
2026-02-26,ASSAULT 3 & RELATED OFFENSES,4,violent,40.73649,-73.980841,4.0
2025-10-03,ASSAULT 3 & RELATED OFFENSES,4,violent,40.71519,-73.948251,4.0
2025-06-25,ASSAULT 3 & RELATED OFFENSES,4,violent,40.811454,-73.951081,4.0
2026-01-28,ROBBERY,5,violent,40.724411,-73.97928,5.0
2025-02-23,ASSAULT 3 & RELATED OFFENSES,4,violent,40.817575,-73.940925,4.0
2026-04-13,ASSAULT 3 & RELATED OFFENSES,4,violent,40.757505,-73.985994,4.0
2025-06-13,ROBBERY,5,violent,40.729599,-73.929356,5.0
2026-07-17,ASSAULT 3 & RELATED OFFENSES,4,violent,40.731332,-73.99339,4.0
2026-02-08,ROBBERY,5,violent,40.811969,-73.944075,5.0
2025-02-15,ASSAULT 3 & RELATED OFFENSES,4,violent,40.828153,-73.952482,4.0
2025-08-29,ASSAULT 3 & RELATED OFFENSES,4,violent,40.820446,-73.940298,4.0
2025-05-04,ASSAULT 3 & RELATED OFFENSES,4,violent,40.801179,-73.908627,4.0
2025-03-04,ASSAULT 3 & RELATED OFFENSES,4,violent,40.809461,-73.947928,4.0
2025-12-11,ASSAULT 3 & RELATED OFFENSES,4,violent,40.813142,-73.948279,4.0
2025-01-15,ROBBERY,5,violent,40.744672,-73.972462,5.0
2025-05-12,ROBBERY,5,violent,40.855517,-73.938117,5.0
2026-03-15,ASSAULT 3 & RELATED OFFENSES,4,violent,40.703,-73.980328,4.0
2025-09-21,ASSAULT 3 & RELATED OFFENSES,4,violent,40.83971,-73.932007,4.0
2025-05-19,ROBBERY,5,violent,40.739986,-73.940548,5.0
2025-07-25,ROBBERY,5,violent,40.729991,-73.99216,5.0
2026-03-11,ASSAULT 3 & RELATED OFFENSES,4,violent,40.700962,-73.993518,4.0
2026-02-06,ROBBERY,5,violent,40.812495,-73.948111,5.0
2026-04-18,ASSAULT 3 & RELATED OFFENSES,4,violent,40.808449,-73.93811,4.0
2026-03-20,ROBBERY,5,violent,40.849825,-73.902168,5.0
2025-05-03,ROBBERY,5,violent,40.730701,-73.996617,5.0
2025-06-18,ASSAULT 3 & RELATED OFFENSES,4,violent,40.710067,-73.999631,4.0
2026-02-09,ASSAULT 3 & RELATED OFFENSES,4,violent,40.757854,-73.981675,4.0
2026-03-24,ASSAULT 3 & RELATED OFFENSES,4,violent,40.728469,-73.997466,4.0
2026-07-28,ROBBERY,5,violent,40.80484,-73.948873,5.0
2026-06-03,ASSAULT 3 & RELATED OFFENSES,4,violent,40.819402,-73.927984,4.0
2025-06-02,ROBBERY,5,violent,40.861779,-73.90605,5.0
2025-05-15,ASSAULT 3 & RELATED OFFENSES,4,violent,40.79945,-73.93356,4.0
2026-06-03,ROBBERY,5,violent,40.76377,-73.986601,5.0
2025-01-09,ASSAULT 3 & RELATED OFFENSES,4,violent,40.846251,-73.941901,4.0
2026-07-13,ROBBERY,5,violent,40.69951,-73.997206,5.0
2025-06-08,ASSAULT 3 & RELATED OFFENSES,4,violent,40.861809,-73.901693,4.0
2026-06-29,ROBBERY,5,violent,40.727328,-73.998476,5.0
2025-11-27,ASSAULT 3 & RELATED OFFENSES,4,violent,40.773561,-73.946736,4.0
2025-02-21,ASSAULT 3 & RELATED OFFENSES,4,violent,40.754669,-73.991025,4.0
2025-06-13,ROBBERY,5,violent,40.847146,-73.919454,5.0
2026-04-01,ASSAULT 3 & RELATED OFFENSES,4,violent,40.741573,-74.003836,4.0
2026-06-14,ROBBERY,5,violent,40.813405,-73.950399,5.0
2025-07-01,ROBBERY,5,violent,40.713791,-73.949569,5.0
2025-07-31,ROBBERY,5,violent,40.753773,-73.981594,5.0
2026-03-31,ROBBERY,5,violent,40.81339,-73.94473,5.0
2026-01-20,ASSAULT 3 & RELATED OFFENSES,4,violent,40.805279,-73.941687,4.0
2025-09-14,ROBBERY,5,violent,40.706924,-74.001987,5.0
2025-04-08,ROBBERY,5,violent,40.709615,-73.996069,5.0
2025-01-22,ASSAULT 3 & RELATED OFFENSES,4,violent,40.727832,-73.988129,4.0
2026-07-23,ROBBERY,5,violent,40.759416,-73.989226,5.0
2026-07-20,ROBBERY,5,violent,40.725749,-74.002191,5.0
2025-07-21,ASSAULT 3 & RELATED OFFENSES,4,violent,40.811865,-73.95166,4.0
2025-07-16,ASSAULT 3 & RELATED OFFENSES,4,violent,40.793411,-73.944459,4.0
2025-04-18,ROBBERY,5,violent,40.729211,-73.996046,5.0
2026-04-26,ASSAULT 3 & RELATED OFFENSES,4,violent,40.808381,-73.941505,4.0
2025-01-26,ASSAULT 3 & RELATED OFFENSES,4,violent,40.704746,-73.925992,4.0
2025-08-10,ROBBERY,5,violent,40.732685,-73.998338,5.0
2025-06-29,ASSAULT 3 & RELATED OFFENSES,4,violent,40.812029,-73.943141,4.0
2026-07-18,ROBBERY,5,violent,40.803554,-73.943968,5.0
2025-02-17,ROBBERY,5,violent,40.752899,-74.000213,5.0
2025-09-25,ASSAULT 3 & RELATED OFFENSES,4,violent,40.811083,-73.934346,4.0
2026-01-05,ROBBERY,5,violent,40.759828,-73.982157,5.0
2026-07-27,ROBBERY,5,violent,40.864092,-73.903716,5.0
2026-05-30,ASSAULT 3 & RELATED OFFENSES,4,violent,40.815761,-73.940705,4.0
2025-06-13,ROBBERY,5,violent,40.705333,-73.956338,5.0
2026-01-19,ROBBERY,5,violent,40.725543,-73.996102,5.0
2025-04-07,ASSAULT 3 & RELATED OFFENSES,4,violent,40.72795,-73.995854,4.0
2026-03-21,ASSAULT 3 & RELATED OFFENSES,4,violent,40.81378,-73.943503,4.0
2025-03-09,ROBBERY,5,violent,40.728911,-73.999518,5.0
2025-11-27,ASSAULT 3 & RELATED OFFENSES,4,violent,40.730856,-73.996221,4.0
2026-03-09,ROBBERY,5,violent,40.726617,-73.997022,5.0
2026-01-11,ASSAULT 3 & RELATED OFFENSES,4,violent,40.813443,-73.941842,4.0
2025-01-25,ASSAULT 3 & RELATED OFFENSES,4,violent,40.722259,-74.011486,4.0
2026-04-28,ASSAULT 3 & RELATED OFFENSES,4,violent,40.756525,-73.976869,4.0
2025-05-04,ASSAULT 3 & RELATED OFFENSES,4,violent,40.755371,-73.987221,4.0
2025-11-11,ASSAULT 3 & RELATED OFFENSES,4,violent,40.759186,-73.991764,4.0
2025-10-08,ASSAULT 3 & RELATED OFFENSES,4,violent,40.871567,-73.90018,4.0
2025-01-24,ROBBERY,5,violent,40.704428,-73.995217,5.0
2025-05-06,ASSAULT 3 & RELATED OFFENSES,4,violent,40.730145,-73.921914,4.0
2026-07-26,ASSAULT 3 & RELATED OFFENSES,4,violent,40.788349,-73.952817,4.0
2025-07-07,ROBBERY,5,violent,40.709562,-73.995114,5.0
2026-04-10,ROBBERY,5,violent,40.710413,-73.965531,5.0
2026-04-18,ASSAULT 3 & RELATED OFFENSES,4,violent,40.706448,-74.002672,4.0
2025-09-03,ROBBERY,5,violent,40.806944,-73.944822,5.0
2025-05-02,ASSAULT 3 & RELATED OFFENSES,4,violent,40.705954,-74.002353,4.0
2026-04-25,ROBBERY,5,violent,40.755173,-73.982717,5.0
2026-05-31,ASSAULT 3 & RELATED OFFENSES,4,violent,40.826377,-73.938197,4.0
2026-06-25,ROBBERY,5,violent,40.818778,-73.954604,5.0
2025-11-18,ASSAULT 3 & RELATED OFFENSES,4,violent,40.806431,-73.9498,4.0
2025-01-29,ROBBERY,5,violent,40.70853,-73.992206,5.0
2025-09-28,ROBBERY,5,violent,40.830758,-73.919986,5.0
2025-10-09,ASSAULT 3 & RELATED OFFENSES,4,violent,40.729786,-73.991445,4.0
2025-02-10,ROBBERY,5,violent,40.73305,-73.941384,5.0
2025-08-22,ROBBERY,5,violent,40.821182,-73.956518,5.0
2025-04-29,ASSAULT 3 & RELATED OFFENSES,4,violent,40.759877,-73.939352,4.0
2025-02-14,ROBBERY,5,violent,40.728815,-73.995287,5.0
2025-06-12,ROBBERY,5,violent,40.708888,-73.994276,5.0
2025-01-30,ROBBERY,5,violent,40.809594,-73.955277,5.0
2025-03-31,ASSAULT 3 & RELATED OFFENSES,4,violent,40.798919,-73.936631,4.0
2026-02-02,ROBBERY,5,violent,40.700101,-73.996643,5.0
2025-09-15,ROBBERY,5,violent,40.806922,-73.946314,5.0
2026-07-28,ASSAULT 3 & RELATED OFFENSES,4,violent,40.758767,-73.98374,4.0
2025-09-26,ROBBERY,5,violent,40.730302,-73.999257,5.0
2025-04-15,ROBBERY,5,violent,40.72852,-73.995464,5.0
2025-09-19,ASSAULT 3 & RELATED OFFENSES,4,violent,40.704822,-74.007889,4.0
2025-03-31,ASSAULT 3 & RELATED OFFENSES,4,violent,40.705071,-73.993994,4.0
2025-03-16,ROBBERY,5,violent,40.758285,-73.964098,5.0
2025-10-29,ROBBERY,5,violent,40.797421,-73.922069,5.0
2025-09-08,ROBBERY,5,violent,40.76489,-73.984711,5.0
2025-07-07,ROBBERY,5,violent,40.818687,-73.950962,5.0
2026-03-15,ASSAULT 3 & RELATED OFFENSES,4,violent,40.70406,-73.99307,4.0
2025-03-19,ROBBERY,5,violent,40.806718,-73.946803,5.0
2025-12-28,ROBBERY,5,violent,40.714327,-73.910008,5.0
2025-07-23,ASSAULT 3 & RELATED OFFENSES,4,violent,40.753767,-73.983063,4.0
2025-01-22,ASSAULT 3 & RELATED OFFENSES,4,violent,40.751863,-73.98638,4.0
2025-10-04,ASSAULT 3 & RELATED OFFENSES,4,violent,40.784523,-73.956381,4.0
2025-02-17,ASSAULT 3 & RELATED OFFENSES,4,violent,40.80667,-73.944004,4.0
2025-03-28,ASSAULT 3 & RELATED OFFENSES,4,violent,40.75937,-73.980412,4.0
2026-06-06,ASSAULT 3 & RELATED OFFENSES,4,violent,40.702016,-73.950579,4.0
2026-01-13,ASSAULT 3 & RELATED OFFENSES,4,violent,40.729332,-73.995812,4.0
2026-04-05,ASSAULT 3 & RELATED OFFENSES,4,violent,40.756864,-73.984773,4.0
2025-05-13,ROBBERY,5,violent,40.726591,-73.99261,5.0
2026-05-24,ROBBERY,5,violent,40.80468,-73.937071,5.0
2025-05-17,ASSAULT 3 & RELATED OFFENSES,4,violent,40.732251,-73.997832,4.0
2026-05-22,ROBBERY,5,violent,40.764789,-73.990186,5.0
2026-03-13,ASSAULT 3 & RELATED OFFENSES,4,violent,40.72679,-73.978097,4.0
2026-07-06,ROBBERY,5,violent,40.807117,-73.941684,5.0
2025-06-20,ASSAULT 3 & RELATED OFFENSES,4,violent,40.743726,-74.003467,4.0
2025-07-23,ASSAULT 3 & RELATED OFFENSES,4,violent,40.79876,-73.911098,4.0
2025-08-20,ROBBERY,5,violent,40.699402,-73.996457,5.0
2026-04-04,ROBBERY,5,violent,40.725352,-73.990316,5.0
2025-08-18,ROBBERY,5,violent,40.816234,-73.947012,5.0
2026-05-28,ASSAULT 3 & RELATED OFFENSES,4,violent,40.808898,-73.940706,4.0
2025-10-20,ROBBERY,5,violent,40.806495,-73.948521,5.0
2025-12-30,ROBBERY,5,violent,40.872065,-73.915059,5.0
2026-06-08,ASSAULT 3 & RELATED OFFENSES,4,violent,40.767081,-73.992824,4.0
2026-01-28,ROBBERY,5,violent,40.758141,-73.979385,5.0
2025-04-22,ROBBERY,5,violent,40.727277,-73.99602,5.0
2026-05-06,ASSAULT 3 & RELATED OFFENSES,4,violent,40.750319,-73.971185,4.0
2025-12-09,ASSAULT 3 & RELATED OFFENSES,4,violent,40.70828,-73.900478,4.0
2025-05-30,ASSAULT 3 & RELATED OFFENSES,4,violent,40.729359,-73.993495,4.0
2026-04-23,ROBBERY,5,violent,40.810727,-73.945546,5.0
2025-08-01,ROBBERY,5,violent,40.85996,-73.936343,5.0
2026-04-05,ROBBERY,5,violent,40.766015,-73.982452,5.0
2026-04-20,ASSAULT 3 & RELATED OFFENSES,4,violent,40.73141,-73.97528,4.0
2025-12-31,ROBBERY,5,violent,40.706472,-74.005535,5.0
2025-06-13,ASSAULT 3 & RELATED OFFENSES,4,violent,40.824452,-73.909131,4.0
2025-01-31,ASSAULT 3 & RELATED OFFENSES,4,violent,40.767174,-73.939776,4.0
2025-12-30,ROBBERY,5,violent,40.829617,-73.917546,5.0
2025-04-17,ROBBERY,5,violent,40.76466,-73.993538,5.0
2026-07-24,ROBBERY,5,violent,40.72847,-73.998627,5.0
2026-02-07,ASSAULT 3 & RELATED OFFENSES,4,violent,40.811085,-73.947443,4.0
2025-09-17,ROBBERY,5,violent,40.728161,-73.993636,5.0
2026-04-02,ASSAULT 3 & RELATED OFFENSES,4,violent,40.726962,-73.999994,4.0
2025-12-02,ASSAULT 3 & RELATED OFFENSES,4,violent,40.731871,-74.000892,4.0
2025-09-21,ASSAULT 3 & RELATED OFFENSES,4,violent,40.808901,-73.949589,4.0
2026-06-20,ASSAULT 3 & RELATED OFFENSES,4,violent,40.804925,-73.911105,4.0
2025-11-11,ROBBERY,5,violent,40.731796,-73.99849,5.0
2026-04-29,ASSAULT 3 & RELATED OFFENSES,4,violent,40.707729,-73.997791,4.0
2026-01-08,ASSAULT 3 & RELATED OFFENSES,4,violent,40.708768,-74.002133,4.0
2025-09-14,ASSAULT 3 & RELATED OFFENSES,4,violent,40.752867,-73.994411,4.0
2025-03-28,ASSAULT 3 & RELATED OFFENSES,4,violent,40.731892,-73.998876,4.0
2026-01-19,ROBBERY,5,violent,40.704725,-73.987023,5.0
2026-07-22,ROBBERY,5,violent,40.808979,-73.944699,5.0
2026-01-07,ROBBERY,5,violent,40.818994,-73.954771,5.0
2025-07-21,ASSAULT 3 & RELATED OFFENSES,4,violent,40.7293,-73.948668,4.0
2025-02-13,ASSAULT 3 & RELATED OFFENSES,4,violent,40.805266,-73.95091,4.0
2026-04-21,ROBBERY,5,violent,40.813047,-73.948121,5.0
2025-10-01,ROBBERY,5,violent,40.705014,-73.994722,5.0
2025-04-10,ROBBERY,5,violent,40.760682,-73.931396,5.0
2025-04-11,ASSAULT 3 & RELATED OFFENSES,4,violent,40.80752,-73.943278,4.0
2026-05-25,ASSAULT 3 & RELATED OFFENSES,4,violent,40.758931,-73.979269,4.0
2025-12-01,ROBBERY,5,violent,40.70344,-73.993306,5.0
2025-02-28,ROBBERY,5,violent,40.727783,-74.000883,5.0
2025-09-05,ASSAULT 3 & RELATED OFFENSES,4,violent,40.735588,-73.976493,4.0
2026-05-02,ROBBERY,5,violent,40.738735,-73.981071,5.0
2025-03-02,ROBBERY,5,violent,40.816045,-73.944477,5.0
2025-05-11,ROBBERY,5,violent,40.81857,-73.947012,5.0
2025-08-02,ROBBERY,5,violent,40.717554,-73.96132,5.0
2026-02-24,ROBBERY,5,violent,40.753509,-73.965808,5.0
2026-01-16,ROBBERY,5,violent,40.728856,-73.996261,5.0
2026-07-08,ASSAULT 3 & RELATED OFFENSES,4,violent,40.714737,-73.913304,4.0
2025-08-25,ROBBERY,5,violent,40.755103,-73.989536,5.0
2025-09-15,ROBBERY,5,violent,40.701732,-73.990458,5.0
2025-05-06,ASSAULT 3 & RELATED OFFENSES,4,violent,40.729026,-73.938094,4.0
2025-08-21,ROBBERY,5,violent,40.727995,-73.995004,5.0
2025-01-28,ASSAULT 3 & RELATED OFFENSES,4,violent,40.753522,-73.906312,4.0
2026-01-07,ROBBERY,5,violent,40.767374,-73.990933,5.0
2025-10-09,ROBBERY,5,violent,40.758466,-73.982598,5.0
2025-11-01,ASSAULT 3 & RELATED OFFENSES,4,violent,40.757183,-73.981283,4.0
2026-06-03,ROBBERY,5,violent,40.763509,-73.979744,5.0
2026-07-26,ROBBERY,5,violent,40.808664,-73.943235,5.0
2025-12-26,ASSAULT 3 & RELATED OFFENSES,4,violent,40.72781,-74.002663,4.0
2025-03-31,ASSAULT 3 & RELATED OFFENSES,4,violent,40.756507,-73.980402,4.0
2025-12-01,ROBBERY,5,violent,40.811084,-73.943377,5.0
2025-09-19,ASSAULT 3 & RELATED OFFENSES,4,violent,40.754018,-73.982868,4.0
2025-01-10,ROBBERY,5,violent,40.723035,-73.995348,5.0
2026-05-05,ROBBERY,5,violent,40.77295,-73.961707,5.0
2026-04-06,ROBBERY,5,violent,40.702446,-73.992407,5.0
2025-07-08,ROBBERY,5,violent,40.81325,-73.948562,5.0
2026-01-09,ROBBERY,5,violent,40.723646,-73.993681,5.0
2025-09-24,ROBBERY,5,violent,40.759126,-73.984816,5.0
2026-04-26,ASSAULT 3 & RELATED OFFENSES,4,violent,40.727831,-73.973558,4.0
2025-08-06,ASSAULT 3 & RELATED OFFENSES,4,violent,40.806349,-73.908634,4.0
2026-04-05,ASSAULT 3 & RELATED OFFENSES,4,violent,40.733212,-73.992922,4.0
2026-03-20,ASSAULT 3 & RELATED OFFENSES,4,violent,40.728924,-73.991093,4.0
2025-03-26,ROBBERY,5,violent,40.728695,-73.994585,5.0
2025-01-22,ASSAULT 3 & RELATED OFFENSES,4,violent,40.726021,-73.994255,4.0
2026-01-08,ROBBERY,5,violent,40.727871,-73.994739,5.0
2025-11-16,ASSAULT 3 & RELATED OFFENSES,4,violent,40.762388,-73.990083,4.0
2026-02-11,ASSAULT 3 & RELATED OFFENSES,4,violent,40.724785,-73.998671,4.0
2025-05-15,ROBBERY,5,violent,40.730883,-73.997011,5.0
2026-03-27,ASSAULT 3 & RELATED OFFENSES,4,violent,40.735097,-73.994997,4.0
2026-01-14,ASSAULT 3 & RELATED OFFENSES,4,violent,40.780779,-73.951245,4.0
2025-04-27,ROBBERY,5,violent,40.708978,-73.997326,5.0
2025-01-28,ROBBERY,5,violent,40.764406,-73.933377,5.0
2025-12-29,ASSAULT 3 & RELATED OFFENSES,4,violent,40.708689,-73.996349,4.0
2025-12-18,ASSAULT 3 & RELATED OFFENSES,4,violent,40.767785,-73.979151,4.0
2025-07-21,ASSAULT 3 & RELATED OFFENSES,4,violent,40.760164,-73.976166,4.0
2026-03-05,ASSAULT 3 & RELATED OFFENSES,4,violent,40.757093,-73.985011,4.0
2025-04-11,ROBBERY,5,violent,40.69865,-73.993446,5.0
2025-04-19,ASSAULT 3 & RELATED OFFENSES,4,violent,40.754901,-73.984875,4.0
2026-06-20,ROBBERY,5,violent,40.755432,-73.983549,5.0
2025-11-11,ROBBERY,5,violent,40.757878,-73.9849,5.0
2025-01-30,ROBBERY,5,violent,40.724276,-74.009719,5.0
2025-09-05,ROBBERY,5,violent,40.728802,-73.994643,5.0
2025-04-30,ASSAULT 3 & RELATED OFFENSES,4,violent,40.761871,-73.990855,4.0
2025-03-09,ASSAULT 3 & RELATED OFFENSES,4,violent,40.8098,-73.94346,4.0
2026-03-09,ASSAULT 3 & RELATED OFFENSES,4,violent,40.751354,-73.98262,4.0
2025-05-19,ASSAULT 3 & RELATED OFFENSES,4,violent,40.823722,-73.922908,4.0
2025-11-07,ROBBERY,5,violent,40.817948,-73.945214,5.0
2025-09-12,ROBBERY,5,violent,40.809085,-73.951072,5.0
2025-04-04,ROBBERY,5,violent,40.759023,-73.934871,5.0
2026-05-29,ASSAULT 3 & RELATED OFFENSES,4,violent,40.729109,-73.993145,4.0
2026-05-06,ROBBERY,5,violent,40.735273,-73.992404,5.0
2026-04-28,ROBBERY,5,violent,40.756692,-73.986707,5.0
2025-08-08,ASSAULT 3 & RELATED OFFENSES,4,violent,40.757399,-73.981436,4.0
2025-09-16,ROBBERY,5,violent,40.75688,-73.98656,5.0
2026-05-27,ASSAULT 3 & RELATED OFFENSES,4,violent,40.765311,-73.962148,4.0
2026-06-24,ROBBERY,5,violent,40.759889,-73.988489,5.0
2025-09-11,ROBBERY,5,violent,40.817789,-73.941692,5.0
2026-07-28,ASSAULT 3 & RELATED OFFENSES,4,violent,40.76365,-73.980758,4.0
2025-07-09,ASSAULT 3 & RELATED OFFENSES,4,violent,40.760701,-73.984563,4.0
2026-06-01,ASSAULT 3 & RELATED OFFENSES,4,violent,40.760163,-73.980493,4.0
2026-01-26,ROBBERY,5,violent,40.729115,-73.996482,5.0
2025-04-13,ROBBERY,5,violent,40.707895,-73.997888,5.0
2026-02-23,ROBBERY,5,violent,40.728378,-73.995342,5.0
2026-02-26,ASSAULT 3 & RELATED OFFENSES,4,violent,40.812583,-73.949483,4.0
2025-04-21,ROBBERY,5,violent,40.728788,-73.996577,5.0
2026-05-06,ROBBERY,5,violent,40.708535,-73.919459,5.0
2025-08-27,ROBBERY,5,violent,40.830145,-73.923566,5.0
2025-11-19,ASSAULT 3 & RELATED OFFENSES,4,violent,40.783567,-73.957818,4.0
2026-02-07,ROBBERY,5,violent,40.724339,-73.995986,5.0
2026-07-26,ROBBERY,5,violent,40.752224,-73.924464,5.0
2026-02-09,ROBBERY,5,violent,40.724321,-73.995123,5.0
2026-07-08,ROBBERY,5,violent,40.70836,-73.99889,5.0
2026-01-25,ROBBERY,5,violent,40.727016,-73.997027,5.0
2025-10-22,ASSAULT 3 & RELATED OFFENSES,4,violent,40.712535,-73.968672,4.0
2025-01-16,ROBBERY,5,violent,40.720979,-73.946946,5.0
2026-04-28,ROBBERY,5,violent,40.702226,-74.015475,5.0
2026-02-14,ASSAULT 3 & RELATED OFFENSES,4,violent,40.757211,-73.980003,4.0
2025-04-15,ASSAULT 3 & RELATED OFFENSES,4,violent,40.726,-73.910747,4.0
2025-07-06,ASSAULT 3 & RELATED OFFENSES,4,violent,40.729424,-73.998256,4.0
2026-07-29,ROBBERY,5,violent,40.754127,-73.988973,5.0
2025-11-30,ROBBERY,5,violent,40.825622,-73.956067,5.0
2025-03-26,ASSAULT 3 & RELATED OFFENSES,4,violent,40.77672,-73.900675,4.0
2025-09-07,ROBBERY,5,violent,40.813765,-73.945826,5.0
2025-09-04,ROBBERY,5,violent,40.809893,-73.942548,5.0
2025-01-31,ROBBERY,5,violent,40.728146,-73.996691,5.0
2025-11-10,ROBBERY,5,violent,40.721893,-73.944112,5.0
2026-02-15,ROBBERY,5,violent,40.734651,-73.990157,5.0
2025-03-14,ROBBERY,5,violent,40.705916,-74.001799,5.0
2025-02-10,ROBBERY,5,violent,40.708223,-73.996187,5.0
2025-01-16,ROBBERY,5,violent,40.755183,-73.98288,5.0
2026-01-03,ASSAULT 3 & RELATED OFFENSES,4,violent,40.73343,-73.999273,4.0
2025-05-10,ROBBERY,5,violent,40.720962,-73.943734,5.0
2026-01-09,ASSAULT 3 & RELATED OFFENSES,4,violent,40.727412,-73.997911,4.0
2026-03-21,ASSAULT 3 & RELATED OFFENSES,4,violent,40.839526,-73.913124,4.0
2025-11-15,ROBBERY,5,violent,40.7545,-73.983282,5.0
2026-03-18,ROBBERY,5,violent,40.706959,-73.998855,5.0
2025-11-28,ASSAULT 3 & RELATED OFFENSES,4,violent,40.714435,-73.910717,4.0
2025-11-27,ASSAULT 3 & RELATED OFFENSES,4,violent,40.700081,-73.994588,4.0
2026-01-26,ROBBERY,5,violent,40.807994,-73.94479,5.0
2026-07-27,ASSAULT 3 & RELATED OFFENSES,4,violent,40.701877,-73.921084,4.0
2026-02-21,ASSAULT 3 & RELATED OFFENSES,4,violent,40.731198,-73.993972,4.0
2025-12-04,ASSAULT 3 & RELATED OFFENSES,4,violent,40.730382,-73.996685,4.0
2025-03-28,ASSAULT 3 & RELATED OFFENSES,4,violent,40.71235,-73.953556,4.0
2025-02-25,ROBBERY,5,violent,40.818113,-73.922651,5.0
2025-12-18,ASSAULT 3 & RELATED OFFENSES,4,violent,40.745964,-73.928328,4.0
2025-06-04,ROBBERY,5,violent,40.843553,-73.945304,5.0
2025-09-12,ASSAULT 3 & RELATED OFFENSES,4,violent,40.757791,-73.986085,4.0
2026-05-14,ASSAULT 3 & RELATED OFFENSES,4,violent,40.758932,-73.987321,4.0
2025-09-21,ASSAULT 3 & RELATED OFFENSES,4,violent,40.763627,-73.975452,4.0
2025-05-28,ASSAULT 3 & RELATED OFFENSES,4,violent,40.70517,-74.00231,4.0
2025-10-17,ASSAULT 3 & RELATED OFFENSES,4,violent,40.759313,-73.988322,4.0
2026-01-23,ASSAULT 3 & RELATED OFFENSES,4,violent,40.709398,-73.997455,4.0
2026-02-07,ASSAULT 3 & RELATED OFFENSES,4,violent,40.794389,-73.920964,4.0
2025-09-15,ASSAULT 3 & RELATED OFFENSES,4,violent,40.730761,-73.996812,4.0
2025-06-30,ASSAULT 3 & RELATED OFFENSES,4,violent,40.812456,-73.952355,4.0
2025-03-04,ASSAULT 3 & RELATED OFFENSES,4,violent,40.756929,-73.986326,4.0
2026-02-11,ROBBERY,5,violent,40.723459,-73.99769,5.0
2025-09-13,ROBBERY,5,violent,40.757704,-73.985608,5.0
2026-07-22,ASSAULT 3 & RELATED OFFENSES,4,violent,40.730423,-73.995745,4.0
2025-04-26,ROBBERY,5,violent,40.813961,-73.950287,5.0
2026-05-21,ROBBERY,5,violent,40.753907,-73.985488,5.0
2025-09-14,ASSAULT 3 & RELATED OFFENSES,4,violent,40.700169,-73.994651,4.0
2025-08-22,ROBBERY,5,violent,40.756293,-73.98718,5.0
2025-02-21,ROBBERY,5,violent,40.810267,-73.912636,5.0
2025-08-23,ROBBERY,5,violent,40.758655,-73.984405,5.0
2025-01-04,ASSAULT 3 & RELATED OFFENSES,4,violent,40.757237,-73.990959,4.0
2025-11-21,ASSAULT 3 & RELATED OFFENSES,4,violent,40.726931,-73.997191,4.0
2025-07-07,ROBBERY,5,violent,40.757595,-73.988818,5.0
2025-02-20,ASSAULT 3 & RELATED OFFENSES,4,violent,40.731603,-73.998015,4.0
2025-04-07,ASSAULT 3 & RELATED OFFENSES,4,violent,40.75432,-73.932651,4.0
2025-04-08,ROBBERY,5,violent,40.876476,-73.911029,5.0
2025-04-20,ASSAULT 3 & RELATED OFFENSES,4,violent,40.753138,-73.990012,4.0
2025-12-17,ASSAULT 3 & RELATED OFFENSES,4,violent,40.811029,-73.9414,4.0
2026-04-16,ROBBERY,5,violent,40.753459,-73.992062,5.0
2025-04-03,ASSAULT 3 & RELATED OFFENSES,4,violent,40.811647,-73.936128,4.0
2025-05-01,ROBBERY,5,violent,40.754374,-73.984581,5.0
2025-08-19,ASSAULT 3 & RELATED OFFENSES,4,violent,40.758703,-73.986094,4.0
2025-09-05,ASSAULT 3 & RELATED OFFENSES,4,violent,40.808906,-73.929851,4.0
2025-08-19,ROBBERY,5,violent,40.755965,-73.977019,5.0
2026-01-20,ASSAULT 3 & RELATED OFFENSES,4,violent,40.763048,-73.97905,4.0
2025-10-03,ROBBERY,5,violent,40.732416,-73.994034,5.0
2025-10-15,ROBBERY,5,violent,40.760558,-73.988431,5.0
2025-04-06,ROBBERY,5,violent,40.753002,-73.983463,5.0
2026-06-25,ROBBERY,5,violent,40.732037,-73.999106,5.0
2025-09-28,ROBBERY,5,violent,40.807534,-73.942123,5.0
2026-07-11,ROBBERY,5,violent,40.719478,-73.945564,5.0
2025-03-16,ASSAULT 3 & RELATED OFFENSES,4,violent,40.697936,-73.995304,4.0
2025-04-08,ROBBERY,5,violent,40.718655,-73.943747,5.0
2026-07-15,ASSAULT 3 & RELATED OFFENSES,4,violent,40.757794,-73.985247,4.0
2025-08-06,ROBBERY,5,violent,40.758819,-73.987129,5.0
2025-04-27,ASSAULT 3 & RELATED OFFENSES,4,violent,40.724915,-74.000163,4.0
2026-03-09,ASSAULT 3 & RELATED OFFENSES,4,violent,40.711201,-73.998767,4.0
2025-10-17,ROBBERY,5,violent,40.723486,-73.991504,5.0
2025-08-27,ROBBERY,5,violent,40.727966,-73.999546,5.0
2025-05-17,ASSAULT 3 & RELATED OFFENSES,4,violent,40.810396,-73.94966,4.0
2025-04-12,ROBBERY,5,violent,40.814525,-73.940202,5.0
2025-02-10,ROBBERY,5,violent,40.758032,-73.986254,5.0
2025-06-18,ASSAULT 3 & RELATED OFFENSES,4,violent,40.722085,-73.94114,4.0
2026-05-25,ROBBERY,5,violent,40.814901,-73.936088,5.0
2025-07-10,ROBBERY,5,violent,40.707707,-74.001514,5.0
2026-01-09,ROBBERY,5,violent,40.806209,-73.947431,5.0
2025-05-25,ROBBERY,5,violent,40.806895,-73.941122,5.0
2025-11-11,ASSAULT 3 & RELATED OFFENSES,4,violent,40.807449,-73.94016,4.0
2025-01-06,ASSAULT 3 & RELATED OFFENSES,4,violent,40.732661,-73.999638,4.0
2026-04-01,ASSAULT 3 & RELATED OFFENSES,4,violent,40.759095,-73.986712,4.0
2025-10-27,ROBBERY,5,violent,40.757859,-73.98992,5.0
2026-02-27,ASSAULT 3 & RELATED OFFENSES,4,violent,40.810893,-73.946711,4.0
2025-07-02,ASSAULT 3 & RELATED OFFENSES,4,violent,40.727534,-73.960351,4.0
2026-01-11,ASSAULT 3 & RELATED OFFENSES,4,violent,40.805298,-73.948023,4.0
2025-11-19,ROBBERY,5,violent,40.812673,-73.940927,5.0
2025-08-31,ROBBERY,5,violent,40.732457,-74.010528,5.0
2025-07-10,ASSAULT 3 & RELATED OFFENSES,4,violent,40.719045,-74.006411,4.0
2025-01-10,ROBBERY,5,violent,40.757737,-73.996288,5.0
2025-03-09,ROBBERY,5,violent,40.81559,-73.952113,5.0
2026-05-14,ROBBERY,5,violent,40.755545,-73.984408,5.0
2025-05-09,ROBBERY,5,violent,40.72636,-73.99804,5.0
2026-03-13,ASSAULT 3 & RELATED OFFENSES,4,violent,40.769498,-73.965241,4.0
2025-09-07,ASSAULT 3 & RELATED OFFENSES,4,violent,40.728193,-73.997047,4.0
2025-10-21,ASSAULT 3 & RELATED OFFENSES,4,violent,40.791536,-73.965917,4.0
2025-03-08,ASSAULT 3 & RELATED OFFENSES,4,violent,40.759786,-73.984033,4.0
2026-07-02,ROBBERY,5,violent,40.729951,-73.996126,5.0
2025-04-16,ASSAULT 3 & RELATED OFFENSES,4,violent,40.708286,-73.999214,4.0
2025-08-27,ASSAULT 3 & RELATED OFFENSES,4,violent,40.748444,-73.986741,4.0
2026-02-15,ASSAULT 3 & RELATED OFFENSES,4,violent,40.730906,-73.998035,4.0
2026-02-26,ROBBERY,5,violent,40.701806,-73.988333,5.0
2025-10-25,ASSAULT 3 & RELATED OFFENSES,4,violent,40.76079,-73.981229,4.0
2026-06-17,ASSAULT 3 & RELATED OFFENSES,4,violent,40.756429,-73.989132,4.0
2026-03-03,ROBBERY,5,violent,40.758004,-73.903651,5.0
2025-12-08,ASSAULT 3 & RELATED OFFENSES,4,violent,40.80664,-73.94277,4.0
2025-03-31,ROBBERY,5,violent,40.714018,-73.995211,5.0
2025-09-08,ASSAULT 3 & RELATED OFFENSES,4,violent,40.721562,-74.003043,4.0
2026-03-10,ROBBERY,5,violent,40.816321,-73.957166,5.0
2025-12-28,ROBBERY,5,violent,40.792479,-73.975731,5.0
2026-06-19,ASSAULT 3 & RELATED OFFENSES,4,violent,40.708283,-74.000435,4.0
2026-06-25,ROBBERY,5,violent,40.804764,-73.952927,5.0
2026-05-08,ASSAULT 3 & RELATED OFFENSES,4,violent,40.730125,-73.994186,4.0
2025-12-08,ASSAULT 3 & RELATED OFFENSES,4,violent,40.826111,-73.920256,4.0
2025-08-20,ASSAULT 3 & RELATED OFFENSES,4,violent,40.764443,-73.91901,4.0
2026-06-19,ASSAULT 3 & RELATED OFFENSES,4,violent,40.763593,-73.906027,4.0
2026-03-26,ROBBERY,5,violent,40.810757,-73.949744,5.0
2026-05-29,ROBBERY,5,violent,40.751615,-73.992013,5.0
2025-05-29,ASSAULT 3 & RELATED OFFENSES,4,violent,40.848758,-73.910561,4.0
2025-08-15,ROBBERY,5,violent,40.816744,-73.948533,5.0
2025-04-02,ROBBERY,5,violent,40.730182,-73.990565,5.0
2025-07-10,ASSAULT 3 & RELATED OFFENSES,4,violent,40.739972,-73.945147,4.0
2025-09-22,ASSAULT 3 & RELATED OFFENSES,4,violent,40.72895,-73.99347,4.0
2026-05-17,ASSAULT 3 & RELATED OFFENSES,4,violent,40.711775,-73.966519,4.0
2025-11-18,ASSAULT 3 & RELATED OFFENSES,4,violent,40.703371,-73.993889,4.0
2025-07-15,ASSAULT 3 & RELATED OFFENSES,4,violent,40.812585,-73.936841,4.0
2026-01-10,ROBBERY,5,violent,40.725902,-73.996096,5.0
2025-12-15,ASSAULT 3 & RELATED OFFENSES,4,violent,40.711027,-73.992573,4.0
2025-02-23,ASSAULT 3 & RELATED OFFENSES,4,violent,40.708772,-73.997744,4.0
2025-12-02,ROBBERY,5,violent,40.706659,-74.002961,5.0
2026-03-15,ROBBERY,5,violent,40.755854,-73.984643,5.0
2026-01-01,ASSAULT 3 & RELATED OFFENSES,4,violent,40.729673,-73.996007,4.0
2026-04-30,ROBBERY,5,violent,40.730989,-73.998336,5.0
2026-03-07,ROBBERY,5,violent,40.761048,-73.989352,5.0
2026-03-07,ROBBERY,5,violent,40.730609,-73.991662,5.0
2025-06-26,ASSAULT 3 & RELATED OFFENSES,4,violent,40.843575,-73.906842,4.0
2025-07-17,ASSAULT 3 & RELATED OFFENSES,4,violent,40.811067,-73.945485,4.0
2025-07-17,ASSAULT 3 & RELATED OFFENSES,4,violent,40.705403,-73.936995,4.0
2025-05-30,ROBBERY,5,violent,40.750822,-73.952611,5.0
2025-08-11,ROBBERY,5,violent,40.728579,-74.000782,5.0
2025-02-03,ROBBERY,5,violent,40.75951,-73.982581,5.0
2025-08-25,ASSAULT 3 & RELATED OFFENSES,4,violent,40.813936,-73.945022,4.0
2026-06-20,ASSAULT 3 & RELATED OFFENSES,4,violent,40.722,-73.959722,4.0
2025-09-28,ASSAULT 3 & RELATED OFFENSES,4,violent,40.761503,-73.981365,4.0
2025-12-30,ASSAULT 3 & RELATED OFFENSES,4,violent,40.751402,-73.992467,4.0
2026-06-11,ASSAULT 3 & RELATED OFFENSES,4,violent,40.810755,-73.947414,4.0
2025-05-03,ROBBERY,5,violent,40.728864,-73.997815,5.0
2025-08-19,ROBBERY,5,violent,40.716117,-73.999065,5.0
2025-02-14,ASSAULT 3 & RELATED OFFENSES,4,violent,40.82542,-73.902916,4.0
2025-06-22,ROBBERY,5,violent,40.732976,-74.003391,5.0
2026-02-27,ASSAULT 3 & RELATED OFFENSES,4,violent,40.803536,-73.95862,4.0
2025-01-17,ROBBERY,5,violent,40.816846,-73.914741,5.0
2026-04-29,ROBBERY,5,violent,40.808034,-73.947298,5.0
2025-02-18,ASSAULT 3 & RELATED OFFENSES,4,violent,40.80886,-73.946526,4.0
2026-02-13,ASSAULT 3 & RELATED OFFENSES,4,violent,40.759734,-73.985637,4.0
2025-02-01,ROBBERY,5,violent,40.75914,-73.994767,5.0
2025-04-20,ASSAULT 3 & RELATED OFFENSES,4,violent,40.728803,-73.996098,4.0
2026-07-13,ROBBERY,5,violent,40.761913,-73.976551,5.0
2026-01-06,ASSAULT 3 & RELATED OFFENSES,4,violent,40.810454,-73.945227,4.0
2025-03-02,ASSAULT 3 & RELATED OFFENSES,4,violent,40.733883,-74.000749,4.0
2025-04-17,ASSAULT 3 & RELATED OFFENSES,4,violent,40.721494,-74.002729,4.0
2025-11-26,ASSAULT 3 & RELATED OFFENSES,4,violent,40.756028,-73.99277,4.0
2025-12-29,ASSAULT 3 & RELATED OFFENSES,4,violent,40.774153,-73.945803,4.0
2026-05-28,ROBBERY,5,violent,40.818579,-73.913321,5.0
2025-02-24,ROBBERY,5,violent,40.733661,-73.995358,5.0
2025-01-25,ASSAULT 3 & RELATED OFFENSES,4,violent,40.725687,-73.988007,4.0
2025-02-28,ASSAULT 3 & RELATED OFFENSES,4,violent,40.814404,-73.942993,4.0
2025-02-26,ROBBERY,5,violent,40.724372,-73.999215,5.0
2026-04-08,ASSAULT 3 & RELATED OFFENSES,4,violent,40.812399,-73.941716,4.0
2026-07-15,ROBBERY,5,violent,40.729196,-73.996474,5.0
2026-03-21,ROBBERY,5,violent,40.756933,-73.985529,5.0
2025-06-29,ASSAULT 3 & RELATED OFFENSES,4,violent,40.721272,-73.999002,4.0
2025-11-24,ASSAULT 3 & RELATED OFFENSES,4,violent,40.802882,-73.94445,4.0
2025-11-24,ASSAULT 3 & RELATED OFFENSES,4,violent,40.841184,-73.941422,4.0
2025-10-15,ROBBERY,5,violent,40.757626,-73.986535,5.0
2025-10-06,ASSAULT 3 & RELATED OFFENSES,4,violent,40.75224,-73.979143,4.0
2026-01-14,ROBBERY,5,violent,40.735569,-73.985779,5.0
2025-02-22,ROBBERY,5,violent,40.724692,-74.011191,5.0
2025-09-02,ASSAULT 3 & RELATED OFFENSES,4,violent,40.819992,-73.953733,4.0
2026-01-26,ASSAULT 3 & RELATED OFFENSES,4,violent,40.730583,-73.998457,4.0
2025-12-23,ROBBERY,5,violent,40.761801,-73.959868,5.0
2025-01-12,ROBBERY,5,violent,40.758204,-73.979535,5.0
2025-05-18,ASSAULT 3 & RELATED OFFENSES,4,violent,40.840727,-73.922969,4.0
2025-04-18,ROBBERY,5,violent,40.760339,-73.93972,5.0
2026-07-19,ASSAULT 3 & RELATED OFFENSES,4,violent,40.763351,-73.937397,4.0
2026-05-03,ASSAULT 3 & RELATED OFFENSES,4,violent,40.721429,-73.901495,4.0
2026-07-02,ASSAULT 3 & RELATED OFFENSES,4,violent,40.732163,-73.995117,4.0
2025-08-07,ROBBERY,5,violent,40.776472,-73.987802,5.0
2025-07-16,ASSAULT 3 & RELATED OFFENSES,4,violent,40.734606,-73.989529,4.0
2025-03-04,ROBBERY,5,violent,40.729856,-73.99843,5.0
2025-03-04,ASSAULT 3 & RELATED OFFENSES,4,violent,40.811223,-73.939937,4.0
2026-03-22,ROBBERY,5,violent,40.750925,-73.994084,5.0
2025-01-23,ROBBERY,5,violent,40.732838,-73.994913,5.0
2026-02-10,ASSAULT 3 & RELATED OFFENSES,4,violent,40.729547,-73.999495,4.0
2025-03-14,ROBBERY,5,violent,40.70562,-74.001833,5.0
2025-08-11,ROBBERY,5,violent,40.815898,-73.946305,5.0
2026-05-08,ASSAULT 3 & RELATED OFFENSES,4,violent,40.729186,-73.99787,4.0
2025-06-25,ASSAULT 3 & RELATED OFFENSES,4,violent,40.760707,-73.991112,4.0
2026-01-26,ASSAULT 3 & RELATED OFFENSES,4,violent,40.843363,-73.900034,4.0
2025-10-20,ROBBERY,5,violent,40.73003,-73.996207,5.0
2025-08-06,ASSAULT 3 & RELATED OFFENSES,4,violent,40.809564,-73.953808,4.0
2026-02-08,ASSAULT 3 & RELATED OFFENSES,4,violent,40.767212,-73.911488,4.0
2025-09-20,ROBBERY,5,violent,40.708387,-74.001205,5.0
2025-04-23,ASSAULT 3 & RELATED OFFENSES,4,violent,40.732874,-73.997016,4.0
2026-02-06,ROBBERY,5,violent,40.715078,-73.916429,5.0
2026-02-06,ROBBERY,5,violent,40.755724,-73.988216,5.0
2026-03-31,ASSAULT 3 & RELATED OFFENSES,4,violent,40.716818,-73.983678,4.0
2025-09-19,ASSAULT 3 & RELATED OFFENSES,4,violent,40.70332,-73.919657,4.0
2026-07-10,ROBBERY,5,violent,40.758576,-73.997546,5.0
2026-05-24,ROBBERY,5,violent,40.792741,-73.967878,5.0
2026-04-25,ASSAULT 3 & RELATED OFFENSES,4,violent,40.768387,-73.925656,4.0
2026-04-27,ASSAULT 3 & RELATED OFFENSES,4,violent,40.813776,-73.948281,4.0
2025-12-29,ROBBERY,5,violent,40.812204,-73.943212,5.0
2026-07-06,ROBBERY,5,violent,40.735165,-73.945164,5.0
2026-07-06,ROBBERY,5,violent,40.765196,-73.977251,5.0
2025-03-31,ROBBERY,5,violent,40.814507,-73.939574,5.0
2026-03-25,ROBBERY,5,violent,40.729622,-73.996568,5.0
2025-03-15,ROBBERY,5,violent,40.718944,-73.944998,5.0
2026-07-07,ROBBERY,5,violent,40.854403,-73.912681,5.0
2026-06-26,ROBBERY,5,violent,40.731116,-73.993761,5.0
2026-03-15,ASSAULT 3 & RELATED OFFENSES,4,violent,40.711122,-74.000451,4.0
2025-07-18,ASSAULT 3 & RELATED OFFENSES,4,violent,40.707929,-74.002719,4.0
2025-10-15,ASSAULT 3 & RELATED OFFENSES,4,violent,40.725539,-73.999427,4.0
2025-09-22,ASSAULT 3 & RELATED OFFENSES,4,violent,40.705452,-73.926987,4.0
2026-03-03,ASSAULT 3 & RELATED OFFENSES,4,violent,40.860754,-73.914829,4.0
2025-09-23,ROBBERY,5,violent,40.763996,-73.980196,5.0
2025-05-25,ASSAULT 3 & RELATED OFFENSES,4,violent,40.758911,-73.981662,4.0
2025-06-23,ROBBERY,5,violent,40.812013,-73.938576,5.0
2025-08-19,ASSAULT 3 & RELATED OFFENSES,4,violent,40.806537,-73.923189,4.0
2025-05-02,ROBBERY,5,violent,40.724413,-73.995302,5.0
2025-11-01,ROBBERY,5,violent,40.823165,-73.948201,5.0
2025-12-16,ROBBERY,5,violent,40.710736,-73.997178,5.0
2025-08-28,ASSAULT 3 & RELATED OFFENSES,4,violent,40.763621,-73.989693,4.0
2026-04-10,ROBBERY,5,violent,40.745127,-73.943819,5.0
2025-09-02,ROBBERY,5,violent,40.707384,-73.999325,5.0
2025-05-30,ASSAULT 3 & RELATED OFFENSES,4,violent,40.80867,-73.944992,4.0
2025-11-27,ROBBERY,5,violent,40.77821,-73.921249,5.0
2026-01-09,ROBBERY,5,violent,40.760973,-73.98155,5.0
2026-06-02,ROBBERY,5,violent,40.753854,-73.981689,5.0
2026-02-17,ASSAULT 3 & RELATED OFFENSES,4,violent,40.756581,-73.941182,4.0
2025-02-07,ASSAULT 3 & RELATED OFFENSES,4,violent,40.720606,-73.979244,4.0
2025-01-31,ASSAULT 3 & RELATED OFFENSES,4,violent,40.72735,-73.994562,4.0
2025-08-24,ROBBERY,5,violent,40.742611,-73.991299,5.0
2026-01-18,ROBBERY,5,violent,40.764038,-73.985702,5.0
2025-09-06,ASSAULT 3 & RELATED OFFENSES,4,violent,40.804717,-73.967484,4.0
2025-01-01,ASSAULT 3 & RELATED OFFENSES,4,violent,40.8474,-73.943272,4.0
2025-01-24,ROBBERY,5,violent,40.727027,-74.01086,5.0
2025-10-20,ASSAULT 3 & RELATED OFFENSES,4,violent,40.728522,-73.991103,4.0
2025-11-06,ROBBERY,5,violent,40.760432,-73.988738,5.0
2025-12-28,ASSAULT 3 & RELATED OFFENSES,4,violent,40.815327,-73.946953,4.0
2026-07-10,ASSAULT 3 & RELATED OFFENSES,4,violent,40.760798,-73.985555,4.0
2026-02-19,ROBBERY,5,violent,40.737791,-73.972124,5.0
2025-01-27,ROBBERY,5,violent,40.764019,-73.987059,5.0
2026-03-29,ASSAULT 3 & RELATED OFFENSES,4,violent,40.75235,-73.989123,4.0
2025-04-10,ROBBERY,5,violent,40.818796,-73.955575,5.0
2025-07-05,ROBBERY,5,violent,40.764855,-73.985656,5.0
2025-10-23,ROBBERY,5,violent,40.705426,-73.919434,5.0
2025-01-09,ASSAULT 3 & RELATED OFFENSES,4,violent,40.755094,-73.989819,4.0
2025-03-20,ROBBERY,5,violent,40.731878,-73.993226,5.0
2025-07-16,ROBBERY,5,violent,40.734281,-73.997159,5.0
2026-03-31,ROBBERY,5,violent,40.840074,-73.912225,5.0
2025-07-23,ROBBERY,5,violent,40.817774,-73.938277,5.0
2026-04-16,ASSAULT 3 & RELATED OFFENSES,4,violent,40.757634,-73.98231,4.0
2026-04-20,ASSAULT 3 & RELATED OFFENSES,4,violent,40.730871,-73.992047,4.0
2025-02-13,ASSAULT 3 & RELATED OFFENSES,4,violent,40.729564,-73.992901,4.0
2025-02-01,ROBBERY,5,violent,40.777428,-73.911842,5.0
2026-05-06,ASSAULT 3 & RELATED OFFENSES,4,violent,40.732366,-73.984199,4.0
2025-07-02,ROBBERY,5,violent,40.814445,-73.93561,5.0
2025-01-13,ROBBERY,5,violent,40.81331,-73.947402,5.0
2025-10-17,ROBBERY,5,violent,40.745249,-74.007399,5.0
2025-06-24,ASSAULT 3 & RELATED OFFENSES,4,violent,40.773826,-73.980741,4.0
2025-11-19,ROBBERY,5,violent,40.729995,-73.995718,5.0
2026-02-16,ROBBERY,5,violent,40.756302,-73.98413,5.0
2025-06-09,ROBBERY,5,violent,40.759523,-73.991526,5.0
2025-04-22,ROBBERY,5,violent,40.717102,-73.977732,5.0
2026-04-01,ASSAULT 3 & RELATED OFFENSES,4,violent,40.781368,-73.960695,4.0
2025-07-31,ASSAULT 3 & RELATED OFFENSES,4,violent,40.727911,-73.996588,4.0
2025-02-03,ASSAULT 3 & RELATED OFFENSES,4,violent,40.730255,-73.993849,4.0
2026-02-15,ROBBERY,5,violent,40.811182,-73.947623,5.0
2026-02-21,ROBBERY,5,violent,40.733598,-73.996874,5.0
2026-01-06,ROBBERY,5,violent,40.728653,-73.998909,5.0
2025-01-07,ROBBERY,5,violent,40.821142,-73.944402,5.0
2025-05-23,ROBBERY,5,violent,40.732429,-73.997798,5.0
2026-03-28,ASSAULT 3 & RELATED OFFENSES,4,violent,40.760372,-73.981212,4.0
2025-12-29,ROBBERY,5,violent,40.815101,-73.943252,5.0
2026-05-15,ASSAULT 3 & RELATED OFFENSES,4,violent,40.79775,-73.917976,4.0
2025-06-24,ROBBERY,5,violent,40.706735,-73.922589,5.0
2025-08-29,ROBBERY,5,violent,40.81236,-73.94782,5.0
2025-02-14,ASSAULT 3 & RELATED OFFENSES,4,violent,40.809793,-73.945599,4.0
2025-10-19,ASSAULT 3 & RELATED OFFENSES,4,violent,40.707445,-74.001352,4.0
2025-07-18,ROBBERY,5,violent,40.751764,-74.005982,5.0
2026-05-25,ROBBERY,5,violent,40.815144,-73.951111,5.0
2026-07-04,ROBBERY,5,violent,40.75863,-73.984555,5.0
2026-05-12,ASSAULT 3 & RELATED OFFENSES,4,violent,40.757843,-73.983572,4.0
2025-03-13,ROBBERY,5,violent,40.807432,-73.944198,5.0
2025-05-03,ASSAULT 3 & RELATED OFFENSES,4,violent,40.812078,-73.940241,4.0
2026-03-21,ASSAULT 3 & RELATED OFFENSES,4,violent,40.836219,-73.945673,4.0
2025-11-28,ASSAULT 3 & RELATED OFFENSES,4,violent,40.729703,-73.991148,4.0
2026-06-06,ROBBERY,5,violent,40.83726,-73.923116,5.0
2026-01-05,ROBBERY,5,violent,40.81415,-73.944258,5.0
2025-08-26,ROBBERY,5,violent,40.711872,-73.941549,5.0
2026-01-23,ASSAULT 3 & RELATED OFFENSES,4,violent,40.766397,-73.983185,4.0
2026-01-14,ROBBERY,5,violent,40.73044,-73.994568,5.0
2026-03-31,ROBBERY,5,violent,40.810049,-73.951052,5.0
2025-11-30,ASSAULT 3 & RELATED OFFENSES,4,violent,40.819632,-73.920372,4.0
2025-08-08,ROBBERY,5,violent,40.705962,-73.948475,5.0
2026-06-18,ROBBERY,5,violent,40.710728,-73.998345,5.0
2025-03-15,ROBBERY,5,violent,40.733349,-73.996192,5.0
2025-12-01,ROBBERY,5,violent,40.727371,-73.998343,5.0
2025-04-12,ROBBERY,5,violent,40.75164,-73.980068,5.0
2025-01-03,ROBBERY,5,violent,40.831222,-73.90993,5.0
2025-08-09,ROBBERY,5,violent,40.829944,-73.94159,5.0
2025-03-20,ASSAULT 3 & RELATED OFFENSES,4,violent,40.763454,-73.990607,4.0
2025-06-25,ASSAULT 3 & RELATED OFFENSES,4,violent,40.76084,-73.982491,4.0
2025-11-25,ASSAULT 3 & RELATED OFFENSES,4,violent,40.713189,-73.955207,4.0
2025-05-10,ASSAULT 3 & RELATED OFFENSES,4,violent,40.812096,-73.965259,4.0
2026-06-11,ASSAULT 3 & RELATED OFFENSES,4,violent,40.751781,-73.990272,4.0
2025-07-10,ROBBERY,5,violent,40.755657,-74.00544,5.0
2026-03-28,ASSAULT 3 & RELATED OFFENSES,4,violent,40.729069,-73.956027,4.0
2025-09-03,ROBBERY,5,violent,40.72517,-73.951406,5.0
2025-05-20,ROBBERY,5,violent,40.810747,-73.947431,5.0
2025-04-12,ASSAULT 3 & RELATED OFFENSES,4,violent,40.807042,-73.948254,4.0
2026-07-31,ROBBERY,5,violent,40.724239,-73.989021,5.0
2025-06-04,ROBBERY,5,violent,40.721642,-74.007798,5.0
2025-11-25,ASSAULT 3 & RELATED OFFENSES,4,violent,40.773299,-73.958363,4.0
2026-03-09,ROBBERY,5,violent,40.81608,-73.941874,5.0
2025-04-03,ROBBERY,5,violent,40.784474,-73.952153,5.0
2025-02-18,ROBBERY,5,violent,40.811948,-73.954097,5.0
2025-02-23,ROBBERY,5,violent,40.765172,-73.977658,5.0
2026-06-12,ASSAULT 3 & RELATED OFFENSES,4,violent,40.733266,-73.994345,4.0
2025-07-16,ASSAULT 3 & RELATED OFFENSES,4,violent,40.708852,-73.99756,4.0
2026-01-07,ASSAULT 3 & RELATED OFFENSES,4,violent,40.77926,-73.9149,4.0
2026-06-29,ROBBERY,5,violent,40.742307,-73.927207,5.0
2025-09-27,ASSAULT 3 & RELATED OFFENSES,4,violent,40.722806,-73.996208,4.0
2025-02-28,ASSAULT 3 & RELATED OFFENSES,4,violent,40.777162,-73.990453,4.0
2025-06-09,ASSAULT 3 & RELATED OFFENSES,4,violent,40.836324,-73.923072,4.0
2025-09-03,ROBBERY,5,violent,40.727101,-73.996242,5.0
2025-10-17,ROBBERY,5,violent,40.81383,-73.943439,5.0
2026-03-09,ROBBERY,5,violent,40.809313,-73.949708,5.0
2025-04-04,ROBBERY,5,violent,40.72563,-73.999234,5.0
2026-06-05,ASSAULT 3 & RELATED OFFENSES,4,violent,40.807696,-73.946492,4.0
2026-07-14,ASSAULT 3 & RELATED OFFENSES,4,violent,40.823147,-73.910149,4.0
2026-06-27,ASSAULT 3 & RELATED OFFENSES,4,violent,40.808282,-73.946485,4.0
2026-04-02,ASSAULT 3 & RELATED OFFENSES,4,violent,40.740115,-73.946325,4.0
2026-03-13,ROBBERY,5,violent,40.725227,-73.996718,5.0
2026-05-31,ASSAULT 3 & RELATED OFFENSES,4,violent,40.815815,-73.945307,4.0
2025-02-14,ROBBERY,5,violent,40.761052,-73.984148,5.0
2026-07-01,ASSAULT 3 & RELATED OFFENSES,4,violent,40.766123,-73.98449,4.0
2025-12-26,ROBBERY,5,violent,40.726828,-73.996686,5.0
2025-05-18,ASSAULT 3 & RELATED OFFENSES,4,violent,40.706062,-74.002142,4.0
2025-03-14,ROBBERY,5,violent,40.801207,-73.942341,5.0
2025-11-29,ASSAULT 3 & RELATED OFFENSES,4,violent,40.707765,-73.999424,4.0
2025-09-14,ROBBERY,5,violent,40.731279,-73.989293,5.0
2025-10-10,ASSAULT 3 & RELATED OFFENSES,4,violent,40.705728,-74.00184,4.0
2025-11-06,ROBBERY,5,violent,40.735278,-73.906388,5.0
2025-06-13,ASSAULT 3 & RELATED OFFENSES,4,violent,40.71124,-73.996998,4.0
2025-05-06,ROBBERY,5,violent,40.725777,-73.995527,5.0
2026-05-12,ROBBERY,5,violent,40.702697,-73.992318,5.0
2025-08-16,ASSAULT 3 & RELATED OFFENSES,4,violent,40.851728,-73.951024,4.0
2025-03-17,ASSAULT 3 & RELATED OFFENSES,4,violent,40.731013,-73.999019,4.0
2026-06-26,ASSAULT 3 & RELATED OFFENSES,4,violent,40.757041,-73.955609,4.0
2025-03-12,ASSAULT 3 & RELATED OFFENSES,4,violent,40.703964,-73.993827,4.0
2025-04-23,ROBBERY,5,violent,40.759596,-73.988971,5.0
2025-08-05,ROBBERY,5,violent,40.717222,-73.904046,5.0
2025-06-08,ASSAULT 3 & RELATED OFFENSES,4,violent,40.741512,-73.991259,4.0
2025-12-12,ASSAULT 3 & RELATED OFFENSES,4,violent,40.707821,-73.998879,4.0
2025-01-11,ASSAULT 3 & RELATED OFFENSES,4,violent,40.759036,-73.987857,4.0
2025-02-08,ASSAULT 3 & RELATED OFFENSES,4,violent,40.809344,-73.944548,4.0
2025-09-17,ASSAULT 3 & RELATED OFFENSES,4,violent,40.790974,-73.953417,4.0
2025-09-08,ASSAULT 3 & RELATED OFFENSES,4,violent,40.809223,-73.947974,4.0
2025-04-26,ASSAULT 3 & RELATED OFFENSES,4,violent,40.759355,-73.987029,4.0
2025-12-09,ROBBERY,5,violent,40.728595,-73.997528,5.0
2025-12-16,ASSAULT 3 & RELATED OFFENSES,4,violent,40.764164,-73.984365,4.0
2026-06-17,ASSAULT 3 & RELATED OFFENSES,4,violent,40.729606,-73.993932,4.0
2025-06-08,ROBBERY,5,violent,40.759392,-73.984398,5.0
2025-01-14,ROBBERY,5,violent,40.757654,-73.978963,5.0
2026-06-01,ASSAULT 3 & RELATED OFFENSES,4,violent,40.874863,-73.909104,4.0
2025-04-18,ROBBERY,5,violent,40.750246,-73.992248,5.0
2026-02-14,ROBBERY,5,violent,40.816593,-73.941465,5.0
2026-02-16,ASSAULT 3 & RELATED OFFENSES,4,violent,40.867462,-73.925297,4.0
2025-12-17,ROBBERY,5,violent,40.759402,-73.982935,5.0
2025-10-04,ROBBERY,5,violent,40.728684,-73.999073,5.0
2026-07-03,ROBBERY,5,violent,40.773058,-73.952738,5.0
2025-06-27,ROBBERY,5,violent,40.732616,-73.998584,5.0
2026-01-21,ASSAULT 3 & RELATED OFFENSES,4,violent,40.728725,-74.000649,4.0
2026-04-13,ROBBERY,5,violent,40.756016,-73.985022,5.0
2025-12-30,ASSAULT 3 & RELATED OFFENSES,4,violent,40.726705,-73.99396,4.0
2026-03-09,ASSAULT 3 & RELATED OFFENSES,4,violent,40.73542,-73.974508,4.0
2025-09-19,ROBBERY,5,violent,40.757095,-73.981051,5.0
2026-03-12,ASSAULT 3 & RELATED OFFENSES,4,violent,40.732054,-73.99717,4.0
2025-04-24,ASSAULT 3 & RELATED OFFENSES,4,violent,40.730997,-73.995691,4.0
2025-09-16,ASSAULT 3 & RELATED OFFENSES,4,violent,40.759519,-73.988231,4.0
2025-03-28,ASSAULT 3 & RELATED OFFENSES,4,violent,40.73475,-73.99961,4.0
2026-04-10,ASSAULT 3 & RELATED OFFENSES,4,violent,40.810644,-73.944442,4.0
2026-06-29,ROBBERY,5,violent,40.732632,-73.993526,5.0
2025-03-15,ROBBERY,5,violent,40.711578,-73.996091,5.0
2025-10-10,ASSAULT 3 & RELATED OFFENSES,4,violent,40.733309,-73.998363,4.0
2025-07-23,ROBBERY,5,violent,40.741449,-73.903871,5.0
2025-01-09,ASSAULT 3 & RELATED OFFENSES,4,violent,40.750187,-73.913895,4.0
2025-12-04,ROBBERY,5,violent,40.748805,-73.984441,5.0
2026-05-14,ASSAULT 3 & RELATED OFFENSES,4,violent,40.718451,-73.920579,4.0
2025-01-11,ASSAULT 3 & RELATED OFFENSES,4,violent,40.728317,-74.002183,4.0
2026-04-22,ASSAULT 3 & RELATED OFFENSES,4,violent,40.728501,-73.997691,4.0
2025-12-30,ROBBERY,5,violent,40.761342,-73.985914,5.0
2025-05-24,ASSAULT 3 & RELATED OFFENSES,4,violent,40.728227,-73.995168,4.0
2026-02-15,ASSAULT 3 & RELATED OFFENSES,4,violent,40.730183,-73.993064,4.0
2025-09-21,ROBBERY,5,violent,40.811331,-73.93975,5.0
2025-09-12,ROBBERY,5,violent,40.762052,-73.98293,5.0
2025-01-16,ROBBERY,5,violent,40.759585,-73.979534,5.0
2025-01-02,ASSAULT 3 & RELATED OFFENSES,4,violent,40.709422,-74.00144,4.0
2025-11-08,ROBBERY,5,violent,40.763283,-73.986945,5.0
2026-05-30,ASSAULT 3 & RELATED OFFENSES,4,violent,40.813797,-73.949308,4.0
2025-03-17,ASSAULT 3 & RELATED OFFENSES,4,violent,40.876408,-73.901275,4.0
2025-01-10,ROBBERY,5,violent,40.704347,-73.993572,5.0
2026-03-24,ASSAULT 3 & RELATED OFFENSES,4,violent,40.729167,-74.00218,4.0
2026-01-17,ROBBERY,5,violent,40.759656,-73.989799,5.0
2025-11-12,ROBBERY,5,violent,40.714455,-73.907388,5.0
2026-05-30,ASSAULT 3 & RELATED OFFENSES,4,violent,40.761279,-73.992953,4.0
2026-04-05,ROBBERY,5,violent,40.726799,-73.99438,5.0
2025-03-10,ROBBERY,5,violent,40.753473,-73.988474,5.0
2025-07-04,ASSAULT 3 & RELATED OFFENSES,4,violent,40.717974,-74.000147,4.0
2026-07-12,ROBBERY,5,violent,40.762954,-73.983901,5.0
2025-12-03,ASSAULT 3 & RELATED OFFENSES,4,violent,40.712845,-73.996662,4.0
2025-01-29,ROBBERY,5,violent,40.809485,-73.949035,5.0
2025-01-14,ASSAULT 3 & RELATED OFFENSES,4,violent,40.764727,-73.984608,4.0
2026-07-27,ASSAULT 3 & RELATED OFFENSES,4,violent,40.743042,-73.945274,4.0
2025-10-19,ROBBERY,5,violent,40.727288,-73.995862,5.0
2026-01-24,ASSAULT 3 & RELATED OFFENSES,4,violent,40.753991,-73.988798,4.0
2025-11-22,ROBBERY,5,violent,40.729627,-73.99692,5.0
2025-06-04,ROBBERY,5,violent,40.811513,-73.940143,5.0
2025-01-27,ASSAULT 3 & RELATED OFFENSES,4,violent,40.810972,-73.947849,4.0
2025-09-07,ROBBERY,5,violent,40.760376,-73.986303,5.0
2025-06-21,ROBBERY,5,violent,40.814294,-73.939019,5.0
2026-01-30,ASSAULT 3 & RELATED OFFENSES,4,violent,40.808816,-73.952604,4.0
2025-11-10,ASSAULT 3 & RELATED OFFENSES,4,violent,40.736188,-73.954145,4.0
2025-06-04,ASSAULT 3 & RELATED OFFENSES,4,violent,40.730934,-74.001656,4.0
2026-03-03,ROBBERY,5,violent,40.730415,-73.991882,5.0
2026-05-27,ASSAULT 3 & RELATED OFFENSES,4,violent,40.730375,-73.990674,4.0
2026-05-08,ASSAULT 3 & RELATED OFFENSES,4,violent,40.711638,-73.922643,4.0
2026-01-18,ASSAULT 3 & RELATED OFFENSES,4,violent,40.729251,-73.998807,4.0
2026-07-02,ASSAULT 3 & RELATED OFFENSES,4,violent,40.813616,-73.936312,4.0
2025-04-16,ROBBERY,5,violent,40.767275,-73.992174,5.0
2026-06-26,ROBBERY,5,violent,40.707784,-73.91143,5.0
2026-03-02,ROBBERY,5,violent,40.811653,-73.945156,5.0
2025-02-14,ASSAULT 3 & RELATED OFFENSES,4,violent,40.757486,-73.978149,4.0
2025-01-29,ROBBERY,5,violent,40.761907,-73.972036,5.0
2025-12-26,ASSAULT 3 & RELATED OFFENSES,4,violent,40.745097,-74.00727,4.0
2025-09-04,ROBBERY,5,violent,40.759379,-73.981813,5.0
2025-03-27,ASSAULT 3 & RELATED OFFENSES,4,violent,40.811199,-73.951873,4.0
2026-05-14,ROBBERY,5,violent,40.799385,-73.970192,5.0
2025-04-28,ASSAULT 3 & RELATED OFFENSES,4,violent,40.760153,-73.943351,4.0
2025-06-07,ASSAULT 3 & RELATED OFFENSES,4,violent,40.809144,-73.947761,4.0
2026-07-22,ROBBERY,5,violent,40.761845,-73.985587,5.0
2025-06-06,ASSAULT 3 & RELATED OFFENSES,4,violent,40.80764,-73.938009,4.0
2025-10-05,ASSAULT 3 & RELATED OFFENSES,4,violent,40.730766,-73.999161,4.0
2025-10-09,ASSAULT 3 & RELATED OFFENSES,4,violent,40.723271,-73.994381,4.0
2025-04-27,ASSAULT 3 & RELATED OFFENSES,4,violent,40.758451,-73.988277,4.0
2025-01-23,ROBBERY,5,violent,40.72917,-73.997731,5.0
2026-02-07,ASSAULT 3 & RELATED OFFENSES,4,violent,40.813043,-73.946967,4.0
2025-03-18,ASSAULT 3 & RELATED OFFENSES,4,violent,40.811679,-73.941571,4.0
2025-10-06,ASSAULT 3 & RELATED OFFENSES,4,violent,40.73132,-74.000286,4.0
2025-11-05,ASSAULT 3 & RELATED OFFENSES,4,violent,40.774276,-73.98282,4.0
2025-04-09,ASSAULT 3 & RELATED OFFENSES,4,violent,40.79276,-73.971603,4.0
2025-12-17,ASSAULT 3 & RELATED OFFENSES,4,violent,40.764655,-73.982978,4.0
2026-06-15,ASSAULT 3 & RELATED OFFENSES,4,violent,40.801335,-73.929706,4.0
2025-07-01,ROBBERY,5,violent,40.70533,-74.002258,5.0
2025-05-28,ROBBERY,5,violent,40.707856,-73.999549,5.0
2025-06-27,ASSAULT 3 & RELATED OFFENSES,4,violent,40.762173,-73.986032,4.0
2025-01-27,ASSAULT 3 & RELATED OFFENSES,4,violent,40.727395,-73.999297,4.0
2026-02-25,ASSAULT 3 & RELATED OFFENSES,4,violent,40.810149,-73.926217,4.0
2026-01-24,ROBBERY,5,violent,40.727839,-74.002813,5.0
2026-05-19,ASSAULT 3 & RELATED OFFENSES,4,violent,40.759614,-73.991703,4.0
2025-03-09,ROBBERY,5,violent,40.723193,-73.99907,5.0
2025-10-03,ROBBERY,5,violent,40.755607,-73.98577,5.0
2025-08-26,ROBBERY,5,violent,40.87803,-73.904038,5.0
2026-02-06,ROBBERY,5,violent,40.756211,-73.979972,5.0
2026-04-07,ASSAULT 3 & RELATED OFFENSES,4,violent,40.80753,-73.947895,4.0
2026-06-15,ROBBERY,5,violent,40.852495,-73.903672,5.0
2026-06-16,ASSAULT 3 & RELATED OFFENSES,4,violent,40.764138,-73.926766,4.0
2025-10-06,ROBBERY,5,violent,40.797119,-73.942619,5.0
2025-10-24,ROBBERY,5,violent,40.81073,-73.945998,5.0
2026-01-31,ASSAULT 3 & RELATED OFFENSES,4,violent,40.751918,-73.987353,4.0
2026-05-29,ROBBERY,5,violent,40.745922,-73.940197,5.0
2026-01-26,ROBBERY,5,violent,40.810341,-73.947148,5.0
2026-01-04,ASSAULT 3 & RELATED OFFENSES,4,violent,40.760395,-73.986328,4.0
2026-03-19,ROBBERY,5,violent,40.812121,-73.942399,5.0
2026-03-18,ROBBERY,5,violent,40.820068,-73.917273,5.0
2025-09-19,ASSAULT 3 & RELATED OFFENSES,4,violent,40.729238,-73.989995,4.0
2026-04-20,ASSAULT 3 & RELATED OFFENSES,4,violent,40.808853,-73.941844,4.0
2025-04-27,ROBBERY,5,violent,40.816155,-73.950826,5.0
2026-05-06,ROBBERY,5,violent,40.709408,-73.99256,5.0
2025-07-03,ROBBERY,5,violent,40.759253,-73.980793,5.0
2025-06-23,ROBBERY,5,violent,40.722874,-73.960262,5.0
2026-01-20,ROBBERY,5,violent,40.78455,-73.95165,5.0
2025-03-14,ASSAULT 3 & RELATED OFFENSES,4,violent,40.757837,-73.984557,4.0
2025-05-19,ASSAULT 3 & RELATED OFFENSES,4,violent,40.808646,-73.945151,4.0
2025-06-20,ASSAULT 3 & RELATED OFFENSES,4,violent,40.728154,-73.994585,4.0
2026-01-20,ASSAULT 3 & RELATED OFFENSES,4,violent,40.761926,-73.987802,4.0
2026-03-04,ASSAULT 3 & RELATED OFFENSES,4,violent,40.814269,-73.94116,4.0
2026-07-07,ASSAULT 3 & RELATED OFFENSES,4,violent,40.700647,-73.993465,4.0
2025-07-18,ROBBERY,5,violent,40.792322,-73.97423,5.0
2025-08-23,ASSAULT 3 & RELATED OFFENSES,4,violent,40.728948,-73.996807,4.0
2025-01-08,ROBBERY,5,violent,40.810426,-73.953567,5.0
2025-01-16,ASSAULT 3 & RELATED OFFENSES,4,violent,40.726988,-74.001732,4.0
2026-01-12,ASSAULT 3 & RELATED OFFENSES,4,violent,40.766903,-73.986999,4.0
2025-07-23,ROBBERY,5,violent,40.724335,-73.997991,5.0
2025-02-01,ASSAULT 3 & RELATED OFFENSES,4,violent,40.726863,-73.992386,4.0
2025-06-02,ROBBERY,5,violent,40.757488,-73.98166,5.0
2025-12-16,ASSAULT 3 & RELATED OFFENSES,4,violent,40.730726,-73.994913,4.0
2026-03-24,ASSAULT 3 & RELATED OFFENSES,4,violent,40.702712,-73.962547,4.0
2025-10-24,ASSAULT 3 & RELATED OFFENSES,4,violent,40.806717,-73.945738,4.0
2025-02-23,ROBBERY,5,violent,40.731951,-73.995334,5.0
2026-03-26,ASSAULT 3 & RELATED OFFENSES,4,violent,40.804613,-73.951504,4.0
2026-06-24,ROBBERY,5,violent,40.761114,-73.987846,5.0
2025-03-19,ROBBERY,5,violent,40.72835,-73.995086,5.0
2026-02-01,ROBBERY,5,violent,40.728068,-73.991995,5.0
2025-07-19,ASSAULT 3 & RELATED OFFENSES,4,violent,40.817604,-73.943607,4.0
2025-07-03,ASSAULT 3 & RELATED OFFENSES,4,violent,40.848812,-73.92445,4.0
2026-05-08,ASSAULT 3 & RELATED OFFENSES,4,violent,40.73037,-73.9952,4.0
2025-06-03,ROBBERY,5,violent,40.729374,-73.994384,5.0
2025-11-04,ASSAULT 3 & RELATED OFFENSES,4,violent,40.727924,-73.991649,4.0
2026-01-31,ROBBERY,5,violent,40.757983,-73.986855,5.0
2025-12-07,ASSAULT 3 & RELATED OFFENSES,4,violent,40.726026,-73.999502,4.0
2026-06-19,ROBBERY,5,violent,40.757259,-73.990889,5.0
2026-07-17,ROBBERY,5,violent,40.857531,-73.937441,5.0
2025-01-28,ASSAULT 3 & RELATED OFFENSES,4,violent,40.806263,-73.938945,4.0
2026-01-07,ROBBERY,5,violent,40.75641,-73.987258,5.0
2025-03-08,ASSAULT 3 & RELATED OFFENSES,4,violent,40.760206,-73.994206,4.0
2026-03-02,ROBBERY,5,violent,40.730307,-73.997662,5.0
2025-01-22,ASSAULT 3 & RELATED OFFENSES,4,violent,40.753848,-73.989184,4.0
2025-11-06,ROBBERY,5,violent,40.703957,-73.994042,5.0
2026-04-10,ROBBERY,5,violent,40.814463,-73.944143,5.0
2025-01-16,ASSAULT 3 & RELATED OFFENSES,4,violent,40.766272,-73.989883,4.0
2026-07-19,ASSAULT 3 & RELATED OFFENSES,4,violent,40.756656,-73.983062,4.0
2025-10-24,ROBBERY,5,violent,40.757176,-73.990452,5.0
2026-03-20,ROBBERY,5,violent,40.70715,-73.90118,5.0
2025-09-06,ROBBERY,5,violent,40.817642,-73.945659,5.0
2025-09-28,ASSAULT 3 & RELATED OFFENSES,4,violent,40.757148,-73.983313,4.0
2025-12-27,ASSAULT 3 & RELATED OFFENSES,4,violent,40.704645,-73.917419,4.0
2025-07-29,ROBBERY,5,violent,40.730396,-73.996037,5.0
2026-07-19,ROBBERY,5,violent,40.799011,-73.909502,5.0
2025-01-05,ASSAULT 3 & RELATED OFFENSES,4,violent,40.806168,-73.926693,4.0
2026-05-31,ROBBERY,5,violent,40.731643,-73.988552,5.0
2025-01-20,ROBBERY,5,violent,40.808792,-73.947533,5.0
2026-02-07,ASSAULT 3 & RELATED OFFENSES,4,violent,40.754924,-73.981055,4.0
2025-02-22,ASSAULT 3 & RELATED OFFENSES,4,violent,40.708339,-73.900833,4.0
2025-03-16,ROBBERY,5,violent,40.75475,-73.992364,5.0
2026-06-21,ROBBERY,5,violent,40.813098,-73.947668,5.0
2026-04-06,ROBBERY,5,violent,40.784055,-73.918023,5.0
2025-08-12,ROBBERY,5,violent,40.70428,-73.989094,5.0
2026-07-07,ROBBERY,5,violent,40.758703,-73.986077,5.0
2026-04-18,ASSAULT 3 & RELATED OFFENSES,4,violent,40.756469,-73.991584,4.0
2025-06-08,ROBBERY,5,violent,40.741412,-73.916156,5.0
2026-07-02,ROBBERY,5,violent,40.788294,-73.949801,5.0
2025-03-18,ASSAULT 3 & RELATED OFFENSES,4,violent,40.814791,-73.947049,4.0
2025-10-16,ASSAULT 3 & RELATED OFFENSES,4,violent,40.734246,-73.945266,4.0
2026-03-29,ASSAULT 3 & RELATED OFFENSES,4,violent,40.809864,-73.948668,4.0
2026-07-15,ROBBERY,5,violent,40.804793,-73.945803,5.0
2025-02-22,ROBBERY,5,violent,40.814955,-73.944249,5.0
2026-03-25,ASSAULT 3 & RELATED OFFENSES,4,violent,40.734644,-73.980042,4.0
2025-10-17,ASSAULT 3 & RELATED OFFENSES,4,violent,40.811694,-73.945941,4.0
2026-07-29,ROBBERY,5,violent,40.782449,-73.978872,5.0
2025-03-08,ASSAULT 3 & RELATED OFFENSES,4,violent,40.765715,-73.982144,4.0
2026-01-27,ROBBERY,5,violent,40.852536,-73.928255,5.0
2026-05-23,ASSAULT 3 & RELATED OFFENSES,4,violent,40.851926,-73.926888,4.0
2025-03-27,ROBBERY,5,violent,40.761114,-73.986392,5.0
2025-12-01,ASSAULT 3 & RELATED OFFENSES,4,violent,40.801691,-73.929475,4.0
2026-02-06,ROBBERY,5,violent,40.809569,-73.941631,5.0
2025-05-14,ROBBERY,5,violent,40.758131,-73.993161,5.0
2025-03-28,ROBBERY,5,violent,40.762049,-73.992493,5.0
2025-08-04,ASSAULT 3 & RELATED OFFENSES,4,violent,40.728713,-73.920439,4.0
2026-01-01,ASSAULT 3 & RELATED OFFENSES,4,violent,40.847788,-73.908168,4.0
2026-07-28,ASSAULT 3 & RELATED OFFENSES,4,violent,40.755982,-73.98381,4.0
2026-02-15,ROBBERY,5,violent,40.712423,-74.012626,5.0
2025-01-05,ASSAULT 3 & RELATED OFFENSES,4,violent,40.792484,-73.950434,4.0
2026-01-18,ASSAULT 3 & RELATED OFFENSES,4,violent,40.760692,-73.982017,4.0
2026-05-23,ASSAULT 3 & RELATED OFFENSES,4,violent,40.80913,-73.945062,4.0
2026-05-17,ASSAULT 3 & RELATED OFFENSES,4,violent,40.726504,-74.002578,4.0
2025-08-22,ROBBERY,5,violent,40.73128,-73.995344,5.0
2025-02-02,ASSAULT 3 & RELATED OFFENSES,4,violent,40.70727,-73.998273,4.0
2026-04-05,ASSAULT 3 & RELATED OFFENSES,4,violent,40.70355,-73.993822,4.0
2025-08-21,ROBBERY,5,violent,40.807004,-73.949025,5.0
2025-04-01,ASSAULT 3 & RELATED OFFENSES,4,violent,40.745852,-73.938092,4.0
2026-05-03,ROBBERY,5,violent,40.731739,-73.9597,5.0
2026-03-29,ASSAULT 3 & RELATED OFFENSES,4,violent,40.760183,-73.914359,4.0
2026-05-06,ASSAULT 3 & RELATED OFFENSES,4,violent,40.704595,-74.00673,4.0
2025-07-31,ROBBERY,5,violent,40.73009,-73.927137,5.0
2026-06-24,ASSAULT 3 & RELATED OFFENSES,4,violent,40.81565,-73.95284,4.0
2026-03-09,ROBBERY,5,violent,40.816454,-73.950654,5.0
2025-10-18,ASSAULT 3 & RELATED OFFENSES,4,violent,40.733808,-74.003579,4.0
2026-02-05,ROBBERY,5,violent,40.871716,-73.913637,5.0
2026-01-14,ASSAULT 3 & RELATED OFFENSES,4,violent,40.725328,-73.912112,4.0
2026-03-13,ASSAULT 3 & RELATED OFFENSES,4,violent,40.705542,-74.001298,4.0
2026-04-23,ASSAULT 3 & RELATED OFFENSES,4,violent,40.820129,-73.905381,4.0
2025-05-08,ROBBERY,5,violent,40.85264,-73.918027,5.0
2025-12-31,ROBBERY,5,violent,40.766184,-73.935647,5.0
2025-05-13,ROBBERY,5,violent,40.813029,-73.948955,5.0
2025-08-24,ASSAULT 3 & RELATED OFFENSES,4,violent,40.730148,-74.001582,4.0
2025-09-21,ROBBERY,5,violent,40.81274,-73.953084,5.0
2025-05-20,ASSAULT 3 & RELATED OFFENSES,4,violent,40.731383,-73.993258,4.0
2025-12-22,ROBBERY,5,violent,40.759705,-73.987099,5.0
2025-05-20,ROBBERY,5,violent,40.741603,-74.003245,5.0
2025-06-14,ROBBERY,5,violent,40.808048,-73.951995,5.0
2025-03-17,ROBBERY,5,violent,40.831861,-73.914884,5.0
2025-03-01,ASSAULT 3 & RELATED OFFENSES,4,violent,40.758246,-73.916605,4.0
2025-11-17,ROBBERY,5,violent,40.723144,-73.97882,5.0
2025-04-30,ASSAULT 3 & RELATED OFFENSES,4,violent,40.831274,-73.929066,4.0
2025-06-06,ASSAULT 3 & RELATED OFFENSES,4,violent,40.703538,-73.995356,4.0
2026-04-11,ASSAULT 3 & RELATED OFFENSES,4,violent,40.734779,-73.994549,4.0
2025-01-26,ASSAULT 3 & RELATED OFFENSES,4,violent,40.785467,-73.970937,4.0
2025-02-20,ASSAULT 3 & RELATED OFFENSES,4,violent,40.755432,-73.998522,4.0
2026-05-24,ASSAULT 3 & RELATED OFFENSES,4,violent,40.756052,-73.980496,4.0
2026-02-08,ASSAULT 3 & RELATED OFFENSES,4,violent,40.763255,-73.987356,4.0
2025-12-04,ASSAULT 3 & RELATED OFFENSES,4,violent,40.719802,-74.011287,4.0
2026-02-07,ROBBERY,5,violent,40.704507,-73.994592,5.0
2026-02-12,ROBBERY,5,violent,40.812312,-73.95039,5.0
2025-11-22,ROBBERY,5,violent,40.732118,-73.992786,5.0
2025-05-20,ASSAULT 3 & RELATED OFFENSES,4,violent,40.756407,-73.988809,4.0
2025-05-27,ROBBERY,5,violent,40.760183,-73.986397,5.0
2025-03-06,ASSAULT 3 & RELATED OFFENSES,4,violent,40.828042,-73.924523,4.0
2025-05-07,ROBBERY,5,violent,40.754172,-73.979447,5.0
2025-11-11,ROBBERY,5,violent,40.734934,-73.955631,5.0
2025-03-02,ASSAULT 3 & RELATED OFFENSES,4,violent,40.703533,-73.948078,4.0
2026-07-21,ASSAULT 3 & RELATED OFFENSES,4,violent,40.814401,-73.946974,4.0
2026-07-22,ASSAULT 3 & RELATED OFFENSES,4,violent,40.736279,-73.972896,4.0
2025-02-16,ROBBERY,5,violent,40.811779,-73.945141,5.0
2025-04-21,ASSAULT 3 & RELATED OFFENSES,4,violent,40.757688,-73.991077,4.0
2026-04-21,ROBBERY,5,violent,40.727244,-73.998779,5.0
2025-07-07,ASSAULT 3 & RELATED OFFENSES,4,violent,40.772407,-73.955261,4.0
2025-05-30,ROBBERY,5,violent,40.772725,-73.962465,5.0
2026-03-13,ROBBERY,5,violent,40.816244,-73.94216,5.0
2026-05-11,ASSAULT 3 & RELATED OFFENSES,4,violent,40.721146,-73.957283,4.0
2025-08-04,ROBBERY,5,violent,40.728208,-74.000736,5.0
2025-05-19,ASSAULT 3 & RELATED OFFENSES,4,violent,40.731179,-73.993223,4.0
2026-02-15,ROBBERY,5,violent,40.750186,-73.985547,5.0
2025-01-26,ROBBERY,5,violent,40.730677,-73.999084,5.0
2025-05-29,ASSAULT 3 & RELATED OFFENSES,4,violent,40.722335,-73.956155,4.0
2025-12-01,ASSAULT 3 & RELATED OFFENSES,4,violent,40.86415,-73.913017,4.0
2026-06-28,ROBBERY,5,violent,40.784323,-73.98093,5.0
2025-12-16,ROBBERY,5,violent,40.762448,-73.991261,5.0
2026-02-06,ROBBERY,5,violent,40.819609,-73.939015,5.0
2026-01-20,ROBBERY,5,violent,40.760315,-73.991168,5.0
2025-02-21,ASSAULT 3 & RELATED OFFENSES,4,violent,40.758898,-73.985662,4.0
2026-02-14,ROBBERY,5,violent,40.755608,-73.986833,5.0
2025-03-29,ASSAULT 3 & RELATED OFFENSES,4,violent,40.753396,-73.984801,4.0
2025-06-02,ROBBERY,5,violent,40.820358,-73.937411,5.0
2026-06-13,ROBBERY,5,violent,40.759732,-73.9855,5.0
2025-08-07,ROBBERY,5,violent,40.707519,-73.999342,5.0
2026-04-01,ROBBERY,5,violent,40.727335,-74.002151,5.0
2025-07-13,ROBBERY,5,violent,40.807932,-73.949833,5.0
2026-06-29,ASSAULT 3 & RELATED OFFENSES,4,violent,40.806472,-73.951972,4.0
2026-03-01,ASSAULT 3 & RELATED OFFENSES,4,violent,40.727095,-73.992948,4.0
2025-12-04,ROBBERY,5,violent,40.757741,-73.983927,5.0
2025-09-27,ROBBERY,5,violent,40.811145,-73.94975,5.0
2025-02-17,ASSAULT 3 & RELATED OFFENSES,4,violent,40.807297,-73.948728,4.0
2025-02-07,ASSAULT 3 & RELATED OFFENSES,4,violent,40.745331,-73.971489,4.0
2025-05-18,ASSAULT 3 & RELATED OFFENSES,4,violent,40.763635,-73.983164,4.0
2025-08-01,ASSAULT 3 & RELATED OFFENSES,4,violent,40.761435,-73.925744,4.0
2025-10-09,ASSAULT 3 & RELATED OFFENSES,4,violent,40.728622,-73.995587,4.0
2026-05-08,ROBBERY,5,violent,40.810661,-73.95327,5.0
2025-05-22,ROBBERY,5,violent,40.761144,-73.977003,5.0
2025-07-22,ASSAULT 3 & RELATED OFFENSES,4,violent,40.703322,-73.993308,4.0
2025-02-02,ROBBERY,5,violent,40.732678,-73.997506,5.0
2025-11-25,ASSAULT 3 & RELATED OFFENSES,4,violent,40.708733,-73.993216,4.0
2026-06-28,ASSAULT 3 & RELATED OFFENSES,4,violent,40.802813,-73.944921,4.0
2025-02-16,ASSAULT 3 & RELATED OFFENSES,4,violent,40.762909,-73.985847,4.0
2025-01-06,ROBBERY,5,violent,40.845837,-73.902054,5.0
2026-04-09,ROBBERY,5,violent,40.749287,-73.990889,5.0
2025-03-03,ROBBERY,5,violent,40.805419,-73.951558,5.0
2025-05-01,ASSAULT 3 & RELATED OFFENSES,4,violent,40.751868,-73.984745,4.0
2026-07-26,ASSAULT 3 & RELATED OFFENSES,4,violent,40.727268,-73.988485,4.0
2026-02-23,ASSAULT 3 & RELATED OFFENSES,4,violent,40.73953,-74.005434,4.0
2025-01-17,ASSAULT 3 & RELATED OFFENSES,4,violent,40.815333,-73.910295,4.0
2025-02-05,ROBBERY,5,violent,40.708951,-73.996637,5.0
2025-02-10,ROBBERY,5,violent,40.724719,-73.998615,5.0
2025-11-26,ROBBERY,5,violent,40.811194,-73.94356,5.0
2025-04-27,ASSAULT 3 & RELATED OFFENSES,4,violent,40.761097,-73.991241,4.0
2025-01-01,ROBBERY,5,violent,40.705153,-73.986522,5.0
2026-05-10,ROBBERY,5,violent,40.727016,-73.996046,5.0
2026-01-04,ROBBERY,5,violent,40.704347,-73.994911,5.0
2025-09-05,ROBBERY,5,violent,40.795897,-73.945348,5.0
2025-12-18,ASSAULT 3 & RELATED OFFENSES,4,violent,40.724219,-73.99506,4.0
2025-12-16,ASSAULT 3 & RELATED OFFENSES,4,violent,40.812319,-73.951234,4.0
2026-04-21,ASSAULT 3 & RELATED OFFENSES,4,violent,40.725875,-73.99809,4.0
2026-04-16,ASSAULT 3 & RELATED OFFENSES,4,violent,40.725429,-73.983599,4.0
2025-12-06,ROBBERY,5,violent,40.807486,-73.940134,5.0
2026-04-21,ASSAULT 3 & RELATED OFFENSES,4,violent,40.784772,-73.947837,4.0
2025-04-18,ROBBERY,5,violent,40.725605,-73.995309,5.0
2025-09-13,ROBBERY,5,violent,40.759023,-73.979465,5.0
2025-09-04,ROBBERY,5,violent,40.755569,-73.985654,5.0
2026-06-28,ASSAULT 3 & RELATED OFFENSES,4,violent,40.720801,-73.913307,4.0
2025-05-04,ROBBERY,5,violent,40.757796,-73.983623,5.0
2025-08-18,ROBBERY,5,violent,40.712693,-74.01405,5.0
2025-05-10,ASSAULT 3 & RELATED OFFENSES,4,violent,40.758712,-73.984064,4.0
2025-08-09,ROBBERY,5,violent,40.757051,-73.98658,5.0
2025-03-10,ASSAULT 3 & RELATED OFFENSES,4,violent,40.758249,-73.98606,4.0
2026-03-12,ASSAULT 3 & RELATED OFFENSES,4,violent,40.814162,-73.939946,4.0
2026-03-28,ROBBERY,5,violent,40.819295,-73.951673,5.0
2025-08-29,ASSAULT 3 & RELATED OFFENSES,4,violent,40.812628,-73.94862,4.0
2025-01-09,ASSAULT 3 & RELATED OFFENSES,4,violent,40.728821,-73.997991,4.0
2025-07-04,ROBBERY,5,violent,40.761156,-73.982871,5.0
2026-02-01,ASSAULT 3 & RELATED OFFENSES,4,violent,40.756132,-73.985395,4.0
2025-10-12,ROBBERY,5,violent,40.742974,-73.987342,5.0
2025-03-04,ROBBERY,5,violent,40.781384,-73.910637,5.0
2026-06-02,ASSAULT 3 & RELATED OFFENSES,4,violent,40.786668,-73.940705,4.0
2026-01-21,ROBBERY,5,violent,40.726674,-73.996575,5.0
2026-05-02,ROBBERY,5,violent,40.84547,-73.935665,5.0
2025-04-19,ROBBERY,5,violent,40.815197,-73.947912,5.0
2026-05-03,ASSAULT 3 & RELATED OFFENSES,4,violent,40.704643,-73.995086,4.0
2026-02-14,ASSAULT 3 & RELATED OFFENSES,4,violent,40.764304,-73.983905,4.0
2025-01-21,ASSAULT 3 & RELATED OFFENSES,4,violent,40.709884,-74.000607,4.0
2026-02-18,ASSAULT 3 & RELATED OFFENSES,4,violent,40.754207,-73.999633,4.0
2025-04-30,ASSAULT 3 & RELATED OFFENSES,4,violent,40.712457,-73.924731,4.0
2026-01-07,ROBBERY,5,violent,40.718423,-73.923098,5.0
2025-01-04,ROBBERY,5,violent,40.817435,-73.954649,5.0
2026-02-09,ROBBERY,5,violent,40.766085,-73.98702,5.0
2025-08-25,ASSAULT 3 & RELATED OFFENSES,4,violent,40.77939,-73.912519,4.0
2026-03-11,ASSAULT 3 & RELATED OFFENSES,4,violent,40.73019,-73.919054,4.0
2025-10-04,ROBBERY,5,violent,40.759364,-73.989363,5.0
2026-04-20,ASSAULT 3 & RELATED OFFENSES,4,violent,40.734522,-74.002177,4.0
2025-08-20,ROBBERY,5,violent,40.707201,-73.998559,5.0
2025-02-20,ROBBERY,5,violent,40.812636,-73.946444,5.0
2025-09-19,ASSAULT 3 & RELATED OFFENSES,4,violent,40.758398,-73.984853,4.0
2025-11-19,ASSAULT 3 & RELATED OFFENSES,4,violent,40.7533,-73.945503,4.0
2025-12-24,ASSAULT 3 & RELATED OFFENSES,4,violent,40.709561,-73.994784,4.0
2025-10-03,ASSAULT 3 & RELATED OFFENSES,4,violent,40.809594,-73.948437,4.0
2025-05-03,ROBBERY,5,violent,40.74755,-73.954724,5.0
2025-03-20,ASSAULT 3 & RELATED OFFENSES,4,violent,40.758656,-73.98718,4.0
2026-01-19,ASSAULT 3 & RELATED OFFENSES,4,violent,40.754382,-73.990359,4.0
2025-01-18,ROBBERY,5,violent,40.733013,-73.991926,5.0
2025-05-16,ROBBERY,5,violent,40.807749,-73.938658,5.0
2025-08-06,ROBBERY,5,violent,40.701729,-73.996198,5.0
2025-04-23,ASSAULT 3 & RELATED OFFENSES,4,violent,40.753734,-73.983922,4.0
2025-05-14,ASSAULT 3 & RELATED OFFENSES,4,violent,40.727758,-74.00031,4.0
2025-01-18,ROBBERY,5,violent,40.754969,-73.992765,5.0
2025-04-12,ROBBERY,5,violent,40.756915,-73.986018,5.0
2026-01-18,ROBBERY,5,violent,40.810188,-73.949655,5.0
2025-12-17,ROBBERY,5,violent,40.73341,-73.994847,5.0
2025-07-06,ASSAULT 3 & RELATED OFFENSES,4,violent,40.813534,-73.947029,4.0
2025-10-16,ASSAULT 3 & RELATED OFFENSES,4,violent,40.809557,-73.948277,4.0
2025-07-25,ROBBERY,5,violent,40.809994,-73.94475,5.0
2026-06-07,ROBBERY,5,violent,40.727835,-74.002697,5.0
2026-03-26,ROBBERY,5,violent,40.708725,-73.922173,5.0
2026-05-03,ROBBERY,5,violent,40.730236,-73.996489,5.0
2026-07-29,ROBBERY,5,violent,40.81318,-73.935111,5.0
2025-04-19,ASSAULT 3 & RELATED OFFENSES,4,violent,40.731247,-73.993784,4.0
2025-06-19,ASSAULT 3 & RELATED OFFENSES,4,violent,40.815146,-73.953595,4.0
2025-02-03,ROBBERY,5,violent,40.800545,-73.931501,5.0
2026-07-15,ROBBERY,5,violent,40.703415,-73.9943,5.0
2026-01-04,ROBBERY,5,violent,40.807708,-73.941451,5.0
2025-05-22,ASSAULT 3 & RELATED OFFENSES,4,violent,40.725118,-74.000202,4.0
2025-05-20,ASSAULT 3 & RELATED OFFENSES,4,violent,40.75945,-73.989248,4.0
2025-05-05,ASSAULT 3 & RELATED OFFENSES,4,violent,40.762548,-73.960126,4.0
2025-05-07,ASSAULT 3 & RELATED OFFENSES,4,violent,40.730364,-73.987903,4.0
2026-05-12,ROBBERY,5,violent,40.744431,-73.995206,5.0
2026-06-01,ROBBERY,5,violent,40.845562,-73.926813,5.0
2025-02-13,ASSAULT 3 & RELATED OFFENSES,4,violent,40.764073,-73.980886,4.0
2025-10-15,ROBBERY,5,violent,40.786021,-73.953755,5.0
2025-05-29,ROBBERY,5,violent,40.802943,-73.905707,5.0
2026-01-23,ASSAULT 3 & RELATED OFFENSES,4,violent,40.766875,-73.95179,4.0
2025-05-24,ASSAULT 3 & RELATED OFFENSES,4,violent,40.756318,-73.983893,4.0
2026-01-18,ASSAULT 3 & RELATED OFFENSES,4,violent,40.808607,-73.938331,4.0
2025-10-27,ASSAULT 3 & RELATED OFFENSES,4,violent,40.709722,-73.992059,4.0
2025-03-29,ROBBERY,5,violent,40.733776,-73.99537,5.0
2025-09-21,ASSAULT 3 & RELATED OFFENSES,4,violent,40.788562,-73.955084,4.0
2026-02-22,ASSAULT 3 & RELATED OFFENSES,4,violent,40.70898,-73.995065,4.0
2025-03-05,ASSAULT 3 & RELATED OFFENSES,4,violent,40.814205,-73.940514,4.0
2025-03-16,ROBBERY,5,violent,40.821339,-73.95784,5.0
2025-12-11,ASSAULT 3 & RELATED OFFENSES,4,violent,40.80855,-73.93524,4.0
2025-07-16,ROBBERY,5,violent,40.801442,-73.955305,5.0
2025-10-11,ASSAULT 3 & RELATED OFFENSES,4,violent,40.726047,-74.002514,4.0
2025-03-24,ASSAULT 3 & RELATED OFFENSES,4,violent,40.808113,-73.945774,4.0
2025-04-24,ASSAULT 3 & RELATED OFFENSES,4,violent,40.817603,-73.945852,4.0
2026-04-24,ASSAULT 3 & RELATED OFFENSES,4,violent,40.729338,-73.998858,4.0
2025-01-06,ROBBERY,5,violent,40.728489,-73.995349,5.0
2025-07-19,ROBBERY,5,violent,40.704122,-73.99421,5.0
2026-01-28,ROBBERY,5,violent,40.751848,-73.990931,5.0
2025-02-24,ROBBERY,5,violent,40.70728,-73.999967,5.0
2026-01-09,ASSAULT 3 & RELATED OFFENSES,4,violent,40.858107,-73.907996,4.0
2025-08-14,ASSAULT 3 & RELATED OFFENSES,4,violent,40.772957,-73.917786,4.0
2025-03-02,ROBBERY,5,violent,40.706745,-74.009466,5.0
2026-05-22,ROBBERY,5,violent,40.727294,-73.995058,5.0
2026-06-10,ROBBERY,5,violent,40.700066,-73.996577,5.0
2026-03-29,ROBBERY,5,violent,40.732699,-73.99871,5.0
2026-03-20,ASSAULT 3 & RELATED OFFENSES,4,violent,40.709824,-73.996653,4.0
2025-04-03,ASSAULT 3 & RELATED OFFENSES,4,violent,40.792275,-73.939508,4.0
2025-09-13,ASSAULT 3 & RELATED OFFENSES,4,violent,40.839669,-73.908448,4.0
2026-04-26,ASSAULT 3 & RELATED OFFENSES,4,violent,40.731039,-73.994282,4.0
2025-09-17,ASSAULT 3 & RELATED OFFENSES,4,violent,40.730344,-73.995129,4.0
2026-05-05,ROBBERY,5,violent,40.758027,-73.971338,5.0
2025-09-15,ASSAULT 3 & RELATED OFFENSES,4,violent,40.726026,-73.995448,4.0
2025-10-04,ASSAULT 3 & RELATED OFFENSES,4,violent,40.731221,-73.993328,4.0
2026-07-24,ROBBERY,5,violent,40.813323,-73.951279,5.0
2026-03-23,ASSAULT 3 & RELATED OFFENSES,4,violent,40.776578,-73.982377,4.0
2025-02-02,ROBBERY,5,violent,40.730736,-73.999721,5.0
2025-03-09,ASSAULT 3 & RELATED OFFENSES,4,violent,40.731023,-74.002856,4.0
2025-07-25,ROBBERY,5,violent,40.706021,-73.906884,5.0
2025-12-23,ROBBERY,5,violent,40.710677,-73.998717,5.0
2025-05-28,ROBBERY,5,violent,40.726245,-73.995194,5.0
2026-02-13,ROBBERY,5,violent,40.753144,-73.989065,5.0
2025-01-12,ROBBERY,5,violent,40.814745,-73.943918,5.0
2026-02-22,ROBBERY,5,violent,40.714646,-73.931642,5.0
2025-09-19,ASSAULT 3 & RELATED OFFENSES,4,violent,40.810156,-73.944892,4.0
2025-02-19,ROBBERY,5,violent,40.710202,-73.997451,5.0
2026-02-12,ASSAULT 3 & RELATED OFFENSES,4,violent,40.734153,-73.920554,4.0
2025-05-08,ASSAULT 3 & RELATED OFFENSES,4,violent,40.759184,-73.983358,4.0
2026-04-03,ROBBERY,5,violent,40.727633,-73.997621,5.0
2026-01-29,ROBBERY,5,violent,40.731377,-74.005081,5.0
2025-05-03,ASSAULT 3 & RELATED OFFENSES,4,violent,40.780138,-73.981244,4.0
2026-05-07,ROBBERY,5,violent,40.816379,-73.944276,5.0
2025-05-09,ROBBERY,5,violent,40.729866,-73.996379,5.0
2026-05-22,ROBBERY,5,violent,40.727859,-74.000489,5.0
2025-04-25,ROBBERY,5,violent,40.719437,-73.913367,5.0
2025-08-18,ROBBERY,5,violent,40.728364,-74.001828,5.0
2025-05-03,ASSAULT 3 & RELATED OFFENSES,4,violent,40.786561,-73.953923,4.0
2025-02-21,ASSAULT 3 & RELATED OFFENSES,4,violent,40.719486,-73.919342,4.0
2025-03-04,ASSAULT 3 & RELATED OFFENSES,4,violent,40.754937,-73.986959,4.0
2025-08-24,ASSAULT 3 & RELATED OFFENSES,4,violent,40.811765,-73.947752,4.0
2025-07-28,ASSAULT 3 & RELATED OFFENSES,4,violent,40.761164,-73.98502,4.0
2025-03-01,ROBBERY,5,violent,40.761479,-73.983768,5.0
2025-10-12,ROBBERY,5,violent,40.818617,-73.949359,5.0
2026-01-30,ROBBERY,5,violent,40.756952,-73.930507,5.0
2025-06-28,ROBBERY,5,violent,40.709622,-73.946328,5.0
2025-01-30,ROBBERY,5,violent,40.706093,-73.942192,5.0
2025-08-08,ASSAULT 3 & RELATED OFFENSES,4,violent,40.763806,-73.984625,4.0
2025-01-29,ASSAULT 3 & RELATED OFFENSES,4,violent,40.761646,-73.984878,4.0
2025-01-17,ASSAULT 3 & RELATED OFFENSES,4,violent,40.727517,-74.000357,4.0
2026-02-18,ROBBERY,5,violent,40.729868,-73.995166,5.0
2026-02-28,ASSAULT 3 & RELATED OFFENSES,4,violent,40.73104,-73.995667,4.0
2025-04-17,ROBBERY,5,violent,40.829876,-73.931648,5.0
2025-09-26,ASSAULT 3 & RELATED OFFENSES,4,violent,40.757051,-73.939311,4.0
2025-03-28,ASSAULT 3 & RELATED OFFENSES,4,violent,40.789246,-73.945903,4.0
2025-04-09,ROBBERY,5,violent,40.757353,-73.98166,5.0
2025-04-17,ASSAULT 3 & RELATED OFFENSES,4,violent,40.703778,-73.99325,4.0
2025-10-13,ROBBERY,5,violent,40.817518,-73.942018,5.0
2025-06-09,ROBBERY,5,violent,40.813208,-73.941217,5.0
2026-01-09,ROBBERY,5,violent,40.729529,-73.992148,5.0
2026-02-18,ASSAULT 3 & RELATED OFFENSES,4,violent,40.753571,-73.985709,4.0
2026-02-06,ASSAULT 3 & RELATED OFFENSES,4,violent,40.838822,-73.918179,4.0
2025-05-11,ASSAULT 3 & RELATED OFFENSES,4,violent,40.725758,-73.986472,4.0
2025-01-26,ROBBERY,5,violent,40.727092,-73.995049,5.0
2026-06-13,ASSAULT 3 & RELATED OFFENSES,4,violent,40.805449,-73.947952,4.0
2026-03-14,ASSAULT 3 & RELATED OFFENSES,4,violent,40.761067,-73.98714,4.0
2025-08-09,ASSAULT 3 & RELATED OFFENSES,4,violent,40.777737,-73.901576,4.0
2026-02-24,ROBBERY,5,violent,40.842496,-73.919757,5.0
2025-04-04,ASSAULT 3 & RELATED OFFENSES,4,violent,40.728118,-73.993687,4.0
2026-02-18,ASSAULT 3 & RELATED OFFENSES,4,violent,40.751319,-73.947631,4.0
2025-07-19,ROBBERY,5,violent,40.728711,-73.987378,5.0
2026-04-16,ROBBERY,5,violent,40.819771,-73.900586,5.0
2025-01-29,ASSAULT 3 & RELATED OFFENSES,4,violent,40.719451,-73.988146,4.0
2026-02-02,ASSAULT 3 & RELATED OFFENSES,4,violent,40.728255,-73.993636,4.0
2026-04-19,ASSAULT 3 & RELATED OFFENSES,4,violent,40.760963,-73.988487,4.0
2026-03-02,ROBBERY,5,violent,40.877595,-73.901813,5.0
2025-07-16,ROBBERY,5,violent,40.701224,-73.994648,5.0
2025-06-08,ROBBERY,5,violent,40.766381,-73.909217,5.0
2025-04-29,ROBBERY,5,violent,40.808894,-73.948003,5.0
2026-07-21,ASSAULT 3 & RELATED OFFENSES,4,violent,40.731396,-73.994087,4.0
2025-06-15,ROBBERY,5,violent,40.754823,-73.978911,5.0
2025-01-17,ROBBERY,5,violent,40.7302,-73.998245,5.0
2025-10-22,ASSAULT 3 & RELATED OFFENSES,4,violent,40.707435,-73.998588,4.0
2025-06-01,ROBBERY,5,violent,40.757893,-73.980731,5.0
2025-05-21,ASSAULT 3 & RELATED OFFENSES,4,violent,40.727622,-74.001124,4.0
2026-01-24,ROBBERY,5,violent,40.85198,-73.917048,5.0
2025-04-06,ASSAULT 3 & RELATED OFFENSES,4,violent,40.810351,-73.947411,4.0
2025-05-06,ASSAULT 3 & RELATED OFFENSES,4,violent,40.763266,-73.983046,4.0
2026-03-02,ROBBERY,5,violent,40.835447,-73.908901,5.0
2026-04-03,ASSAULT 3 & RELATED OFFENSES,4,violent,40.725238,-73.997883,4.0
2026-02-14,ASSAULT 3 & RELATED OFFENSES,4,violent,40.717001,-73.906271,4.0
2025-08-03,ASSAULT 3 & RELATED OFFENSES,4,violent,40.725981,-73.916677,4.0
2025-08-20,ASSAULT 3 & RELATED OFFENSES,4,violent,40.709563,-73.914112,4.0
2026-06-21,ROBBERY,5,violent,40.808487,-73.947832,5.0
2025-05-30,ASSAULT 3 & RELATED OFFENSES,4,violent,40.758328,-73.997797,4.0
2025-05-27,ASSAULT 3 & RELATED OFFENSES,4,violent,40.703921,-73.993691,4.0
2025-08-19,ASSAULT 3 & RELATED OFFENSES,4,violent,40.730622,-73.99799,4.0
2025-06-24,ROBBERY,5,violent,40.813046,-73.945078,5.0
2026-04-07,ROBBERY,5,violent,40.7324,-73.955587,5.0
2025-04-30,ROBBERY,5,violent,40.860958,-73.910479,5.0
2025-12-01,ROBBERY,5,violent,40.799135,-73.971506,5.0
2025-03-05,ROBBERY,5,violent,40.764315,-73.986827,5.0
2026-07-30,ASSAULT 3 & RELATED OFFENSES,4,violent,40.813266,-73.945851,4.0
2025-02-28,ROBBERY,5,violent,40.753718,-73.907613,5.0
2025-02-09,ASSAULT 3 & RELATED OFFENSES,4,violent,40.730156,-74.005228,4.0
2025-12-22,ASSAULT 3 & RELATED OFFENSES,4,violent,40.753652,-73.98769,4.0
2025-01-04,ROBBERY,5,violent,40.809353,-73.943322,5.0
2026-07-29,ASSAULT 3 & RELATED OFFENSES,4,violent,40.700179,-73.995974,4.0
2026-07-04,ASSAULT 3 & RELATED OFFENSES,4,violent,40.817408,-73.946413,4.0
2025-02-07,ROBBERY,5,violent,40.7548,-73.989076,5.0
2025-06-15,ASSAULT 3 & RELATED OFFENSES,4,violent,40.754376,-73.979848,4.0
2025-01-24,ROBBERY,5,violent,40.812123,-73.94498,5.0
2026-02-21,ASSAULT 3 & RELATED OFFENSES,4,violent,40.808434,-73.947933,4.0
2025-08-22,ROBBERY,5,violent,40.860835,-73.927924,5.0
2025-01-26,ASSAULT 3 & RELATED OFFENSES,4,violent,40.837321,-73.920382,4.0
2025-02-09,ROBBERY,5,violent,40.752297,-73.987195,5.0
2025-06-27,ASSAULT 3 & RELATED OFFENSES,4,violent,40.701926,-73.994632,4.0
2025-04-25,ROBBERY,5,violent,40.764632,-73.988235,5.0
2026-05-28,ROBBERY,5,violent,40.814999,-73.914597,5.0
2025-08-17,ASSAULT 3 & RELATED OFFENSES,4,violent,40.781006,-73.918166,4.0
2025-02-01,ASSAULT 3 & RELATED OFFENSES,4,violent,40.806434,-73.942612,4.0
2025-07-14,ROBBERY,5,violent,40.758214,-73.980435,5.0
2025-12-02,ASSAULT 3 & RELATED OFFENSES,4,violent,40.726151,-73.997811,4.0
2025-01-21,ASSAULT 3 & RELATED OFFENSES,4,violent,40.815244,-73.945242,4.0
2025-04-21,ASSAULT 3 & RELATED OFFENSES,4,violent,40.712787,-73.940427,4.0
2025-11-11,ASSAULT 3 & RELATED OFFENSES,4,violent,40.708099,-73.999896,4.0
2026-05-03,ASSAULT 3 & RELATED OFFENSES,4,violent,40.701526,-74.010529,4.0
2025-11-17,ROBBERY,5,violent,40.748324,-73.987135,5.0
2025-10-04,ASSAULT 3 & RELATED OFFENSES,4,violent,40.753507,-73.985144,4.0
2025-05-04,ROBBERY,5,violent,40.724689,-73.914549,5.0
2025-02-18,ROBBERY,5,violent,40.708076,-73.997619,5.0
2026-07-02,ROBBERY,5,violent,40.806317,-73.923341,5.0
2025-10-08,ASSAULT 3 & RELATED OFFENSES,4,violent,40.755386,-73.984386,4.0
2025-12-24,ASSAULT 3 & RELATED OFFENSES,4,violent,40.734703,-73.995513,4.0
2025-12-28,ASSAULT 3 & RELATED OFFENSES,4,violent,40.759052,-73.98588,4.0
2025-06-26,ROBBERY,5,violent,40.795749,-73.970807,5.0
2026-05-26,ROBBERY,5,violent,40.78556,-73.914088,5.0
2025-11-04,ROBBERY,5,violent,40.715058,-74.01602,5.0
2025-07-10,ASSAULT 3 & RELATED OFFENSES,4,violent,40.803659,-73.946891,4.0
2025-02-13,ASSAULT 3 & RELATED OFFENSES,4,violent,40.807277,-73.942132,4.0
2025-09-08,ROBBERY,5,violent,40.726272,-73.939904,5.0
2026-02-05,ASSAULT 3 & RELATED OFFENSES,4,violent,40.757145,-73.986499,4.0
2026-07-09,ROBBERY,5,violent,40.812977,-73.94818,5.0
2025-10-06,ROBBERY,5,violent,40.816161,-73.95036,5.0
2025-03-11,ASSAULT 3 & RELATED OFFENSES,4,violent,40.813938,-73.959551,4.0
2025-04-19,ROBBERY,5,violent,40.708335,-73.997332,5.0
2025-07-23,ROBBERY,5,violent,40.708733,-73.999425,5.0
2026-07-11,ROBBERY,5,violent,40.759314,-73.967501,5.0
2025-12-22,ROBBERY,5,violent,40.812786,-73.949861,5.0
2026-01-02,ROBBERY,5,violent,40.706649,-74.01559,5.0
2026-01-14,ASSAULT 3 & RELATED OFFENSES,4,violent,40.7313,-73.992101,4.0
2025-02-27,ROBBERY,5,violent,40.759655,-73.987775,5.0
2025-10-01,ASSAULT 3 & RELATED OFFENSES,4,violent,40.706584,-74.002084,4.0
2025-05-20,ROBBERY,5,violent,40.832104,-73.900739,5.0
2026-06-06,ROBBERY,5,violent,40.760098,-73.989279,5.0
2025-04-14,ROBBERY,5,violent,40.727404,-74.000118,5.0
2025-07-14,ASSAULT 3 & RELATED OFFENSES,4,violent,40.733044,-74.000336,4.0
2026-07-25,ROBBERY,5,violent,40.75651,-73.985716,5.0
2025-03-26,ASSAULT 3 & RELATED OFFENSES,4,violent,40.760655,-73.989539,4.0
2026-01-01,ASSAULT 3 & RELATED OFFENSES,4,violent,40.760116,-73.986204,4.0
2025-07-11,ROBBERY,5,violent,40.709956,-73.993796,5.0
2025-03-15,ASSAULT 3 & RELATED OFFENSES,4,violent,40.728852,-73.99647,4.0
2025-03-21,ROBBERY,5,violent,40.806558,-73.941808,5.0
2025-10-22,ASSAULT 3 & RELATED OFFENSES,4,violent,40.727105,-73.995328,4.0
2025-07-17,ROBBERY,5,violent,40.74419,-74.009354,5.0
2025-06-24,ASSAULT 3 & RELATED OFFENSES,4,violent,40.713399,-73.946351,4.0
2026-02-11,ASSAULT 3 & RELATED OFFENSES,4,violent,40.785098,-73.913173,4.0
2026-04-07,ASSAULT 3 & RELATED OFFENSES,4,violent,40.755483,-73.912903,4.0
2026-02-13,ASSAULT 3 & RELATED OFFENSES,4,violent,40.729087,-74.002192,4.0
2026-01-02,ROBBERY,5,violent,40.734733,-73.997702,5.0
2026-06-27,ROBBERY,5,violent,40.754152,-73.987613,5.0
2025-12-13,ROBBERY,5,violent,40.783563,-73.959162,5.0
2025-02-13,ASSAULT 3 & RELATED OFFENSES,4,violent,40.846218,-73.935789,4.0
2026-05-12,ROBBERY,5,violent,40.795242,-73.942639,5.0
2025-12-05,ROBBERY,5,violent,40.811397,-73.94693,5.0
2025-12-05,ROBBERY,5,violent,40.731452,-73.997151,5.0
2026-04-08,ROBBERY,5,violent,40.732395,-73.976895,5.0
2025-09-02,ROBBERY,5,violent,40.807411,-73.943989,5.0
2025-04-07,ASSAULT 3 & RELATED OFFENSES,4,violent,40.764657,-73.997876,4.0
2026-07-01,ASSAULT 3 & RELATED OFFENSES,4,violent,40.712689,-73.941421,4.0
2025-05-01,ROBBERY,5,violent,40.706888,-73.918631,5.0
2025-01-19,ASSAULT 3 & RELATED OFFENSES,4,violent,40.815579,-73.955995,4.0
2025-06-12,ROBBERY,5,violent,40.717655,-73.914011,5.0
2025-01-14,ROBBERY,5,violent,40.702858,-73.995187,5.0
2026-05-29,ROBBERY,5,violent,40.757358,-73.980826,5.0
2025-07-08,ASSAULT 3 & RELATED OFFENSES,4,violent,40.796772,-73.94417,4.0
2025-01-06,ASSAULT 3 & RELATED OFFENSES,4,violent,40.750394,-73.987181,4.0
2025-12-08,ASSAULT 3 & RELATED OFFENSES,4,violent,40.752595,-73.98554,4.0
2026-03-21,ROBBERY,5,violent,40.752836,-73.979676,5.0
2026-03-13,ASSAULT 3 & RELATED OFFENSES,4,violent,40.710649,-74.001362,4.0
2026-05-15,ROBBERY,5,violent,40.761133,-73.980599,5.0
2025-07-11,ASSAULT 3 & RELATED OFFENSES,4,violent,40.758835,-73.987346,4.0
2025-10-27,ASSAULT 3 & RELATED OFFENSES,4,violent,40.733169,-73.996093,4.0
2025-12-25,ROBBERY,5,violent,40.76586,-73.919935,5.0
2026-04-20,ASSAULT 3 & RELATED OFFENSES,4,violent,40.766356,-73.982291,4.0
2025-05-15,ASSAULT 3 & RELATED OFFENSES,4,violent,40.726676,-73.99992,4.0
2026-03-15,ROBBERY,5,violent,40.72757,-73.997701,5.0
2025-09-04,ROBBERY,5,violent,40.72957,-73.992335,5.0
2026-03-26,ROBBERY,5,violent,40.765934,-73.983754,5.0
2025-10-22,ASSAULT 3 & RELATED OFFENSES,4,violent,40.761691,-73.993269,4.0
2025-07-28,ASSAULT 3 & RELATED OFFENSES,4,violent,40.731255,-73.994147,4.0
2025-08-02,ASSAULT 3 & RELATED OFFENSES,4,violent,40.860393,-73.918888,4.0
2025-08-05,ASSAULT 3 & RELATED OFFENSES,4,violent,40.878354,-73.901197,4.0
2026-07-04,ROBBERY,5,violent,40.729524,-73.951299,5.0
2025-02-16,ROBBERY,5,violent,40.80645,-73.93814,5.0
2026-05-13,ROBBERY,5,violent,40.804293,-73.946491,5.0
2026-03-22,ROBBERY,5,violent,40.708778,-73.997937,5.0
2026-01-21,ROBBERY,5,violent,40.750376,-74.007137,5.0
2025-08-13,ROBBERY,5,violent,40.801337,-73.938898,5.0
2025-05-08,ROBBERY,5,violent,40.778471,-73.963611,5.0
2026-04-29,ASSAULT 3 & RELATED OFFENSES,4,violent,40.731927,-73.997691,4.0
2025-08-24,ASSAULT 3 & RELATED OFFENSES,4,violent,40.727512,-73.998175,4.0
2026-01-21,ASSAULT 3 & RELATED OFFENSES,4,violent,40.762628,-73.9864,4.0
2026-02-02,ROBBERY,5,violent,40.70017,-73.987122,5.0
2026-04-18,ROBBERY,5,violent,40.757135,-73.909703,5.0
2026-04-22,ASSAULT 3 & RELATED OFFENSES,4,violent,40.8112,-73.948332,4.0
2026-03-07,ROBBERY,5,violent,40.709852,-73.946872,5.0
2026-04-28,ROBBERY,5,violent,40.718766,-73.977958,5.0
2026-06-11,ROBBERY,5,violent,40.707794,-73.998837,5.0
2025-04-23,ROBBERY,5,violent,40.75912,-73.98612,5.0
2026-02-06,ASSAULT 3 & RELATED OFFENSES,4,violent,40.730246,-73.990165,4.0
2025-06-13,ROBBERY,5,violent,40.751084,-73.987961,5.0
2025-01-01,ASSAULT 3 & RELATED OFFENSES,4,violent,40.747114,-73.916386,4.0
2025-08-07,ASSAULT 3 & RELATED OFFENSES,4,violent,40.754631,-73.984117,4.0
2026-05-26,ROBBERY,5,violent,40.718465,-73.953871,5.0
2026-02-13,ROBBERY,5,violent,40.707015,-73.999813,5.0
2026-04-30,ASSAULT 3 & RELATED OFFENSES,4,violent,40.730803,-73.996015,4.0
2025-07-08,ROBBERY,5,violent,40.758958,-73.98038,5.0
2025-05-25,ROBBERY,5,violent,40.834169,-73.937992,5.0
2025-08-17,ASSAULT 3 & RELATED OFFENSES,4,violent,40.761314,-73.984601,4.0
2026-02-17,ROBBERY,5,violent,40.737721,-73.916985,5.0
2026-06-28,ASSAULT 3 & RELATED OFFENSES,4,violent,40.758135,-73.983488,4.0
2025-11-06,ASSAULT 3 & RELATED OFFENSES,4,violent,40.818295,-73.942643,4.0
2025-10-16,ROBBERY,5,violent,40.776332,-73.949554,5.0
2025-06-18,ROBBERY,5,violent,40.757617,-73.990987,5.0
2025-06-15,ASSAULT 3 & RELATED OFFENSES,4,violent,40.810722,-73.945149,4.0
2026-06-12,ASSAULT 3 & RELATED OFFENSES,4,violent,40.724271,-73.938485,4.0
2025-01-22,ROBBERY,5,violent,40.732792,-73.99012,5.0
2025-10-30,ROBBERY,5,violent,40.72427,-73.978345,5.0
2025-02-25,ROBBERY,5,violent,40.831623,-73.907892,5.0
2025-12-30,ASSAULT 3 & RELATED OFFENSES,4,violent,40.75743,-73.980913,4.0
2026-01-23,ROBBERY,5,violent,40.714537,-73.966489,5.0
2025-03-21,ASSAULT 3 & RELATED OFFENSES,4,violent,40.859585,-73.910081,4.0
2026-01-21,ROBBERY,5,violent,40.709791,-73.994326,5.0
2025-08-09,ASSAULT 3 & RELATED OFFENSES,4,violent,40.812388,-73.948036,4.0
2025-12-10,ROBBERY,5,violent,40.755152,-73.982816,5.0
2026-02-16,ROBBERY,5,violent,40.731853,-73.942277,5.0
2026-01-03,ROBBERY,5,violent,40.805802,-73.937433,5.0
2025-03-23,ROBBERY,5,violent,40.808384,-73.948005,5.0
2025-03-21,ASSAULT 3 & RELATED OFFENSES,4,violent,40.708929,-73.995509,4.0
2025-08-08,ROBBERY,5,violent,40.7586,-73.988997,5.0
2026-01-29,ASSAULT 3 & RELATED OFFENSES,4,violent,40.716581,-73.922368,4.0
2026-07-03,ASSAULT 3 & RELATED OFFENSES,4,violent,40.703721,-73.932222,4.0
2026-04-11,ASSAULT 3 & RELATED OFFENSES,4,violent,40.801465,-73.915009,4.0
2025-08-05,ASSAULT 3 & RELATED OFFENSES,4,violent,40.75942,-73.989993,4.0
2025-09-22,ROBBERY,5,violent,40.724541,-74.002217,5.0
2026-02-08,ROBBERY,5,violent,40.769518,-73.912839,5.0
2026-05-07,ASSAULT 3 & RELATED OFFENSES,4,violent,40.728014,-73.986589,4.0
2025-06-09,ROBBERY,5,violent,40.726709,-73.99883,5.0
2025-04-06,ROBBERY,5,violent,40.756869,-73.985848,5.0
2025-06-06,ASSAULT 3 & RELATED OFFENSES,4,violent,40.853362,-73.915342,4.0
2025-05-30,ROBBERY,5,violent,40.748721,-73.924996,5.0
2025-05-22,ASSAULT 3 & RELATED OFFENSES,4,violent,40.812657,-73.943817,4.0
2025-03-27,ASSAULT 3 & RELATED OFFENSES,4,violent,40.759431,-73.986839,4.0
2025-06-16,ASSAULT 3 & RELATED OFFENSES,4,violent,40.70057,-73.945181,4.0
2026-05-13,ROBBERY,5,violent,40.702316,-73.99557,5.0
2026-02-18,ASSAULT 3 & RELATED OFFENSES,4,violent,40.729518,-73.971716,4.0
2025-05-10,ASSAULT 3 & RELATED OFFENSES,4,violent,40.813397,-73.942282,4.0
2025-02-23,ASSAULT 3 & RELATED OFFENSES,4,violent,40.744183,-73.906314,4.0
2025-07-11,ROBBERY,5,violent,40.807876,-73.943876,5.0
2025-11-14,ASSAULT 3 & RELATED OFFENSES,4,violent,40.762076,-73.985768,4.0
2026-01-27,ROBBERY,5,violent,40.754117,-73.990367,5.0
2026-05-27,ROBBERY,5,violent,40.729904,-73.992356,5.0
2025-07-23,ROBBERY,5,violent,40.757626,-73.981296,5.0
2025-01-22,ASSAULT 3 & RELATED OFFENSES,4,violent,40.814095,-73.951308,4.0
2026-03-08,ASSAULT 3 & RELATED OFFENSES,4,violent,40.748732,-73.904963,4.0
2026-04-24,ASSAULT 3 & RELATED OFFENSES,4,violent,40.806148,-73.945905,4.0
2025-08-19,ASSAULT 3 & RELATED OFFENSES,4,violent,40.86098,-73.912806,4.0
2026-03-13,ROBBERY,5,violent,40.733602,-73.991746,5.0
2025-10-15,ROBBERY,5,violent,40.804396,-73.945953,5.0
2025-04-04,ASSAULT 3 & RELATED OFFENSES,4,violent,40.757759,-73.988989,4.0
2025-02-25,ASSAULT 3 & RELATED OFFENSES,4,violent,40.763004,-73.995287,4.0
2025-08-20,ASSAULT 3 & RELATED OFFENSES,4,violent,40.756591,-73.982855,4.0
2025-09-14,ROBBERY,5,violent,40.853992,-73.921249,5.0
2026-06-14,ROBBERY,5,violent,40.752975,-73.919719,5.0
2026-01-02,ROBBERY,5,violent,40.774719,-73.959443,5.0
2025-01-27,ASSAULT 3 & RELATED OFFENSES,4,violent,40.76008,-73.982902,4.0
2026-06-18,ROBBERY,5,violent,40.730635,-73.991167,5.0
2026-01-18,ROBBERY,5,violent,40.807117,-73.946652,5.0
2026-06-22,ASSAULT 3 & RELATED OFFENSES,4,violent,40.73161,-73.997149,4.0
2025-10-06,ROBBERY,5,violent,40.70901,-73.999702,5.0
2026-04-20,ASSAULT 3 & RELATED OFFENSES,4,violent,40.756391,-73.975929,4.0
2025-05-13,ROBBERY,5,violent,40.796848,-73.964813,5.0
2026-07-27,ASSAULT 3 & RELATED OFFENSES,4,violent,40.758659,-73.982919,4.0
2025-12-20,ASSAULT 3 & RELATED OFFENSES,4,violent,40.809996,-73.94575,4.0
2025-06-28,ROBBERY,5,violent,40.726536,-73.998508,5.0
2025-12-09,ROBBERY,5,violent,40.730406,-73.948248,5.0
2025-05-17,ASSAULT 3 & RELATED OFFENSES,4,violent,40.730819,-73.996602,4.0
2025-07-21,ROBBERY,5,violent,40.759006,-73.987496,5.0
2025-03-19,ASSAULT 3 & RELATED OFFENSES,4,violent,40.809474,-73.941836,4.0
2026-04-08,ASSAULT 3 & RELATED OFFENSES,4,violent,40.756787,-73.988582,4.0
2026-05-24,ROBBERY,5,violent,40.732362,-73.994453,5.0
2025-03-18,ROBBERY,5,violent,40.80931,-73.935859,5.0
2025-08-08,ASSAULT 3 & RELATED OFFENSES,4,violent,40.706055,-74.001803,4.0
2025-01-04,ASSAULT 3 & RELATED OFFENSES,4,violent,40.813258,-73.944181,4.0
2026-03-30,ROBBERY,5,violent,40.806937,-73.950929,5.0
2026-02-18,ROBBERY,5,violent,40.73146,-73.994095,5.0
2025-12-13,ROBBERY,5,violent,40.787228,-73.901777,5.0
2025-07-08,ASSAULT 3 & RELATED OFFENSES,4,violent,40.816079,-73.946605,4.0
2025-07-11,ROBBERY,5,violent,40.812074,-73.948372,5.0
2025-03-31,ASSAULT 3 & RELATED OFFENSES,4,violent,40.707358,-74.000459,4.0
2026-01-15,ROBBERY,5,violent,40.814563,-73.94289,5.0
2026-07-28,ROBBERY,5,violent,40.750305,-73.988969,5.0
2026-03-22,ROBBERY,5,violent,40.731313,-73.997848,5.0
2026-02-04,ASSAULT 3 & RELATED OFFENSES,4,violent,40.812961,-73.939011,4.0
2025-04-11,ASSAULT 3 & RELATED OFFENSES,4,violent,40.709658,-73.993405,4.0
2026-05-23,ASSAULT 3 & RELATED OFFENSES,4,violent,40.703993,-73.952938,4.0
2026-03-14,ROBBERY,5,violent,40.764273,-73.991353,5.0
2025-03-14,ROBBERY,5,violent,40.756987,-73.977087,5.0
2026-04-24,ASSAULT 3 & RELATED OFFENSES,4,violent,40.733191,-73.991618,4.0
2025-07-09,ASSAULT 3 & RELATED OFFENSES,4,violent,40.726798,-73.994032,4.0
2025-05-15,ROBBERY,5,violent,40.727258,-73.94072,5.0
2026-07-24,ASSAULT 3 & RELATED OFFENSES,4,violent,40.7526,-73.985011,4.0
2026-05-16,ASSAULT 3 & RELATED OFFENSES,4,violent,40.859969,-73.904304,4.0
2025-07-03,ROBBERY,5,violent,40.833946,-73.942264,5.0
2026-02-27,ASSAULT 3 & RELATED OFFENSES,4,violent,40.802766,-73.957041,4.0
2026-02-03,ROBBERY,5,violent,40.760686,-73.939621,5.0
2025-03-18,ROBBERY,5,violent,40.808187,-73.945879,5.0
2025-05-18,ASSAULT 3 & RELATED OFFENSES,4,violent,40.86456,-73.907498,4.0
2025-09-25,ASSAULT 3 & RELATED OFFENSES,4,violent,40.804853,-73.940497,4.0
2025-10-28,ASSAULT 3 & RELATED OFFENSES,4,violent,40.708122,-73.95212,4.0
2025-02-23,ROBBERY,5,violent,40.75596,-73.998124,5.0
2026-05-31,ROBBERY,5,violent,40.727724,-73.99249,5.0
2025-07-10,ROBBERY,5,violent,40.803324,-73.952742,5.0
2026-02-02,ROBBERY,5,violent,40.809908,-73.946898,5.0
2025-03-03,ASSAULT 3 & RELATED OFFENSES,4,violent,40.788089,-73.968847,4.0
2026-07-16,ROBBERY,5,violent,40.812327,-73.943871,5.0
2026-07-22,ASSAULT 3 & RELATED OFFENSES,4,violent,40.710624,-73.995405,4.0
2025-10-03,ASSAULT 3 & RELATED OFFENSES,4,violent,40.731892,-73.917395,4.0
2026-04-01,ROBBERY,5,violent,40.758179,-73.901657,5.0
2025-05-21,ASSAULT 3 & RELATED OFFENSES,4,violent,40.75557,-73.981477,4.0
2025-04-23,ASSAULT 3 & RELATED OFFENSES,4,violent,40.73354,-74.007268,4.0
2026-04-12,ASSAULT 3 & RELATED OFFENSES,4,violent,40.755463,-73.98716,4.0
2025-08-20,ROBBERY,5,violent,40.756254,-73.988118,5.0
2025-07-12,ASSAULT 3 & RELATED OFFENSES,4,violent,40.756425,-73.98722,4.0
2025-11-23,ASSAULT 3 & RELATED OFFENSES,4,violent,40.809349,-73.951182,4.0
2026-07-26,ROBBERY,5,violent,40.838477,-73.936038,5.0
2025-03-13,ROBBERY,5,violent,40.76085,-73.987803,5.0
2025-11-20,ROBBERY,5,violent,40.71468,-73.99732,5.0
2025-05-27,ASSAULT 3 & RELATED OFFENSES,4,violent,40.767174,-73.981499,4.0
2025-02-25,ROBBERY,5,violent,40.727111,-73.993365,5.0
2025-06-06,ASSAULT 3 & RELATED OFFENSES,4,violent,40.723848,-73.994128,4.0
2026-07-19,ASSAULT 3 & RELATED OFFENSES,4,violent,40.806955,-73.944272,4.0
2025-02-20,ASSAULT 3 & RELATED OFFENSES,4,violent,40.728977,-73.950777,4.0
2026-03-02,ROBBERY,5,violent,40.776427,-73.991185,5.0
2025-05-15,ASSAULT 3 & RELATED OFFENSES,4,violent,40.81058,-73.948892,4.0
2026-02-09,ASSAULT 3 & RELATED OFFENSES,4,violent,40.770566,-73.984625,4.0
2026-01-02,ROBBERY,5,violent,40.757954,-73.977129,5.0
2026-05-06,ASSAULT 3 & RELATED OFFENSES,4,violent,40.709724,-74.00003,4.0
2025-05-26,ROBBERY,5,violent,40.754015,-73.979688,5.0
2026-06-17,ROBBERY,5,violent,40.708862,-73.948789,5.0
2025-03-25,ASSAULT 3 & RELATED OFFENSES,4,violent,40.809626,-73.950194,4.0
2026-06-26,ROBBERY,5,violent,40.759706,-73.986704,5.0
2026-01-16,ROBBERY,5,violent,40.819765,-73.940801,5.0
2025-05-25,ASSAULT 3 & RELATED OFFENSES,4,violent,40.733424,-73.978255,4.0
2025-06-14,ROBBERY,5,violent,40.761614,-73.980145,5.0
2026-06-28,ASSAULT 3 & RELATED OFFENSES,4,violent,40.704761,-73.927289,4.0
2025-08-19,ASSAULT 3 & RELATED OFFENSES,4,violent,40.76091,-73.983822,4.0
2025-04-09,ASSAULT 3 & RELATED OFFENSES,4,violent,40.731455,-73.998891,4.0
2026-01-24,ASSAULT 3 & RELATED OFFENSES,4,violent,40.709854,-73.994708,4.0
2025-12-04,ASSAULT 3 & RELATED OFFENSES,4,violent,40.705978,-74.002264,4.0
2025-09-14,ROBBERY,5,violent,40.725883,-74.000423,5.0
2025-03-27,ASSAULT 3 & RELATED OFFENSES,4,violent,40.729918,-73.996187,4.0
2026-04-24,ASSAULT 3 & RELATED OFFENSES,4,violent,40.728121,-73.995083,4.0
2025-03-08,ROBBERY,5,violent,40.731789,-73.99504,5.0
2026-06-22,ASSAULT 3 & RELATED OFFENSES,4,violent,40.72878,-73.993896,4.0
2026-07-09,ASSAULT 3 & RELATED OFFENSES,4,violent,40.727111,-73.993763,4.0
2025-08-18,ROBBERY,5,violent,40.757847,-73.98496,5.0
2025-08-13,ASSAULT 3 & RELATED OFFENSES,4,violent,40.707161,-74.002411,4.0
2026-04-04,ASSAULT 3 & RELATED OFFENSES,4,violent,40.75636,-73.991185,4.0
2026-03-19,ASSAULT 3 & RELATED OFFENSES,4,violent,40.729421,-73.997479,4.0
2025-10-25,ROBBERY,5,violent,40.802299,-73.945256,5.0
2025-12-18,ROBBERY,5,violent,40.732652,-73.99343,5.0
2025-09-16,ASSAULT 3 & RELATED OFFENSES,4,violent,40.757763,-73.987913,4.0
2025-06-22,ASSAULT 3 & RELATED OFFENSES,4,violent,40.763771,-73.98047,4.0
2025-12-28,ASSAULT 3 & RELATED OFFENSES,4,violent,40.728768,-73.996271,4.0
2025-03-10,ASSAULT 3 & RELATED OFFENSES,4,violent,40.81167,-73.949774,4.0
2025-06-08,ROBBERY,5,violent,40.734106,-73.996114,5.0
2025-08-09,ROBBERY,5,violent,40.710183,-73.997754,5.0
2025-08-28,ASSAULT 3 & RELATED OFFENSES,4,violent,40.755718,-73.998169,4.0
2025-10-19,ASSAULT 3 & RELATED OFFENSES,4,violent,40.708127,-73.9987,4.0
2025-08-31,ROBBERY,5,violent,40.706041,-73.967,5.0
2025-10-03,ASSAULT 3 & RELATED OFFENSES,4,violent,40.788261,-73.972904,4.0
2026-01-13,ROBBERY,5,violent,40.793116,-73.937656,5.0
2025-01-12,ROBBERY,5,violent,40.749526,-73.9752,5.0
2025-01-28,ASSAULT 3 & RELATED OFFENSES,4,violent,40.728414,-74.006247,4.0
2025-03-08,ROBBERY,5,violent,40.70145,-73.962316,5.0
2025-06-30,ASSAULT 3 & RELATED OFFENSES,4,violent,40.820242,-73.95251,4.0
2025-09-19,ASSAULT 3 & RELATED OFFENSES,4,violent,40.726889,-73.999972,4.0
2025-11-24,ASSAULT 3 & RELATED OFFENSES,4,violent,40.806904,-73.946942,4.0
2026-03-24,ROBBERY,5,violent,40.759455,-73.987251,5.0
2026-06-06,ROBBERY,5,violent,40.76363,-73.979978,5.0
2026-04-28,ROBBERY,5,violent,40.758727,-73.986045,5.0
2025-12-16,ASSAULT 3 & RELATED OFFENSES,4,violent,40.751754,-73.989066,4.0
2026-01-09,ASSAULT 3 & RELATED OFFENSES,4,violent,40.730204,-73.995512,4.0
2025-11-02,ASSAULT 3 & RELATED OFFENSES,4,violent,40.726432,-73.991707,4.0
2025-04-29,ROBBERY,5,violent,40.722413,-73.999099,5.0
2026-05-11,ROBBERY,5,violent,40.801739,-73.952525,5.0
2025-07-19,ASSAULT 3 & RELATED OFFENSES,4,violent,40.757374,-73.976509,4.0
2025-03-10,ASSAULT 3 & RELATED OFFENSES,4,violent,40.702192,-73.985288,4.0
2025-07-29,ROBBERY,5,violent,40.761868,-73.925492,5.0
2025-01-27,ROBBERY,5,violent,40.810712,-73.943274,5.0
2025-12-01,ROBBERY,5,violent,40.700549,-73.991704,5.0
2025-04-04,ASSAULT 3 & RELATED OFFENSES,4,violent,40.802091,-73.947671,4.0
2025-12-04,ROBBERY,5,violent,40.7646,-73.979292,5.0
2026-01-08,ASSAULT 3 & RELATED OFFENSES,4,violent,40.755185,-73.981087,4.0
2026-02-15,ROBBERY,5,violent,40.804096,-73.964681,5.0
2026-04-08,ASSAULT 3 & RELATED OFFENSES,4,violent,40.752726,-73.986704,4.0
2026-02-11,ROBBERY,5,violent,40.760578,-73.985782,5.0
2025-04-02,ROBBERY,5,violent,40.821845,-73.923634,5.0
2025-12-13,ASSAULT 3 & RELATED OFFENSES,4,violent,40.731783,-73.993599,4.0
2026-02-01,ROBBERY,5,violent,40.760507,-73.985191,5.0
2025-04-11,ASSAULT 3 & RELATED OFFENSES,4,violent,40.728023,-73.996501,4.0
2025-03-18,ROBBERY,5,violent,40.729758,-73.995198,5.0
2025-10-07,ROBBERY,5,violent,40.741137,-73.95971,5.0
2026-01-18,ASSAULT 3 & RELATED OFFENSES,4,violent,40.755373,-73.978128,4.0
2025-04-17,ASSAULT 3 & RELATED OFFENSES,4,violent,40.754561,-73.983904,4.0
2026-02-27,ROBBERY,5,violent,40.731703,-74.001771,5.0
2025-10-16,ASSAULT 3 & RELATED OFFENSES,4,violent,40.75613,-73.992068,4.0
2026-06-02,ASSAULT 3 & RELATED OFFENSES,4,violent,40.75,-73.990434,4.0
2025-11-28,ASSAULT 3 & RELATED OFFENSES,4,violent,40.732839,-73.993965,4.0
2026-06-12,ROBBERY,5,violent,40.733848,-73.9959,5.0
2025-04-14,ROBBERY,5,violent,40.757559,-73.983223,5.0
2025-06-03,ASSAULT 3 & RELATED OFFENSES,4,violent,40.802268,-73.946823,4.0
2025-08-03,ROBBERY,5,violent,40.733584,-73.907764,5.0
2026-05-24,ASSAULT 3 & RELATED OFFENSES,4,violent,40.715069,-73.983689,4.0
2025-08-08,ASSAULT 3 & RELATED OFFENSES,4,violent,40.800951,-73.955093,4.0
2026-03-07,ASSAULT 3 & RELATED OFFENSES,4,violent,40.72949,-73.996968,4.0
2025-03-11,ASSAULT 3 & RELATED OFFENSES,4,violent,40.756725,-73.993027,4.0
2025-10-07,ROBBERY,5,violent,40.792956,-73.979121,5.0
2025-12-24,ASSAULT 3 & RELATED OFFENSES,4,violent,40.731248,-73.993292,4.0
2025-03-28,ROBBERY,5,violent,40.707459,-73.998377,5.0
2026-01-23,ROBBERY,5,violent,40.735519,-73.955832,5.0
2025-02-15,ROBBERY,5,violent,40.816155,-73.926076,5.0
2026-02-07,ASSAULT 3 & RELATED OFFENSES,4,violent,40.767835,-73.926423,4.0
2025-10-25,ROBBERY,5,violent,40.814487,-73.944155,5.0
2025-09-13,ASSAULT 3 & RELATED OFFENSES,4,violent,40.726873,-73.995057,4.0
2025-08-10,ROBBERY,5,violent,40.708839,-73.999613,5.0
2026-06-20,ROBBERY,5,violent,40.774137,-73.908976,5.0
2025-06-12,ROBBERY,5,violent,40.814966,-73.909294,5.0
2025-10-25,ASSAULT 3 & RELATED OFFENSES,4,violent,40.808178,-73.952208,4.0
2025-11-19,ROBBERY,5,violent,40.75986,-73.980388,5.0
2025-02-12,ASSAULT 3 & RELATED OFFENSES,4,violent,40.754611,-73.990904,4.0
2026-06-23,ROBBERY,5,violent,40.764853,-73.986526,5.0
2026-07-01,ROBBERY,5,violent,40.806455,-73.966247,5.0
2025-07-23,ASSAULT 3 & RELATED OFFENSES,4,violent,40.733672,-73.978333,4.0
2025-05-30,ROBBERY,5,violent,40.812342,-73.948964,5.0
2025-08-10,ROBBERY,5,violent,40.758393,-73.984578,5.0
2026-06-24,ROBBERY,5,violent,40.752268,-73.991949,5.0
2026-04-22,ROBBERY,5,violent,40.858183,-73.901145,5.0
2026-05-25,ROBBERY,5,violent,40.726772,-73.999817,5.0
2025-02-11,ASSAULT 3 & RELATED OFFENSES,4,violent,40.754492,-73.983326,4.0
2026-07-22,ASSAULT 3 & RELATED OFFENSES,4,violent,40.797677,-73.971192,4.0
2026-05-13,ROBBERY,5,violent,40.815982,-73.947347,5.0
2025-08-02,ROBBERY,5,violent,40.725274,-73.993452,5.0
2025-12-26,ROBBERY,5,violent,40.728627,-73.99125,5.0
2026-07-16,ROBBERY,5,violent,40.75555,-73.987499,5.0
2026-04-14,ROBBERY,5,violent,40.708182,-74.002664,5.0
2025-07-27,ASSAULT 3 & RELATED OFFENSES,4,violent,40.863239,-73.907794,4.0
2026-05-21,ASSAULT 3 & RELATED OFFENSES,4,violent,40.81096,-73.95135,4.0
2026-02-19,ASSAULT 3 & RELATED OFFENSES,4,violent,40.745454,-73.983419,4.0
2025-10-25,ROBBERY,5,violent,40.727142,-73.997036,5.0
2026-04-16,ASSAULT 3 & RELATED OFFENSES,4,violent,40.729672,-73.996848,4.0
2025-06-06,ASSAULT 3 & RELATED OFFENSES,4,violent,40.779318,-73.911652,4.0
2025-07-08,ROBBERY,5,violent,40.761411,-73.984833,5.0
2026-05-25,ASSAULT 3 & RELATED OFFENSES,4,violent,40.731222,-73.997018,4.0
2025-08-17,ROBBERY,5,violent,40.853714,-73.907415,5.0
2026-06-12,ASSAULT 3 & RELATED OFFENSES,4,violent,40.758736,-73.986853,4.0
2025-08-18,ROBBERY,5,violent,40.813152,-73.943417,5.0
2026-01-19,ASSAULT 3 & RELATED OFFENSES,4,violent,40.759778,-73.98072,4.0
2025-05-30,ROBBERY,5,violent,40.809151,-73.943503,5.0
2026-01-15,ROBBERY,5,violent,40.82127,-73.953615,5.0
2025-02-06,ROBBERY,5,violent,40.75582,-73.984982,5.0
2025-01-30,ROBBERY,5,violent,40.727087,-74.004056,5.0
2026-04-03,ASSAULT 3 & RELATED OFFENSES,4,violent,40.75539,-73.981928,4.0
2026-03-08,ASSAULT 3 & RELATED OFFENSES,4,violent,40.802559,-73.96999,4.0
2025-11-25,ASSAULT 3 & RELATED OFFENSES,4,violent,40.758964,-73.99095,4.0
2025-04-29,ASSAULT 3 & RELATED OFFENSES,4,violent,40.723328,-73.946822,4.0
2026-01-08,ASSAULT 3 & RELATED OFFENSES,4,violent,40.702825,-73.995503,4.0
2026-07-13,ROBBERY,5,violent,40.723436,-73.998275,5.0
2025-02-07,ROBBERY,5,violent,40.724084,-73.975749,5.0
2026-04-19,ASSAULT 3 & RELATED OFFENSES,4,violent,40.805102,-73.939378,4.0
2025-02-16,ASSAULT 3 & RELATED OFFENSES,4,violent,40.739066,-73.995239,4.0
2025-10-13,ROBBERY,5,violent,40.805439,-73.94439,5.0
2026-06-07,ASSAULT 3 & RELATED OFFENSES,4,violent,40.761567,-73.978639,4.0
2025-08-04,ASSAULT 3 & RELATED OFFENSES,4,violent,40.765175,-73.99219,4.0
2026-04-06,ASSAULT 3 & RELATED OFFENSES,4,violent,40.730431,-73.993038,4.0
2025-03-31,ASSAULT 3 & RELATED OFFENSES,4,violent,40.755514,-73.988451,4.0
2025-06-27,ASSAULT 3 & RELATED OFFENSES,4,violent,40.724411,-73.995643,4.0
2025-11-12,ROBBERY,5,violent,40.718629,-73.952663,5.0
2026-01-28,ROBBERY,5,violent,40.727116,-73.994257,5.0
2025-06-20,ROBBERY,5,violent,40.789781,-73.980949,5.0
2025-03-07,ROBBERY,5,violent,40.756576,-73.982338,5.0
2026-03-17,ASSAULT 3 & RELATED OFFENSES,4,violent,40.744689,-73.939241,4.0
2025-08-08,ASSAULT 3 & RELATED OFFENSES,4,violent,40.755368,-73.983084,4.0
2025-03-13,ROBBERY,5,violent,40.757024,-73.992724,5.0
2026-06-17,ASSAULT 3 & RELATED OFFENSES,4,violent,40.754433,-73.98573,4.0
2025-06-15,ROBBERY,5,violent,40.705508,-74.00368,5.0
2025-07-08,ASSAULT 3 & RELATED OFFENSES,4,violent,40.814159,-73.948554,4.0
2025-05-28,ASSAULT 3 & RELATED OFFENSES,4,violent,40.836294,-73.944813,4.0
2025-12-05,ASSAULT 3 & RELATED OFFENSES,4,violent,40.808877,-73.947258,4.0
2025-07-05,ROBBERY,5,violent,40.759763,-73.985029,5.0
2025-05-08,ROBBERY,5,violent,40.823832,-73.950436,5.0
2026-03-29,ROBBERY,5,violent,40.761931,-73.976065,5.0
2025-03-11,ASSAULT 3 & RELATED OFFENSES,4,violent,40.727146,-73.990682,4.0
2026-06-21,ROBBERY,5,violent,40.704985,-73.994546,5.0
2025-08-22,ROBBERY,5,violent,40.819874,-73.946473,5.0
2026-04-13,ROBBERY,5,violent,40.79991,-73.948579,5.0
2026-06-07,ROBBERY,5,violent,40.754482,-73.982502,5.0
2025-03-20,ROBBERY,5,violent,40.755028,-73.979019,5.0
2026-06-06,ROBBERY,5,violent,40.808685,-73.940333,5.0
2025-03-19,ASSAULT 3 & RELATED OFFENSES,4,violent,40.81197,-73.92503,4.0
2025-05-13,ASSAULT 3 & RELATED OFFENSES,4,violent,40.70181,-73.993628,4.0
2025-06-02,ROBBERY,5,violent,40.757797,-73.986892,5.0
2025-05-02,ASSAULT 3 & RELATED OFFENSES,4,violent,40.817234,-73.956336,4.0
2026-06-12,ROBBERY,5,violent,40.810872,-73.945682,5.0
2026-01-29,ASSAULT 3 & RELATED OFFENSES,4,violent,40.810075,-73.949399,4.0
2026-07-27,ROBBERY,5,violent,40.706437,-73.91838,5.0
2025-06-02,ROBBERY,5,violent,40.758331,-73.989663,5.0
2026-01-25,ASSAULT 3 & RELATED OFFENSES,4,violent,40.81518,-73.942629,4.0
2025-08-11,ASSAULT 3 & RELATED OFFENSES,4,violent,40.757574,-73.979672,4.0
2026-02-06,ROBBERY,5,violent,40.815019,-73.941632,5.0
2025-09-14,ROBBERY,5,violent,40.812063,-73.909336,5.0
2026-03-04,ASSAULT 3 & RELATED OFFENSES,4,violent,40.794686,-73.950347,4.0
2025-01-03,ROBBERY,5,violent,40.815473,-73.945198,5.0
2026-03-26,ROBBERY,5,violent,40.758903,-73.99228,5.0
2025-02-11,ASSAULT 3 & RELATED OFFENSES,4,violent,40.729508,-74.000539,4.0
2025-10-28,ROBBERY,5,violent,40.814116,-73.950492,5.0
2025-12-30,ROBBERY,5,violent,40.730915,-73.924782,5.0
2025-05-01,ROBBERY,5,violent,40.757018,-73.979821,5.0
2025-03-11,ROBBERY,5,violent,40.728949,-73.997516,5.0
2025-03-05,ASSAULT 3 & RELATED OFFENSES,4,violent,40.71121,-73.995591,4.0
2026-01-14,ROBBERY,5,violent,40.81127,-73.943593,5.0
2026-05-12,ASSAULT 3 & RELATED OFFENSES,4,violent,40.730178,-73.990405,4.0
2025-08-13,ASSAULT 3 & RELATED OFFENSES,4,violent,40.720966,-73.906563,4.0
2026-04-29,ROBBERY,5,violent,40.833935,-73.940552,5.0
2026-03-09,ASSAULT 3 & RELATED OFFENSES,4,violent,40.728085,-73.997922,4.0
2026-06-11,ASSAULT 3 & RELATED OFFENSES,4,violent,40.802394,-73.956756,4.0
2026-03-31,ROBBERY,5,violent,40.821356,-73.90386,5.0
2025-12-18,ASSAULT 3 & RELATED OFFENSES,4,violent,40.746659,-73.988656,4.0
2025-07-27,ROBBERY,5,violent,40.755194,-73.984095,5.0
2025-10-29,ASSAULT 3 & RELATED OFFENSES,4,violent,40.75605,-73.984601,4.0
2025-10-31,ASSAULT 3 & RELATED OFFENSES,4,violent,40.730582,-74.001193,4.0
2025-05-15,ROBBERY,5,violent,40.771397,-73.95388,5.0
2026-01-16,ASSAULT 3 & RELATED OFFENSES,4,violent,40.82019,-73.912488,4.0
2025-10-28,ASSAULT 3 & RELATED OFFENSES,4,violent,40.753261,-73.984868,4.0
2025-03-26,ASSAULT 3 & RELATED OFFENSES,4,violent,40.708803,-74.001302,4.0
2026-03-20,ASSAULT 3 & RELATED OFFENSES,4,violent,40.75817,-73.986462,4.0
2026-01-26,ASSAULT 3 & RELATED OFFENSES,4,violent,40.753883,-73.987051,4.0
2026-07-14,ROBBERY,5,violent,40.758694,-73.935703,5.0
2025-07-01,ASSAULT 3 & RELATED OFFENSES,4,violent,40.758299,-73.918889,4.0
2026-06-14,ASSAULT 3 & RELATED OFFENSES,4,violent,40.814445,-73.94651,4.0
2025-02-03,ROBBERY,5,violent,40.729102,-73.994509,5.0
2026-02-20,ROBBERY,5,violent,40.732985,-73.99672,5.0
2025-05-11,ASSAULT 3 & RELATED OFFENSES,4,violent,40.818189,-73.944707,4.0
2026-04-02,ASSAULT 3 & RELATED OFFENSES,4,violent,40.761843,-73.981796,4.0
2025-04-14,ROBBERY,5,violent,40.859562,-73.931045,5.0
2026-03-20,ASSAULT 3 & RELATED OFFENSES,4,violent,40.707136,-74.000208,4.0
2025-04-04,ROBBERY,5,violent,40.759318,-73.978951,5.0
2025-05-10,ASSAULT 3 & RELATED OFFENSES,4,violent,40.727055,-73.996813,4.0
2025-07-07,ROBBERY,5,violent,40.761951,-73.982265,5.0
2025-12-05,ROBBERY,5,violent,40.849309,-73.928039,5.0
2026-04-22,ASSAULT 3 & RELATED OFFENSES,4,violent,40.786124,-73.947281,4.0
2025-08-25,ASSAULT 3 & RELATED OFFENSES,4,violent,40.811195,-73.944667,4.0
2025-10-12,ASSAULT 3 & RELATED OFFENSES,4,violent,40.756112,-73.985687,4.0
2025-01-12,ROBBERY,5,violent,40.703837,-73.994979,5.0
2025-12-04,ROBBERY,5,violent,40.81279,-73.942959,5.0
2025-03-06,ROBBERY,5,violent,40.70978,-74.001895,5.0
2026-01-08,ROBBERY,5,violent,40.730023,-73.998513,5.0
2025-10-05,ROBBERY,5,violent,40.809082,-73.948285,5.0
2025-04-06,ROBBERY,5,violent,40.757802,-73.980276,5.0
2025-06-27,ASSAULT 3 & RELATED OFFENSES,4,violent,40.701837,-73.993485,4.0
2026-06-17,ROBBERY,5,violent,40.71549,-73.937987,5.0
2026-01-19,ASSAULT 3 & RELATED OFFENSES,4,violent,40.80991,-73.921538,4.0
2025-06-07,ROBBERY,5,violent,40.816463,-73.923103,5.0
2026-02-24,ASSAULT 3 & RELATED OFFENSES,4,violent,40.729663,-73.998034,4.0
2026-04-21,ASSAULT 3 & RELATED OFFENSES,4,violent,40.833652,-73.929367,4.0
2026-03-05,ASSAULT 3 & RELATED OFFENSES,4,violent,40.76713,-73.980994,4.0
2025-05-24,ASSAULT 3 & RELATED OFFENSES,4,violent,40.812466,-73.947231,4.0
2025-03-24,ASSAULT 3 & RELATED OFFENSES,4,violent,40.75781,-73.98324,4.0
2026-01-10,ASSAULT 3 & RELATED OFFENSES,4,violent,40.727048,-74.009676,4.0
2025-08-20,ROBBERY,5,violent,40.766608,-73.945348,5.0
2026-03-04,ROBBERY,5,violent,40.727036,-73.997533,5.0
2025-04-19,ASSAULT 3 & RELATED OFFENSES,4,violent,40.770327,-73.974956,4.0
2026-05-08,ROBBERY,5,violent,40.793831,-73.971683,5.0
2026-02-07,ROBBERY,5,violent,40.732326,-73.998945,5.0
2025-08-05,ASSAULT 3 & RELATED OFFENSES,4,violent,40.754604,-73.983591,4.0
2026-01-29,ROBBERY,5,violent,40.810447,-73.94583,5.0
2026-06-25,ASSAULT 3 & RELATED OFFENSES,4,violent,40.701983,-73.941196,4.0
2026-06-19,ROBBERY,5,violent,40.705405,-73.988985,5.0
2025-01-26,ROBBERY,5,violent,40.805873,-73.948639,5.0
2025-06-28,ASSAULT 3 & RELATED OFFENSES,4,violent,40.752396,-73.98898,4.0
2026-03-23,ROBBERY,5,violent,40.732191,-73.997347,5.0
2026-04-26,ASSAULT 3 & RELATED OFFENSES,4,violent,40.715754,-73.987458,4.0
2026-03-27,ASSAULT 3 & RELATED OFFENSES,4,violent,40.762807,-73.983813,4.0
2025-07-31,ASSAULT 3 & RELATED OFFENSES,4,violent,40.708593,-73.992903,4.0
2025-10-23,ASSAULT 3 & RELATED OFFENSES,4,violent,40.856267,-73.931784,4.0
2026-01-11,ASSAULT 3 & RELATED OFFENSES,4,violent,40.75785,-73.991561,4.0
2025-12-23,ROBBERY,5,violent,40.81318,-73.945062,5.0
2026-01-24,ASSAULT 3 & RELATED OFFENSES,4,violent,40.812575,-73.943555,4.0
2025-10-30,ROBBERY,5,violent,40.8183,-73.948191,5.0
2025-08-01,ROBBERY,5,violent,40.761174,-73.908937,5.0
2025-03-29,ASSAULT 3 & RELATED OFFENSES,4,violent,40.754849,-73.986318,4.0
2026-02-27,ROBBERY,5,violent,40.70932,-73.995862,5.0
2026-04-02,ASSAULT 3 & RELATED OFFENSES,4,violent,40.727317,-73.931799,4.0
2025-06-06,ASSAULT 3 & RELATED OFFENSES,4,violent,40.817602,-73.94751,4.0
2025-03-28,ROBBERY,5,violent,40.757689,-73.930226,5.0
2025-12-12,ROBBERY,5,violent,40.813335,-73.945923,5.0
2025-06-08,ASSAULT 3 & RELATED OFFENSES,4,violent,40.727099,-73.998435,4.0
2025-04-26,ASSAULT 3 & RELATED OFFENSES,4,violent,40.852977,-73.952135,4.0
2026-04-23,ROBBERY,5,violent,40.810161,-73.949941,5.0
2026-04-18,ROBBERY,5,violent,40.728829,-73.99126,5.0
2026-07-30,ROBBERY,5,violent,40.762969,-73.983974,5.0
2026-04-14,ROBBERY,5,violent,40.817254,-73.955228,5.0
2026-07-14,ROBBERY,5,violent,40.808945,-73.953363,5.0
2026-06-30,ROBBERY,5,violent,40.746673,-73.990455,5.0
2025-03-02,ASSAULT 3 & RELATED OFFENSES,4,violent,40.732717,-73.998214,4.0
2025-01-05,ROBBERY,5,violent,40.706609,-74.000472,5.0
2025-06-19,ROBBERY,5,violent,40.723831,-73.994931,5.0
2026-04-21,ASSAULT 3 & RELATED OFFENSES,4,violent,40.711536,-73.905481,4.0
2025-10-02,ASSAULT 3 & RELATED OFFENSES,4,violent,40.820392,-73.913443,4.0
2026-06-06,ASSAULT 3 & RELATED OFFENSES,4,violent,40.860068,-73.905178,4.0
2026-03-03,ROBBERY,5,violent,40.81053,-73.939678,5.0
2025-10-29,ASSAULT 3 & RELATED OFFENSES,4,violent,40.760569,-73.968317,4.0
2026-03-21,ASSAULT 3 & RELATED OFFENSES,4,violent,40.707463,-73.917368,4.0
2025-09-13,ROBBERY,5,violent,40.776582,-73.94401,5.0
2026-04-06,ROBBERY,5,violent,40.75732,-73.98571,5.0
2025-04-05,ASSAULT 3 & RELATED OFFENSES,4,violent,40.812339,-73.950959,4.0
2025-01-12,ROBBERY,5,violent,40.757367,-73.943434,5.0
2026-02-20,ROBBERY,5,violent,40.762763,-73.980294,5.0
2025-02-03,ROBBERY,5,violent,40.758557,-73.989075,5.0
2025-08-23,ROBBERY,5,violent,40.756973,-73.982947,5.0
2025-01-13,ROBBERY,5,violent,40.714263,-73.934296,5.0
2026-06-30,ASSAULT 3 & RELATED OFFENSES,4,violent,40.730703,-73.995332,4.0
2026-03-30,ROBBERY,5,violent,40.739585,-73.95546,5.0
2025-03-13,ASSAULT 3 & RELATED OFFENSES,4,violent,40.729477,-73.994732,4.0
2026-04-03,ASSAULT 3 & RELATED OFFENSES,4,violent,40.700372,-73.992532,4.0
2026-01-28,ROBBERY,5,violent,40.817418,-73.942132,5.0
2025-04-12,ROBBERY,5,violent,40.728016,-73.997495,5.0
2025-03-05,ASSAULT 3 & RELATED OFFENSES,4,violent,40.77844,-73.978015,4.0
2025-02-05,ROBBERY,5,violent,40.727239,-73.996544,5.0
2026-05-19,ROBBERY,5,violent,40.706259,-74.006931,5.0
2025-08-24,ASSAULT 3 & RELATED OFFENSES,4,violent,40.704929,-73.990038,4.0
2025-11-06,ASSAULT 3 & RELATED OFFENSES,4,violent,40.73408,-73.996408,4.0
2026-02-17,ASSAULT 3 & RELATED OFFENSES,4,violent,40.711224,-73.93292,4.0
2026-01-26,ASSAULT 3 & RELATED OFFENSES,4,violent,40.817314,-73.953278,4.0
2025-03-29,ROBBERY,5,violent,40.808927,-73.951754,5.0
2025-11-09,ROBBERY,5,violent,40.808361,-73.945309,5.0
2025-07-29,ASSAULT 3 & RELATED OFFENSES,4,violent,40.776129,-73.967338,4.0
2025-01-07,ROBBERY,5,violent,40.748645,-73.930293,5.0
2026-07-18,ROBBERY,5,violent,40.808704,-73.928868,5.0
2025-08-25,ROBBERY,5,violent,40.708447,-73.965547,5.0
2026-07-08,ROBBERY,5,violent,40.811197,-73.942613,5.0
2025-07-09,ROBBERY,5,violent,40.754867,-73.983565,5.0
2026-02-12,ROBBERY,5,violent,40.732903,-73.999258,5.0
2025-03-11,ROBBERY,5,violent,40.814875,-73.942878,5.0
2026-03-25,ASSAULT 3 & RELATED OFFENSES,4,violent,40.712111,-73.920154,4.0
2026-05-02,ROBBERY,5,violent,40.73239,-73.990107,5.0
2025-08-28,ASSAULT 3 & RELATED OFFENSES,4,violent,40.776012,-73.919864,4.0
2025-05-17,ROBBERY,5,violent,40.767118,-73.954619,5.0
2025-09-29,ASSAULT 3 & RELATED OFFENSES,4,violent,40.728873,-74.001079,4.0
2025-01-14,ASSAULT 3 & RELATED OFFENSES,4,violent,40.754393,-73.98484,4.0
2025-07-08,ROBBERY,5,violent,40.767373,-73.970899,5.0
2026-04-23,ASSAULT 3 & RELATED OFFENSES,4,violent,40.760631,-73.987598,4.0
2025-09-13,ASSAULT 3 & RELATED OFFENSES,4,violent,40.803707,-73.962507,4.0
2025-01-19,ROBBERY,5,violent,40.737877,-73.997468,5.0
2026-03-23,ROBBERY,5,violent,40.744268,-73.912167,5.0
2025-10-30,ASSAULT 3 & RELATED OFFENSES,4,violent,40.722343,-73.939941,4.0
2026-04-10,ASSAULT 3 & RELATED OFFENSES,4,violent,40.724439,-73.998027,4.0
2026-02-10,ASSAULT 3 & RELATED OFFENSES,4,violent,40.732217,-73.99727,4.0
2025-04-25,ASSAULT 3 & RELATED OFFENSES,4,violent,40.806728,-73.951996,4.0
2025-02-08,ROBBERY,5,violent,40.807772,-73.947233,5.0
2026-02-05,ROBBERY,5,violent,40.808838,-73.946099,5.0
2025-11-12,ASSAULT 3 & RELATED OFFENSES,4,violent,40.81639,-73.945454,4.0
2025-02-21,ROBBERY,5,violent,40.71808,-74.005953,5.0
2026-07-04,ASSAULT 3 & RELATED OFFENSES,4,violent,40.705822,-73.939641,4.0
2026-01-01,ASSAULT 3 & RELATED OFFENSES,4,violent,40.753694,-73.975508,4.0
2025-01-17,ROBBERY,5,violent,40.730563,-73.995396,5.0
2025-05-30,ROBBERY,5,violent,40.726523,-74.002764,5.0
2025-11-13,ASSAULT 3 & RELATED OFFENSES,4,violent,40.713416,-73.970242,4.0
2026-02-16,ASSAULT 3 & RELATED OFFENSES,4,violent,40.725545,-73.996704,4.0
2025-05-16,ASSAULT 3 & RELATED OFFENSES,4,violent,40.75841,-73.981253,4.0
2025-12-14,ASSAULT 3 & RELATED OFFENSES,4,violent,40.813535,-73.945804,4.0
2025-07-30,ROBBERY,5,violent,40.810246,-73.947677,5.0
2026-04-11,ASSAULT 3 & RELATED OFFENSES,4,violent,40.712628,-73.97897,4.0
2025-02-12,ROBBERY,5,violent,40.704343,-73.940781,5.0
2026-05-23,ROBBERY,5,violent,40.804852,-73.948666,5.0
2026-05-09,ASSAULT 3 & RELATED OFFENSES,4,violent,40.760669,-73.990304,4.0
2025-12-30,ROBBERY,5,violent,40.708743,-73.999367,5.0
2025-12-07,ROBBERY,5,violent,40.760108,-73.981543,5.0
2025-01-22,ROBBERY,5,violent,40.763168,-73.987268,5.0
2026-01-18,ROBBERY,5,violent,40.739923,-73.927857,5.0
2025-08-05,ASSAULT 3 & RELATED OFFENSES,4,violent,40.729928,-73.994631,4.0
2026-06-04,ASSAULT 3 & RELATED OFFENSES,4,violent,40.735239,-73.945577,4.0
2026-06-05,ROBBERY,5,violent,40.750032,-73.980832,5.0
2025-01-26,ROBBERY,5,violent,40.76037,-73.980528,5.0
2026-01-04,ROBBERY,5,violent,40.708735,-73.992801,5.0
2025-04-26,ROBBERY,5,violent,40.727766,-73.997856,5.0
2025-12-25,ROBBERY,5,violent,40.760547,-73.985828,5.0
2025-02-02,ROBBERY,5,violent,40.819295,-73.914047,5.0
2025-02-13,ROBBERY,5,violent,40.728318,-73.997776,5.0
2025-08-07,ROBBERY,5,violent,40.755353,-73.983294,5.0
2026-01-30,ROBBERY,5,violent,40.709217,-73.995425,5.0
2025-04-15,ROBBERY,5,violent,40.728025,-74.008292,5.0
2026-02-20,ROBBERY,5,violent,40.704988,-73.995495,5.0
2025-09-24,ASSAULT 3 & RELATED OFFENSES,4,violent,40.764136,-73.980826,4.0
2025-02-10,ASSAULT 3 & RELATED OFFENSES,4,violent,40.722264,-74.002308,4.0
2026-04-08,ROBBERY,5,violent,40.756574,-73.981325,5.0
2025-02-27,ASSAULT 3 & RELATED OFFENSES,4,violent,40.731596,-74.002571,4.0
2025-06-06,ROBBERY,5,violent,40.807207,-73.950642,5.0
2026-03-12,ROBBERY,5,violent,40.733341,-73.959292,5.0
2025-04-27,ASSAULT 3 & RELATED OFFENSES,4,violent,40.742,-73.952591,4.0
2025-07-08,ROBBERY,5,violent,40.799363,-73.951377,5.0
2026-06-01,ROBBERY,5,violent,40.737255,-73.93952,5.0
2026-04-01,ASSAULT 3 & RELATED OFFENSES,4,violent,40.705491,-73.901965,4.0
2026-05-07,ROBBERY,5,violent,40.72985,-73.99456,5.0
2025-01-12,ASSAULT 3 & RELATED OFFENSES,4,violent,40.801373,-73.948992,4.0
2025-02-25,ROBBERY,5,violent,40.729728,-73.997356,5.0
2026-04-20,ASSAULT 3 & RELATED OFFENSES,4,violent,40.758202,-73.987069,4.0
2026-04-15,ROBBERY,5,violent,40.75746,-73.98618,5.0
2025-09-09,ASSAULT 3 & RELATED OFFENSES,4,violent,40.711022,-73.998619,4.0
2025-12-15,ROBBERY,5,violent,40.757044,-73.922543,5.0
2025-07-10,ASSAULT 3 & RELATED OFFENSES,4,violent,40.811455,-73.949028,4.0
2025-01-26,ASSAULT 3 & RELATED OFFENSES,4,violent,40.728343,-73.998619,4.0
2025-04-26,ASSAULT 3 & RELATED OFFENSES,4,violent,40.811119,-73.947572,4.0
2025-12-03,ASSAULT 3 & RELATED OFFENSES,4,violent,40.809984,-73.947518,4.0
2025-12-23,ASSAULT 3 & RELATED OFFENSES,4,violent,40.70902,-73.998719,4.0
2025-03-30,ROBBERY,5,violent,40.766761,-73.981766,5.0
2025-01-08,ASSAULT 3 & RELATED OFFENSES,4,violent,40.741869,-73.943443,4.0
2025-01-24,ASSAULT 3 & RELATED OFFENSES,4,violent,40.731807,-73.997415,4.0
2025-05-04,ROBBERY,5,violent,40.760943,-73.993445,5.0
2025-09-17,ASSAULT 3 & RELATED OFFENSES,4,violent,40.730457,-73.996744,4.0
2025-11-05,ROBBERY,5,violent,40.729791,-73.998095,5.0
2025-03-03,ROBBERY,5,violent,40.758059,-73.977993,5.0
2025-07-07,ASSAULT 3 & RELATED OFFENSES,4,violent,40.745452,-73.993047,4.0
2025-02-10,ASSAULT 3 & RELATED OFFENSES,4,violent,40.87371,-73.928708,4.0
2026-07-03,ROBBERY,5,violent,40.752225,-73.94222,5.0
2026-05-07,ROBBERY,5,violent,40.759285,-73.984792,5.0
2025-11-24,ROBBERY,5,violent,40.707436,-73.907733,5.0
2026-04-27,ROBBERY,5,violent,40.72812,-73.995918,5.0
2025-07-04,ASSAULT 3 & RELATED OFFENSES,4,violent,40.730931,-73.987804,4.0
2025-12-04,ASSAULT 3 & RELATED OFFENSES,4,violent,40.81818,-73.941011,4.0
2026-07-15,ROBBERY,5,violent,40.808492,-73.947904,5.0
2025-04-26,ROBBERY,5,violent,40.752468,-73.985416,5.0
2026-02-22,ASSAULT 3 & RELATED OFFENSES,4,violent,40.768731,-73.92976,4.0
2025-10-01,ROBBERY,5,violent,40.730319,-73.997407,5.0
2026-07-23,ROBBERY,5,violent,40.815803,-73.938643,5.0
2025-06-27,ASSAULT 3 & RELATED OFFENSES,4,violent,40.703178,-73.992739,4.0
2026-07-30,ROBBERY,5,violent,40.80683,-73.953478,5.0
2026-05-16,ROBBERY,5,violent,40.729181,-73.999586,5.0
2025-12-24,ROBBERY,5,violent,40.85159,-73.907734,5.0
2025-08-13,ASSAULT 3 & RELATED OFFENSES,4,violent,40.754436,-73.984029,4.0
2025-12-21,ROBBERY,5,violent,40.805058,-73.948714,5.0
2025-01-26,ASSAULT 3 & RELATED OFFENSES,4,violent,40.775667,-73.943664,4.0
2026-05-13,ROBBERY,5,violent,40.732383,-74.002847,5.0
2025-11-12,ASSAULT 3 & RELATED OFFENSES,4,violent,40.709426,-74.00527,4.0
2026-01-27,ASSAULT 3 & RELATED OFFENSES,4,violent,40.756269,-73.991949,4.0
2026-04-15,ASSAULT 3 & RELATED OFFENSES,4,violent,40.730262,-73.999535,4.0
2025-03-12,ASSAULT 3 & RELATED OFFENSES,4,violent,40.762952,-73.957019,4.0
2025-04-24,ASSAULT 3 & RELATED OFFENSES,4,violent,40.809698,-73.950971,4.0
2025-01-17,ROBBERY,5,violent,40.729074,-74.001262,5.0
2025-03-12,ASSAULT 3 & RELATED OFFENSES,4,violent,40.726727,-73.995768,4.0
2025-08-04,ASSAULT 3 & RELATED OFFENSES,4,violent,40.805957,-73.944207,4.0
2025-11-23,ROBBERY,5,violent,40.708311,-73.94852,5.0
2025-07-15,ROBBERY,5,violent,40.72817,-73.985262,5.0
2025-01-21,ASSAULT 3 & RELATED OFFENSES,4,violent,40.816689,-73.942562,4.0
2025-06-04,ASSAULT 3 & RELATED OFFENSES,4,violent,40.702628,-73.992335,4.0
2025-05-29,ROBBERY,5,violent,40.791912,-73.920357,5.0
2025-01-03,ASSAULT 3 & RELATED OFFENSES,4,violent,40.721604,-73.996393,4.0
2026-02-02,ASSAULT 3 & RELATED OFFENSES,4,violent,40.813934,-73.94582,4.0
2025-11-03,ASSAULT 3 & RELATED OFFENSES,4,violent,40.705619,-74.002056,4.0
2025-04-19,ASSAULT 3 & RELATED OFFENSES,4,violent,40.726888,-73.993535,4.0
2026-05-01,ASSAULT 3 & RELATED OFFENSES,4,violent,40.717212,-73.902003,4.0
2025-06-30,ROBBERY,5,violent,40.815741,-73.950278,5.0
2026-07-09,ROBBERY,5,violent,40.763415,-73.985742,5.0
2025-03-11,ASSAULT 3 & RELATED OFFENSES,4,violent,40.72458,-73.998078,4.0
2025-07-04,ROBBERY,5,violent,40.709687,-73.997316,5.0
2025-01-25,ASSAULT 3 & RELATED OFFENSES,4,violent,40.763977,-73.983727,4.0
2025-08-20,ASSAULT 3 & RELATED OFFENSES,4,violent,40.726324,-74.00005,4.0
2025-01-25,ROBBERY,5,violent,40.81149,-73.944659,5.0
2026-01-29,ROBBERY,5,violent,40.847179,-73.912659,5.0
2025-10-03,ROBBERY,5,violent,40.794633,-73.972926,5.0
2025-08-10,ROBBERY,5,violent,40.749456,-73.902976,5.0
2025-04-22,ASSAULT 3 & RELATED OFFENSES,4,violent,40.813423,-73.948733,4.0
2026-03-09,ASSAULT 3 & RELATED OFFENSES,4,violent,40.808721,-73.941453,4.0
2025-10-07,ASSAULT 3 & RELATED OFFENSES,4,violent,40.812381,-73.939472,4.0
2025-12-31,ASSAULT 3 & RELATED OFFENSES,4,violent,40.740229,-73.95167,4.0
2026-02-06,ROBBERY,5,violent,40.70481,-73.995367,5.0
2025-09-15,ASSAULT 3 & RELATED OFFENSES,4,violent,40.703474,-73.99134,4.0
2026-07-31,ROBBERY,5,violent,40.81296,-73.949307,5.0
2026-05-10,ASSAULT 3 & RELATED OFFENSES,4,violent,40.821786,-73.927222,4.0
2025-08-26,ROBBERY,5,violent,40.755795,-73.984943,5.0
2025-01-02,ASSAULT 3 & RELATED OFFENSES,4,violent,40.699166,-73.992553,4.0
2025-08-26,ASSAULT 3 & RELATED OFFENSES,4,violent,40.706969,-73.998422,4.0
2026-01-14,ROBBERY,5,violent,40.758652,-73.993936,5.0
2025-01-03,ROBBERY,5,violent,40.729799,-73.997952,5.0
2025-04-02,ASSAULT 3 & RELATED OFFENSES,4,violent,40.732693,-73.99229,4.0
2025-07-05,ROBBERY,5,violent,40.832025,-73.901146,5.0
2025-11-08,ASSAULT 3 & RELATED OFFENSES,4,violent,40.742506,-73.931557,4.0
2025-09-09,ASSAULT 3 & RELATED OFFENSES,4,violent,40.796549,-73.936609,4.0
2025-07-19,ASSAULT 3 & RELATED OFFENSES,4,violent,40.733189,-73.997237,4.0
2026-04-21,ASSAULT 3 & RELATED OFFENSES,4,violent,40.715251,-73.912122,4.0
2026-05-02,ASSAULT 3 & RELATED OFFENSES,4,violent,40.812167,-73.952821,4.0
2026-02-13,ASSAULT 3 & RELATED OFFENSES,4,violent,40.739234,-73.931081,4.0
2026-06-02,ASSAULT 3 & RELATED OFFENSES,4,violent,40.710996,-73.994063,4.0
2025-04-09,ROBBERY,5,violent,40.705121,-74.00223,5.0
2025-08-12,ASSAULT 3 & RELATED OFFENSES,4,violent,40.807898,-73.949888,4.0
2025-01-29,ROBBERY,5,violent,40.732497,-73.998883,5.0
2025-12-21,ROBBERY,5,violent,40.760285,-73.986793,5.0
2025-02-25,ASSAULT 3 & RELATED OFFENSES,4,violent,40.814883,-73.943798,4.0
2025-04-16,ASSAULT 3 & RELATED OFFENSES,4,violent,40.759842,-73.98606,4.0
2025-06-13,ASSAULT 3 & RELATED OFFENSES,4,violent,40.754855,-73.989829,4.0
2025-08-03,ROBBERY,5,violent,40.755341,-73.983366,5.0
2025-06-07,ROBBERY,5,violent,40.757854,-73.989251,5.0
2026-06-02,ASSAULT 3 & RELATED OFFENSES,4,violent,40.758072,-73.994574,4.0
2026-05-20,ROBBERY,5,violent,40.707141,-73.999551,5.0
2025-01-04,ASSAULT 3 & RELATED OFFENSES,4,violent,40.763315,-73.979436,4.0
2026-05-04,ROBBERY,5,violent,40.817732,-73.943043,5.0
2025-09-03,ASSAULT 3 & RELATED OFFENSES,4,violent,40.7331,-73.995116,4.0
2025-06-04,ROBBERY,5,violent,40.726791,-73.995471,5.0
2025-09-22,ROBBERY,5,violent,40.709791,-73.995313,5.0
2025-06-08,ASSAULT 3 & RELATED OFFENSES,4,violent,40.810927,-73.942353,4.0
2025-08-28,ASSAULT 3 & RELATED OFFENSES,4,violent,40.810417,-73.951117,4.0
2025-01-03,ROBBERY,5,violent,40.850547,-73.908013,5.0
2026-06-16,ROBBERY,5,violent,40.802036,-73.92155,5.0
2025-12-06,ASSAULT 3 & RELATED OFFENSES,4,violent,40.816932,-73.946761,4.0
2026-05-03,ROBBERY,5,violent,40.71281,-73.9915,5.0
2025-11-16,ASSAULT 3 & RELATED OFFENSES,4,violent,40.761272,-73.984441,4.0
2025-01-15,ROBBERY,5,violent,40.730543,-73.993233,5.0
2025-11-07,ROBBERY,5,violent,40.728224,-73.997263,5.0
2026-04-01,ROBBERY,5,violent,40.783406,-73.916064,5.0
2026-07-19,ROBBERY,5,violent,40.731381,-73.995434,5.0
2026-02-13,ASSAULT 3 & RELATED OFFENSES,4,violent,40.80819,-73.949446,4.0
2025-09-01,ROBBERY,5,violent,40.81554,-73.94704,5.0
2025-02-05,ASSAULT 3 & RELATED OFFENSES,4,violent,40.757347,-73.989047,4.0
2025-02-25,ASSAULT 3 & RELATED OFFENSES,4,violent,40.75737,-73.989564,4.0
2025-08-23,ASSAULT 3 & RELATED OFFENSES,4,violent,40.730413,-73.999329,4.0
2026-04-24,ASSAULT 3 & RELATED OFFENSES,4,violent,40.707606,-73.998426,4.0
2025-01-24,ROBBERY,5,violent,40.845065,-73.944144,5.0
2025-10-26,ROBBERY,5,violent,40.755049,-73.949625,5.0
2026-01-13,ASSAULT 3 & RELATED OFFENSES,4,violent,40.702643,-73.993845,4.0
2025-06-06,ROBBERY,5,violent,40.810467,-73.944601,5.0
2025-09-21,ASSAULT 3 & RELATED OFFENSES,4,violent,40.729113,-73.993094,4.0
2025-07-16,ASSAULT 3 & RELATED OFFENSES,4,violent,40.854096,-73.903484,4.0
2025-12-30,ASSAULT 3 & RELATED OFFENSES,4,violent,40.701418,-73.99415,4.0
2026-05-01,ASSAULT 3 & RELATED OFFENSES,4,violent,40.735078,-73.991507,4.0
2025-03-07,ASSAULT 3 & RELATED OFFENSES,4,violent,40.752198,-73.977307,4.0
2026-02-10,ROBBERY,5,violent,40.759924,-73.980842,5.0
2025-09-18,ASSAULT 3 & RELATED OFFENSES,4,violent,40.826206,-73.905476,4.0
2025-06-05,ROBBERY,5,violent,40.728323,-73.995526,5.0
2025-08-20,ROBBERY,5,violent,40.723753,-73.993797,5.0
2026-01-10,ROBBERY,5,violent,40.742346,-73.930115,5.0
2025-02-19,ROBBERY,5,violent,40.801834,-73.968297,5.0
2025-05-25,ASSAULT 3 & RELATED OFFENSES,4,violent,40.753985,-73.914814,4.0
2025-05-24,ASSAULT 3 & RELATED OFFENSES,4,violent,40.84846,-73.933189,4.0
2026-01-18,ROBBERY,5,violent,40.721816,-73.977488,5.0
2025-10-08,ASSAULT 3 & RELATED OFFENSES,4,violent,40.728867,-73.997711,4.0
2025-08-10,ROBBERY,5,violent,40.759857,-73.98516,5.0
2025-03-06,ASSAULT 3 & RELATED OFFENSES,4,violent,40.709536,-73.999407,4.0
2025-09-28,ASSAULT 3 & RELATED OFFENSES,4,violent,40.707731,-73.998481,4.0
2025-02-07,ASSAULT 3 & RELATED OFFENSES,4,violent,40.763479,-73.991227,4.0
2025-09-27,ROBBERY,5,violent,40.725225,-73.991958,5.0
2026-05-07,ASSAULT 3 & RELATED OFFENSES,4,violent,40.810398,-73.944625,4.0
2025-01-07,ROBBERY,5,violent,40.810623,-73.947475,5.0
2026-01-13,ROBBERY,5,violent,40.698503,-73.996252,5.0
2026-03-22,ASSAULT 3 & RELATED OFFENSES,4,violent,40.818961,-73.914317,4.0
2026-03-24,ASSAULT 3 & RELATED OFFENSES,4,violent,40.761525,-73.990817,4.0
2025-06-05,ROBBERY,5,violent,40.75736,-73.942107,5.0
2025-05-25,ROBBERY,5,violent,40.7278,-73.998494,5.0
2025-09-01,ROBBERY,5,violent,40.728633,-73.995606,5.0
2026-02-04,ROBBERY,5,violent,40.784776,-73.911901,5.0
2026-04-13,ROBBERY,5,violent,40.757654,-73.987688,5.0
2025-11-06,ROBBERY,5,violent,40.816033,-73.947337,5.0
2025-09-17,ROBBERY,5,violent,40.755362,-73.984939,5.0
2025-02-17,ASSAULT 3 & RELATED OFFENSES,4,violent,40.760722,-73.987989,4.0
2025-01-23,ASSAULT 3 & RELATED OFFENSES,4,violent,40.80694,-73.946635,4.0
2025-11-11,ASSAULT 3 & RELATED OFFENSES,4,violent,40.756901,-73.98661,4.0
2025-03-08,ROBBERY,5,violent,40.814093,-73.944069,5.0
2026-02-06,ASSAULT 3 & RELATED OFFENSES,4,violent,40.701044,-73.910559,4.0
2025-01-21,ASSAULT 3 & RELATED OFFENSES,4,violent,40.766996,-73.946155,4.0
2026-04-30,ASSAULT 3 & RELATED OFFENSES,4,violent,40.812627,-73.946869,4.0
2026-05-03,ASSAULT 3 & RELATED OFFENSES,4,violent,40.755282,-73.983845,4.0
2025-07-27,ASSAULT 3 & RELATED OFFENSES,4,violent,40.704524,-73.994654,4.0
2026-03-27,ASSAULT 3 & RELATED OFFENSES,4,violent,40.757062,-73.993622,4.0
2025-09-03,ROBBERY,5,violent,40.75638,-73.980505,5.0
2026-04-19,ROBBERY,5,violent,40.752004,-74.001941,5.0
2025-05-26,ASSAULT 3 & RELATED OFFENSES,4,violent,40.727731,-73.995886,4.0
2025-04-30,ASSAULT 3 & RELATED OFFENSES,4,violent,40.772323,-73.992919,4.0
2026-04-12,ASSAULT 3 & RELATED OFFENSES,4,violent,40.81606,-73.924233,4.0
2025-04-16,ROBBERY,5,violent,40.807171,-73.946036,5.0
2025-05-16,ROBBERY,5,violent,40.730976,-73.991348,5.0
2025-12-01,ROBBERY,5,violent,40.73055,-73.997545,5.0
2025-07-14,ASSAULT 3 & RELATED OFFENSES,4,violent,40.706259,-74.002234,4.0
2025-07-05,ROBBERY,5,violent,40.808606,-73.948035,5.0
2026-07-16,ASSAULT 3 & RELATED OFFENSES,4,violent,40.757861,-73.988619,4.0
2025-08-10,ASSAULT 3 & RELATED OFFENSES,4,violent,40.728076,-73.996636,4.0
2025-09-20,ASSAULT 3 & RELATED OFFENSES,4,violent,40.758125,-73.98731,4.0
2025-04-29,ROBBERY,5,violent,40.819063,-73.946993,5.0
2026-07-16,ROBBERY,5,violent,40.808826,-73.939018,5.0
2025-02-14,ASSAULT 3 & RELATED OFFENSES,4,violent,40.736634,-73.905048,4.0
2025-07-27,ROBBERY,5,violent,40.708061,-73.998495,5.0
2025-05-22,ASSAULT 3 & RELATED OFFENSES,4,violent,40.759067,-73.980434,4.0
2025-02-27,ASSAULT 3 & RELATED OFFENSES,4,violent,40.808215,-73.95661,4.0
2026-01-21,ROBBERY,5,violent,40.807095,-73.944258,5.0
2026-05-26,ROBBERY,5,violent,40.764111,-73.980692,5.0
2025-10-07,ASSAULT 3 & RELATED OFFENSES,4,violent,40.758928,-73.989756,4.0
2025-09-03,ROBBERY,5,violent,40.832727,-73.922688,5.0
2025-12-25,ROBBERY,5,violent,40.8145,-73.950743,5.0
2025-02-26,ROBBERY,5,violent,40.759352,-73.986558,5.0
2025-10-05,ROBBERY,5,violent,40.756992,-73.986724,5.0
2026-01-04,ASSAULT 3 & RELATED OFFENSES,4,violent,40.755495,-73.981258,4.0
2025-01-18,ASSAULT 3 & RELATED OFFENSES,4,violent,40.768655,-73.952067,4.0
2025-07-01,ROBBERY,5,violent,40.808384,-73.939815,5.0
2026-05-10,ASSAULT 3 & RELATED OFFENSES,4,violent,40.723233,-73.992643,4.0
2026-01-04,ROBBERY,5,violent,40.725916,-73.994774,5.0
2026-07-18,ASSAULT 3 & RELATED OFFENSES,4,violent,40.72602,-73.998295,4.0
2025-10-14,ROBBERY,5,violent,40.83705,-73.948819,5.0
2026-07-01,ROBBERY,5,violent,40.811329,-73.948681,5.0
2025-08-06,ASSAULT 3 & RELATED OFFENSES,4,violent,40.737723,-74.009121,4.0
2025-09-09,ROBBERY,5,violent,40.840822,-73.917065,5.0
2025-10-08,ASSAULT 3 & RELATED OFFENSES,4,violent,40.729878,-73.993317,4.0
2025-03-20,ASSAULT 3 & RELATED OFFENSES,4,violent,40.733378,-73.995854,4.0
2026-01-25,ASSAULT 3 & RELATED OFFENSES,4,violent,40.748219,-73.974102,4.0
2025-01-06,ROBBERY,5,violent,40.756456,-73.99373,5.0
2026-04-05,ROBBERY,5,violent,40.709828,-74.000857,5.0
2025-12-30,ROBBERY,5,violent,40.810232,-73.945734,5.0
2025-06-15,ASSAULT 3 & RELATED OFFENSES,4,violent,40.704653,-73.993643,4.0
2025-08-05,ROBBERY,5,violent,40.808435,-73.917222,5.0
2026-04-18,ASSAULT 3 & RELATED OFFENSES,4,violent,40.710045,-73.99886,4.0
2025-05-06,ASSAULT 3 & RELATED OFFENSES,4,violent,40.836478,-73.949453,4.0
2025-05-10,ROBBERY,5,violent,40.708583,-73.963762,5.0
2026-04-25,ROBBERY,5,violent,40.75762,-73.986724,5.0
2026-02-06,ASSAULT 3 & RELATED OFFENSES,4,violent,40.757155,-73.990029,4.0
2025-07-13,ASSAULT 3 & RELATED OFFENSES,4,violent,40.709926,-73.993773,4.0
2026-07-02,ROBBERY,5,violent,40.761826,-73.904527,5.0
2025-12-22,ROBBERY,5,violent,40.753017,-73.990532,5.0
2026-04-22,ASSAULT 3 & RELATED OFFENSES,4,violent,40.818508,-73.954088,4.0
2025-06-21,ROBBERY,5,violent,40.729338,-73.995837,5.0
2026-07-23,ASSAULT 3 & RELATED OFFENSES,4,violent,40.725899,-73.994881,4.0
2025-06-21,ROBBERY,5,violent,40.765778,-73.993366,5.0
2026-01-03,ROBBERY,5,violent,40.709591,-73.994822,5.0
2026-02-13,ASSAULT 3 & RELATED OFFENSES,4,violent,40.820925,-73.939192,4.0
2026-06-23,ASSAULT 3 & RELATED OFFENSES,4,violent,40.76149,-73.990324,4.0
2026-06-04,ASSAULT 3 & RELATED OFFENSES,4,violent,40.704426,-73.994127,4.0
2025-10-22,ASSAULT 3 & RELATED OFFENSES,4,violent,40.813812,-73.943203,4.0
2025-02-05,ASSAULT 3 & RELATED OFFENSES,4,violent,40.704574,-73.922677,4.0
2026-06-23,ASSAULT 3 & RELATED OFFENSES,4,violent,40.766194,-73.986691,4.0
2025-06-28,ASSAULT 3 & RELATED OFFENSES,4,violent,40.786959,-73.951868,4.0
2026-06-06,ASSAULT 3 & RELATED OFFENSES,4,violent,40.70862,-74.002032,4.0
2025-05-03,ASSAULT 3 & RELATED OFFENSES,4,violent,40.739233,-73.985314,4.0
2026-01-08,ROBBERY,5,violent,40.704909,-73.944188,5.0
2025-03-21,ASSAULT 3 & RELATED OFFENSES,4,violent,40.731364,-73.995327,4.0
2025-05-30,ROBBERY,5,violent,40.739294,-74.004138,5.0
2025-04-19,ASSAULT 3 & RELATED OFFENSES,4,violent,40.721195,-73.950278,4.0
2026-01-12,ROBBERY,5,violent,40.701547,-73.917202,5.0
2025-10-25,ASSAULT 3 & RELATED OFFENSES,4,violent,40.740201,-73.979979,4.0
2025-07-13,ASSAULT 3 & RELATED OFFENSES,4,violent,40.837962,-73.947752,4.0
2026-03-11,ROBBERY,5,violent,40.711906,-73.981602,5.0
2025-04-25,ASSAULT 3 & RELATED OFFENSES,4,violent,40.814302,-73.947597,4.0
2026-06-01,ASSAULT 3 & RELATED OFFENSES,4,violent,40.812538,-73.945017,4.0
2025-11-30,ROBBERY,5,violent,40.761526,-73.983971,5.0
2026-04-14,ASSAULT 3 & RELATED OFFENSES,4,violent,40.861412,-73.916451,4.0
2026-07-14,ROBBERY,5,violent,40.764534,-73.986834,5.0
2025-10-16,ASSAULT 3 & RELATED OFFENSES,4,violent,40.727402,-73.993622,4.0
2025-04-10,ASSAULT 3 & RELATED OFFENSES,4,violent,40.763369,-73.986087,4.0
2025-10-01,ASSAULT 3 & RELATED OFFENSES,4,violent,40.768435,-73.984573,4.0
2025-09-22,ASSAULT 3 & RELATED OFFENSES,4,violent,40.764386,-73.919695,4.0
2025-12-09,ASSAULT 3 & RELATED OFFENSES,4,violent,40.817842,-73.952548,4.0
2025-11-14,ASSAULT 3 & RELATED OFFENSES,4,violent,40.729065,-73.992812,4.0
2026-06-22,ROBBERY,5,violent,40.715309,-74.015706,5.0
2025-07-31,ASSAULT 3 & RELATED OFFENSES,4,violent,40.761418,-73.986002,4.0
2026-05-16,ROBBERY,5,violent,40.813829,-73.94487,5.0
2026-06-09,ASSAULT 3 & RELATED OFFENSES,4,violent,40.80958,-73.938446,4.0
2026-04-02,ROBBERY,5,violent,40.765208,-73.990463,5.0
2025-12-01,ROBBERY,5,violent,40.809526,-73.91001,5.0
2025-05-16,ASSAULT 3 & RELATED OFFENSES,4,violent,40.754525,-73.990517,4.0
2025-08-28,ROBBERY,5,violent,40.812821,-73.949377,5.0
2026-06-19,ASSAULT 3 & RELATED OFFENSES,4,violent,40.812969,-73.952159,4.0
2026-03-05,ASSAULT 3 & RELATED OFFENSES,4,violent,40.813306,-73.944472,4.0
2026-03-23,ROBBERY,5,violent,40.720489,-73.993913,5.0
2025-06-06,ROBBERY,5,violent,40.709208,-73.996478,5.0
2025-04-07,ROBBERY,5,violent,40.871454,-73.916375,5.0
2025-10-05,ROBBERY,5,violent,40.765149,-73.989606,5.0
2025-01-06,ROBBERY,5,violent,40.814373,-73.948868,5.0
2026-03-02,ASSAULT 3 & RELATED OFFENSES,4,violent,40.795317,-73.930701,4.0
2025-03-09,ASSAULT 3 & RELATED OFFENSES,4,violent,40.707119,-73.999183,4.0
2026-03-28,ROBBERY,5,violent,40.72252,-73.935199,5.0
2025-03-11,ROBBERY,5,violent,40.711557,-73.99746,5.0
2025-02-12,ASSAULT 3 & RELATED OFFENSES,4,violent,40.764648,-73.986733,4.0
2025-05-23,ASSAULT 3 & RELATED OFFENSES,4,violent,40.761884,-73.960276,4.0
2025-04-23,ROBBERY,5,violent,40.758002,-73.984801,5.0
2026-07-26,ROBBERY,5,violent,40.725326,-73.992552,5.0
2025-05-27,ASSAULT 3 & RELATED OFFENSES,4,violent,40.707391,-74.001322,4.0
2025-01-15,ASSAULT 3 & RELATED OFFENSES,4,violent,40.761997,-73.941556,4.0
2026-07-17,ASSAULT 3 & RELATED OFFENSES,4,violent,40.759529,-73.980634,4.0
2025-08-09,ROBBERY,5,violent,40.757468,-73.980787,5.0
2026-02-22,ROBBERY,5,violent,40.735081,-73.997885,5.0
2025-04-20,ASSAULT 3 & RELATED OFFENSES,4,violent,40.727231,-73.994438,4.0
2025-11-29,ASSAULT 3 & RELATED OFFENSES,4,violent,40.813373,-73.949101,4.0
2025-12-06,ROBBERY,5,violent,40.8022,-73.945174,5.0
2025-10-14,ASSAULT 3 & RELATED OFFENSES,4,violent,40.758362,-73.99101,4.0
2026-03-17,ASSAULT 3 & RELATED OFFENSES,4,violent,40.725305,-73.982801,4.0
2026-05-02,ASSAULT 3 & RELATED OFFENSES,4,violent,40.703335,-73.993745,4.0
2026-05-08,ROBBERY,5,violent,40.728205,-73.993266,5.0
2026-07-28,ROBBERY,5,violent,40.754447,-73.986441,5.0
2026-02-17,ASSAULT 3 & RELATED OFFENSES,4,violent,40.727864,-73.996212,4.0
2025-09-25,ASSAULT 3 & RELATED OFFENSES,4,violent,40.709168,-73.916069,4.0
2025-12-26,ROBBERY,5,violent,40.806795,-73.946244,5.0
2026-06-15,ASSAULT 3 & RELATED OFFENSES,4,violent,40.728009,-73.99905,4.0
2025-07-10,ROBBERY,5,violent,40.804203,-73.94586,5.0
2025-04-03,ASSAULT 3 & RELATED OFFENSES,4,violent,40.765566,-73.966806,4.0
2026-01-15,ASSAULT 3 & RELATED OFFENSES,4,violent,40.75554,-73.979328,4.0
2025-06-25,ASSAULT 3 & RELATED OFFENSES,4,violent,40.733709,-73.997294,4.0
2025-10-20,ASSAULT 3 & RELATED OFFENSES,4,violent,40.732188,-74.001092,4.0
2025-06-05,ASSAULT 3 & RELATED OFFENSES,4,violent,40.774434,-73.992159,4.0
2025-06-16,ASSAULT 3 & RELATED OFFENSES,4,violent,40.760557,-73.98737,4.0
2025-09-12,ROBBERY,5,violent,40.754011,-73.98391,5.0
2025-08-02,ASSAULT 3 & RELATED OFFENSES,4,violent,40.807197,-73.936034,4.0
2026-07-24,ROBBERY,5,violent,40.815126,-73.943305,5.0
2026-04-07,ROBBERY,5,violent,40.720638,-74.008083,5.0
2025-03-09,ASSAULT 3 & RELATED OFFENSES,4,violent,40.723975,-73.909411,4.0
2025-05-12,ROBBERY,5,violent,40.728151,-73.998497,5.0
2026-06-19,ASSAULT 3 & RELATED OFFENSES,4,violent,40.703351,-73.991266,4.0
2025-07-18,ROBBERY,5,violent,40.748373,-73.977071,5.0
2025-07-27,ASSAULT 3 & RELATED OFFENSES,4,violent,40.759785,-73.983498,4.0
2026-07-21,ROBBERY,5,violent,40.810481,-73.955868,5.0
2025-07-04,ASSAULT 3 & RELATED OFFENSES,4,violent,40.817289,-73.946462,4.0
2025-09-09,ROBBERY,5,violent,40.812417,-73.94194,5.0
2026-01-18,ASSAULT 3 & RELATED OFFENSES,4,violent,40.730642,-73.999536,4.0
2026-04-16,ROBBERY,5,violent,40.701505,-74.014262,5.0
2025-02-13,ASSAULT 3 & RELATED OFFENSES,4,violent,40.740941,-73.945493,4.0
2025-11-13,ROBBERY,5,violent,40.780644,-73.913295,5.0
2025-01-30,ASSAULT 3 & RELATED OFFENSES,4,violent,40.811542,-73.948622,4.0
2025-06-18,ROBBERY,5,violent,40.726435,-73.998208,5.0
2026-06-15,ROBBERY,5,violent,40.815748,-73.946873,5.0
2025-02-20,ASSAULT 3 & RELATED OFFENSES,4,violent,40.833907,-73.937847,4.0
2025-03-05,ROBBERY,5,violent,40.755441,-73.988102,5.0
2025-11-20,ASSAULT 3 & RELATED OFFENSES,4,violent,40.757241,-73.982781,4.0
2025-02-10,ROBBERY,5,violent,40.807901,-73.95363,5.0
2025-02-20,ASSAULT 3 & RELATED OFFENSES,4,violent,40.710736,-73.995324,4.0
2026-01-14,ASSAULT 3 & RELATED OFFENSES,4,violent,40.755619,-73.982041,4.0
2025-03-02,ROBBERY,5,violent,40.72465,-73.997304,5.0
2025-09-04,ASSAULT 3 & RELATED OFFENSES,4,violent,40.741609,-74.008883,4.0
2026-06-28,ROBBERY,5,violent,40.81454,-73.953214,5.0
2025-02-28,ROBBERY,5,violent,40.724153,-73.997475,5.0
2025-08-29,ROBBERY,5,violent,40.726145,-73.993151,5.0
2025-10-26,ROBBERY,5,violent,40.701564,-73.994708,5.0
2025-06-04,ASSAULT 3 & RELATED OFFENSES,4,violent,40.75255,-73.991088,4.0
2025-12-28,ROBBERY,5,violent,40.809589,-73.918063,5.0
2026-06-11,ASSAULT 3 & RELATED OFFENSES,4,violent,40.806423,-73.948542,4.0
2025-04-24,ASSAULT 3 & RELATED OFFENSES,4,violent,40.770636,-73.901533,4.0
2025-03-07,ASSAULT 3 & RELATED OFFENSES,4,violent,40.759567,-73.984991,4.0
2026-06-16,ROBBERY,5,violent,40.814764,-73.946829,5.0
2026-04-14,ROBBERY,5,violent,40.77277,-73.991264,5.0
2025-12-17,ROBBERY,5,violent,40.755493,-73.990484,5.0
2025-07-07,ROBBERY,5,violent,40.762254,-73.943863,5.0
2025-08-28,ASSAULT 3 & RELATED OFFENSES,4,violent,40.756099,-73.986534,4.0
2025-10-17,ASSAULT 3 & RELATED OFFENSES,4,violent,40.727066,-73.994709,4.0
2025-05-22,ASSAULT 3 & RELATED OFFENSES,4,violent,40.755679,-73.989746,4.0
2026-07-14,ROBBERY,5,violent,40.72737,-73.999024,5.0
2025-03-28,ASSAULT 3 & RELATED OFFENSES,4,violent,40.729682,-73.992149,4.0
2025-03-05,ROBBERY,5,violent,40.706959,-74.002483,5.0
2025-03-04,ASSAULT 3 & RELATED OFFENSES,4,violent,40.735446,-73.998012,4.0
2026-05-18,ASSAULT 3 & RELATED OFFENSES,4,violent,40.734173,-73.994497,4.0
2025-09-03,ASSAULT 3 & RELATED OFFENSES,4,violent,40.707616,-73.998002,4.0
2025-03-05,ASSAULT 3 & RELATED OFFENSES,4,violent,40.813632,-73.932496,4.0
2025-08-25,ROBBERY,5,violent,40.710874,-73.98127,5.0
2025-10-05,ROBBERY,5,violent,40.812295,-73.955658,5.0
2025-09-07,ROBBERY,5,violent,40.805276,-73.945168,5.0
2025-02-28,ASSAULT 3 & RELATED OFFENSES,4,violent,40.729382,-73.998817,4.0
2026-07-19,ASSAULT 3 & RELATED OFFENSES,4,violent,40.810501,-73.950151,4.0
2025-01-12,ASSAULT 3 & RELATED OFFENSES,4,violent,40.812994,-73.951262,4.0
2025-06-28,ASSAULT 3 & RELATED OFFENSES,4,violent,40.733438,-73.994826,4.0
2025-06-26,ASSAULT 3 & RELATED OFFENSES,4,violent,40.730263,-73.994277,4.0
2025-04-29,ROBBERY,5,violent,40.81243,-73.945161,5.0
2026-02-04,ROBBERY,5,violent,40.749672,-73.901108,5.0
2025-09-26,ROBBERY,5,violent,40.72898,-73.94857,5.0
2025-12-14,ASSAULT 3 & RELATED OFFENSES,4,violent,40.754529,-73.983245,4.0
2025-05-20,ROBBERY,5,violent,40.709261,-73.96619,5.0
2026-04-02,ROBBERY,5,violent,40.742783,-73.923475,5.0
2025-03-26,ROBBERY,5,violent,40.824385,-73.955024,5.0
2026-03-24,ASSAULT 3 & RELATED OFFENSES,4,violent,40.713559,-73.938946,4.0
2025-02-06,ROBBERY,5,violent,40.808093,-73.948383,5.0
2025-09-23,ASSAULT 3 & RELATED OFFENSES,4,violent,40.814071,-73.949955,4.0
2026-06-25,ROBBERY,5,violent,40.759061,-73.983939,5.0
2025-10-24,ROBBERY,5,violent,40.794407,-73.966369,5.0
2026-06-13,ASSAULT 3 & RELATED OFFENSES,4,violent,40.757531,-73.979509,4.0
2025-09-28,ASSAULT 3 & RELATED OFFENSES,4,violent,40.761095,-73.986084,4.0
2026-02-20,ROBBERY,5,violent,40.759451,-73.981938,5.0
2026-03-23,ASSAULT 3 & RELATED OFFENSES,4,violent,40.806657,-73.934093,4.0
2025-12-21,ROBBERY,5,violent,40.810337,-73.947077,5.0
2026-04-02,ROBBERY,5,violent,40.728639,-73.995795,5.0
2025-08-19,ROBBERY,5,violent,40.752785,-73.988986,5.0
2025-04-01,ROBBERY,5,violent,40.7593,-73.984251,5.0
2026-04-05,ASSAULT 3 & RELATED OFFENSES,4,violent,40.727367,-73.989271,4.0
2025-10-27,ROBBERY,5,violent,40.834237,-73.927481,5.0
2025-12-20,ROBBERY,5,violent,40.811137,-73.945584,5.0
2025-02-13,ROBBERY,5,violent,40.815342,-73.942301,5.0
2026-07-01,ROBBERY,5,violent,40.702459,-73.989996,5.0
2025-02-04,ROBBERY,5,violent,40.734285,-73.997163,5.0
2026-01-08,ROBBERY,5,violent,40.80985,-73.937895,5.0
2025-07-28,ASSAULT 3 & RELATED OFFENSES,4,violent,40.730688,-74.000874,4.0
2025-02-23,ROBBERY,5,violent,40.728899,-73.999424,5.0
2025-11-16,ASSAULT 3 & RELATED OFFENSES,4,violent,40.710368,-73.996021,4.0
2025-04-15,ASSAULT 3 & RELATED OFFENSES,4,violent,40.821816,-73.947318,4.0
2026-07-29,ASSAULT 3 & RELATED OFFENSES,4,violent,40.726749,-73.997523,4.0
2025-04-29,ROBBERY,5,violent,40.725606,-73.994629,5.0
2025-05-03,ASSAULT 3 & RELATED OFFENSES,4,violent,40.739657,-73.904719,4.0
2025-10-28,ROBBERY,5,violent,40.829495,-73.948662,5.0
2026-03-24,ASSAULT 3 & RELATED OFFENSES,4,violent,40.810035,-73.950718,4.0
2026-01-09,ASSAULT 3 & RELATED OFFENSES,4,violent,40.812009,-73.946938,4.0
2026-01-26,ROBBERY,5,violent,40.754323,-73.945531,5.0
2025-07-24,ROBBERY,5,violent,40.867507,-73.920717,5.0
2025-03-23,ASSAULT 3 & RELATED OFFENSES,4,violent,40.762604,-73.980582,4.0
2026-01-01,ASSAULT 3 & RELATED OFFENSES,4,violent,40.733752,-73.99674,4.0
2026-01-11,ASSAULT 3 & RELATED OFFENSES,4,violent,40.761938,-73.95959,4.0
2026-05-28,ROBBERY,5,violent,40.724502,-73.956382,5.0
2026-07-05,ROBBERY,5,violent,40.772568,-73.919582,5.0
2025-01-31,ROBBERY,5,violent,40.77386,-73.945472,5.0
2025-06-07,ROBBERY,5,violent,40.780031,-73.986257,5.0
2026-01-21,ASSAULT 3 & RELATED OFFENSES,4,violent,40.816729,-73.947522,4.0
2025-09-01,ASSAULT 3 & RELATED OFFENSES,4,violent,40.700196,-73.958843,4.0
2025-10-11,ROBBERY,5,violent,40.810106,-73.94301,5.0
2025-07-21,ROBBERY,5,violent,40.757935,-73.987956,5.0
2025-09-04,ROBBERY,5,violent,40.701896,-73.94905,5.0
2026-02-27,ROBBERY,5,violent,40.743391,-73.986707,5.0
2026-02-19,ASSAULT 3 & RELATED OFFENSES,4,violent,40.708641,-73.997261,4.0
2025-10-13,ROBBERY,5,violent,40.818533,-73.919474,5.0
2025-08-29,ROBBERY,5,violent,40.801136,-73.957752,5.0
2026-07-20,ROBBERY,5,violent,40.794577,-73.943128,5.0
2026-02-03,ROBBERY,5,violent,40.709295,-73.997215,5.0
2025-11-18,ROBBERY,5,violent,40.81037,-73.939136,5.0
2025-08-11,ROBBERY,5,violent,40.84917,-73.923148,5.0
2025-11-09,ROBBERY,5,violent,40.817015,-73.94257,5.0
2025-09-26,ROBBERY,5,violent,40.726342,-73.997667,5.0
2025-10-27,ASSAULT 3 & RELATED OFFENSES,4,violent,40.72503,-73.997433,4.0
2026-02-05,ROBBERY,5,violent,40.81249,-73.947767,5.0
2025-11-21,ASSAULT 3 & RELATED OFFENSES,4,violent,40.754097,-73.983155,4.0
2025-01-15,ASSAULT 3 & RELATED OFFENSES,4,violent,40.758499,-73.98772,4.0
2025-12-03,ROBBERY,5,violent,40.807327,-73.954364,5.0
2025-11-14,ASSAULT 3 & RELATED OFFENSES,4,violent,40.832514,-73.934289,4.0
2026-05-07,ROBBERY,5,violent,40.708739,-73.993999,5.0
2026-07-12,ROBBERY,5,violent,40.763534,-73.992033,5.0
2026-07-11,ASSAULT 3 & RELATED OFFENSES,4,violent,40.761825,-73.977676,4.0
2026-04-23,ASSAULT 3 & RELATED OFFENSES,4,violent,40.761265,-73.988504,4.0
2026-04-09,ASSAULT 3 & RELATED OFFENSES,4,violent,40.762486,-73.989752,4.0
2025-04-17,ROBBERY,5,violent,40.804935,-73.937747,5.0
2025-12-04,ASSAULT 3 & RELATED OFFENSES,4,violent,40.815638,-73.947902,4.0
2025-01-21,ASSAULT 3 & RELATED OFFENSES,4,violent,40.768109,-73.913608,4.0
2025-01-01,ROBBERY,5,violent,40.72504,-73.993015,5.0
2026-03-23,ASSAULT 3 & RELATED OFFENSES,4,violent,40.708826,-74.006479,4.0
2025-03-26,ASSAULT 3 & RELATED OFFENSES,4,violent,40.728986,-73.997452,4.0
2025-05-04,ROBBERY,5,violent,40.812535,-73.948593,5.0
2025-11-28,ROBBERY,5,violent,40.80469,-73.909723,5.0
2026-05-19,ROBBERY,5,violent,40.809466,-73.957058,5.0
2026-04-13,ROBBERY,5,violent,40.723143,-74.000263,5.0
2025-11-19,ROBBERY,5,violent,40.8617,-73.930379,5.0
2026-02-09,ASSAULT 3 & RELATED OFFENSES,4,violent,40.729593,-73.998169,4.0
2025-08-21,ASSAULT 3 & RELATED OFFENSES,4,violent,40.760379,-73.98881,4.0
2025-04-24,ROBBERY,5,violent,40.731979,-73.995531,5.0
2025-08-02,ROBBERY,5,violent,40.736734,-73.993607,5.0
2025-10-24,ASSAULT 3 & RELATED OFFENSES,4,violent,40.728771,-73.994418,4.0
2025-07-14,ROBBERY,5,violent,40.817538,-73.938797,5.0
2025-06-27,ASSAULT 3 & RELATED OFFENSES,4,violent,40.811483,-73.946701,4.0
2025-12-25,ROBBERY,5,violent,40.726842,-73.997442,5.0
2025-09-26,ROBBERY,5,violent,40.760863,-73.986209,5.0
2026-05-23,ROBBERY,5,violent,40.86495,-73.906158,5.0
2026-05-25,ROBBERY,5,violent,40.763504,-73.989534,5.0
2025-05-24,ASSAULT 3 & RELATED OFFENSES,4,violent,40.731025,-73.997617,4.0
2025-08-27,ROBBERY,5,violent,40.78346,-73.979075,5.0
2025-12-18,ASSAULT 3 & RELATED OFFENSES,4,violent,40.849617,-73.915523,4.0
2025-09-23,ROBBERY,5,violent,40.698453,-73.996488,5.0
2025-01-29,ASSAULT 3 & RELATED OFFENSES,4,violent,40.754333,-73.981753,4.0
2026-01-15,ROBBERY,5,violent,40.811015,-73.952928,5.0
2026-03-19,ASSAULT 3 & RELATED OFFENSES,4,violent,40.733521,-73.993281,4.0
2026-02-04,ROBBERY,5,violent,40.762749,-73.987075,5.0
2025-03-11,ASSAULT 3 & RELATED OFFENSES,4,violent,40.801385,-73.940594,4.0
2025-08-05,ASSAULT 3 & RELATED OFFENSES,4,violent,40.740294,-73.924145,4.0
2025-06-08,ROBBERY,5,violent,40.813007,-73.944333,5.0
2025-07-09,ROBBERY,5,violent,40.761739,-73.983623,5.0
2025-02-04,ASSAULT 3 & RELATED OFFENSES,4,violent,40.743783,-73.97828,4.0
2025-12-16,ROBBERY,5,violent,40.781688,-73.945079,5.0
2025-05-09,ASSAULT 3 & RELATED OFFENSES,4,violent,40.760018,-73.983697,4.0
2025-01-08,ROBBERY,5,violent,40.729286,-74.000967,5.0
2026-03-08,ASSAULT 3 & RELATED OFFENSES,4,violent,40.819419,-73.925523,4.0
2026-01-29,ASSAULT 3 & RELATED OFFENSES,4,violent,40.759627,-73.988934,4.0
2026-07-08,ROBBERY,5,violent,40.782645,-73.986634,5.0
2025-10-18,ASSAULT 3 & RELATED OFFENSES,4,violent,40.809676,-73.947434,4.0
2026-01-26,ROBBERY,5,violent,40.730642,-73.995642,5.0
2026-04-24,ASSAULT 3 & RELATED OFFENSES,4,violent,40.75456,-73.983628,4.0
2025-03-05,ASSAULT 3 & RELATED OFFENSES,4,violent,40.757994,-73.908318,4.0
2026-06-15,ROBBERY,5,violent,40.782804,-73.915102,5.0
2025-04-02,ROBBERY,5,violent,40.810636,-73.948685,5.0
2025-04-11,ASSAULT 3 & RELATED OFFENSES,4,violent,40.761647,-73.982563,4.0
2026-04-04,ASSAULT 3 & RELATED OFFENSES,4,violent,40.809974,-73.942003,4.0
2025-04-15,ASSAULT 3 & RELATED OFFENSES,4,violent,40.735852,-73.953681,4.0
2026-05-30,ASSAULT 3 & RELATED OFFENSES,4,violent,40.726567,-73.990682,4.0
2026-01-11,ASSAULT 3 & RELATED OFFENSES,4,violent,40.754338,-73.98387,4.0
2026-04-25,ASSAULT 3 & RELATED OFFENSES,4,violent,40.725834,-73.999037,4.0
2026-02-19,ASSAULT 3 & RELATED OFFENSES,4,violent,40.730307,-73.984089,4.0
2026-07-16,ASSAULT 3 & RELATED OFFENSES,4,violent,40.792267,-73.965865,4.0
2025-04-26,ASSAULT 3 & RELATED OFFENSES,4,violent,40.759415,-73.9819,4.0
2025-11-18,ASSAULT 3 & RELATED OFFENSES,4,violent,40.751371,-73.991011,4.0
2026-07-31,ASSAULT 3 & RELATED OFFENSES,4,violent,40.757485,-73.982816,4.0
2026-03-01,ROBBERY,5,violent,40.708621,-73.997352,5.0
2026-06-03,ASSAULT 3 & RELATED OFFENSES,4,violent,40.727858,-73.916695,4.0
2025-03-25,ASSAULT 3 & RELATED OFFENSES,4,violent,40.731319,-73.994699,4.0
2025-08-21,ROBBERY,5,violent,40.748057,-73.985327,5.0
2025-09-09,ROBBERY,5,violent,40.734631,-73.902544,5.0
2025-10-25,ROBBERY,5,violent,40.759529,-73.990107,5.0
2025-08-15,ASSAULT 3 & RELATED OFFENSES,4,violent,40.755593,-74.000467,4.0
2025-06-17,ROBBERY,5,violent,40.721239,-73.978548,5.0
2026-02-07,ASSAULT 3 & RELATED OFFENSES,4,violent,40.809183,-73.952401,4.0
2025-11-08,ROBBERY,5,violent,40.732852,-73.995037,5.0
2025-07-13,ASSAULT 3 & RELATED OFFENSES,4,violent,40.729311,-73.997174,4.0
2025-07-13,ROBBERY,5,violent,40.735152,-73.996342,5.0
2025-04-24,ASSAULT 3 & RELATED OFFENSES,4,violent,40.709271,-73.996059,4.0
2025-05-19,ROBBERY,5,violent,40.733235,-73.983391,5.0
2026-05-22,ROBBERY,5,violent,40.817575,-73.94514,5.0
2025-06-09,ROBBERY,5,violent,40.757716,-73.985353,5.0
2026-06-18,ASSAULT 3 & RELATED OFFENSES,4,violent,40.759305,-73.986002,4.0
2026-06-12,ROBBERY,5,violent,40.745904,-73.949275,5.0
2026-05-08,ROBBERY,5,violent,40.700135,-73.923585,5.0
2026-04-24,ASSAULT 3 & RELATED OFFENSES,4,violent,40.759395,-73.983195,4.0
2025-06-11,ROBBERY,5,violent,40.868617,-73.913858,5.0
2025-07-11,ROBBERY,5,violent,40.764132,-73.983253,5.0
2025-06-26,ASSAULT 3 & RELATED OFFENSES,4,violent,40.728089,-73.996516,4.0
2025-12-09,ASSAULT 3 & RELATED OFFENSES,4,violent,40.761659,-73.988835,4.0
2025-11-30,ROBBERY,5,violent,40.724651,-73.994986,5.0
2026-06-17,ROBBERY,5,violent,40.703732,-73.995257,5.0
2025-04-17,ROBBERY,5,violent,40.71911,-73.984449,5.0
2026-01-11,ASSAULT 3 & RELATED OFFENSES,4,violent,40.755629,-73.988353,4.0
2025-04-08,ROBBERY,5,violent,40.794357,-73.944138,5.0
2025-08-14,ROBBERY,5,violent,40.720056,-73.982819,5.0
2025-02-04,ROBBERY,5,violent,40.723708,-73.991828,5.0
2025-08-16,ROBBERY,5,violent,40.77884,-73.978147,5.0
2026-07-10,ROBBERY,5,violent,40.756703,-73.913284,5.0
2026-02-06,ROBBERY,5,violent,40.744561,-73.988627,5.0
2026-05-07,ASSAULT 3 & RELATED OFFENSES,4,violent,40.732859,-73.989346,4.0
2026-04-19,ASSAULT 3 & RELATED OFFENSES,4,violent,40.710783,-74.008058,4.0
2026-06-15,ROBBERY,5,violent,40.811542,-73.948796,5.0
2025-09-28,ROBBERY,5,violent,40.711379,-73.995067,5.0
2025-04-16,ASSAULT 3 & RELATED OFFENSES,4,violent,40.73406,-73.991465,4.0
2026-04-26,ROBBERY,5,violent,40.800538,-73.959464,5.0
2026-07-22,ASSAULT 3 & RELATED OFFENSES,4,violent,40.729092,-73.997039,4.0
2025-02-08,ROBBERY,5,violent,40.848176,-73.92005,5.0
2025-09-12,ASSAULT 3 & RELATED OFFENSES,4,violent,40.757435,-73.986075,4.0
2026-04-08,ROBBERY,5,violent,40.809608,-73.95114,5.0
2026-07-02,ROBBERY,5,violent,40.814139,-73.9483,5.0
2026-01-31,ASSAULT 3 & RELATED OFFENSES,4,violent,40.727155,-73.99544,4.0
2025-12-30,ASSAULT 3 & RELATED OFFENSES,4,violent,40.767088,-73.989674,4.0
2026-06-03,ROBBERY,5,violent,40.74466,-73.995992,5.0
2026-01-19,ROBBERY,5,violent,40.732357,-74.005979,5.0
2025-05-15,ROBBERY,5,violent,40.741664,-73.928237,5.0
2025-12-21,ROBBERY,5,violent,40.727184,-73.993608,5.0
2025-05-07,ASSAULT 3 & RELATED OFFENSES,4,violent,40.77433,-73.992279,4.0
2026-04-18,ASSAULT 3 & RELATED OFFENSES,4,violent,40.745766,-73.918572,4.0
2025-05-16,ROBBERY,5,violent,40.750337,-73.9491,5.0
2026-07-18,ROBBERY,5,violent,40.769855,-73.941268,5.0
2025-11-08,ASSAULT 3 & RELATED OFFENSES,4,violent,40.708913,-73.999057,4.0
2026-01-15,ASSAULT 3 & RELATED OFFENSES,4,violent,40.819592,-73.94829,4.0
2025-05-18,ASSAULT 3 & RELATED OFFENSES,4,violent,40.730481,-73.99338,4.0
2025-10-02,ROBBERY,5,violent,40.811046,-73.95033,5.0
2026-05-18,ASSAULT 3 & RELATED OFFENSES,4,violent,40.797197,-73.961479,4.0
2025-12-01,ASSAULT 3 & RELATED OFFENSES,4,violent,40.814156,-73.946081,4.0
2026-02-10,ROBBERY,5,violent,40.712286,-73.99518,5.0
2025-12-18,ASSAULT 3 & RELATED OFFENSES,4,violent,40.813737,-73.942,4.0
2025-05-19,ASSAULT 3 & RELATED OFFENSES,4,violent,40.811457,-73.913515,4.0
2025-03-14,ROBBERY,5,violent,40.736164,-73.905225,5.0
2026-02-28,ROBBERY,5,violent,40.731077,-73.995811,5.0
2026-05-09,ROBBERY,5,violent,40.793211,-73.93803,5.0
2025-11-07,ASSAULT 3 & RELATED OFFENSES,4,violent,40.771994,-73.994493,4.0
2026-04-18,ROBBERY,5,violent,40.808681,-73.950909,5.0
2026-07-20,ROBBERY,5,violent,40.763347,-73.930769,5.0
2026-06-04,ASSAULT 3 & RELATED OFFENSES,4,violent,40.731784,-74.002143,4.0
2026-01-24,ROBBERY,5,violent,40.809375,-73.944122,5.0
2025-03-10,ASSAULT 3 & RELATED OFFENSES,4,violent,40.812362,-73.942507,4.0
2025-03-16,ASSAULT 3 & RELATED OFFENSES,4,violent,40.705022,-74.014799,4.0
2026-03-24,ROBBERY,5,violent,40.712383,-73.997193,5.0
2026-02-13,ROBBERY,5,violent,40.752139,-73.988659,5.0
2026-06-16,ASSAULT 3 & RELATED OFFENSES,4,violent,40.761647,-73.98981,4.0
2025-05-23,ROBBERY,5,violent,40.709358,-73.994966,5.0
2025-02-27,ROBBERY,5,violent,40.736911,-73.950725,5.0
2025-03-26,ROBBERY,5,violent,40.712732,-74.001526,5.0
2026-01-18,ASSAULT 3 & RELATED OFFENSES,4,violent,40.77145,-73.90672,4.0
2025-03-08,ASSAULT 3 & RELATED OFFENSES,4,violent,40.756112,-73.985033,4.0
2025-08-18,ROBBERY,5,violent,40.756097,-73.981171,5.0
2026-04-13,ROBBERY,5,violent,40.788855,-73.96794,5.0
2026-05-31,ROBBERY,5,violent,40.810839,-73.943466,5.0
2025-09-11,ROBBERY,5,violent,40.815873,-73.942039,5.0
2025-07-27,ROBBERY,5,violent,40.75883,-73.98202,5.0
2025-05-02,ASSAULT 3 & RELATED OFFENSES,4,violent,40.794623,-73.945543,4.0
2025-09-06,ASSAULT 3 & RELATED OFFENSES,4,violent,40.730613,-74.000821,4.0
2026-01-29,ROBBERY,5,violent,40.754677,-73.985506,5.0
2025-05-01,ASSAULT 3 & RELATED OFFENSES,4,violent,40.725153,-73.995167,4.0
2025-12-06,ASSAULT 3 & RELATED OFFENSES,4,violent,40.76963,-73.973745,4.0
2026-05-13,ASSAULT 3 & RELATED OFFENSES,4,violent,40.704755,-73.994969,4.0
2026-02-16,ROBBERY,5,violent,40.804283,-73.950381,5.0
2025-08-29,ASSAULT 3 & RELATED OFFENSES,4,violent,40.738431,-73.992796,4.0
2026-05-19,ROBBERY,5,violent,40.812427,-73.939791,5.0
2025-08-09,ASSAULT 3 & RELATED OFFENSES,4,violent,40.757968,-73.983349,4.0
2025-05-28,ASSAULT 3 & RELATED OFFENSES,4,violent,40.739695,-73.933516,4.0
2026-01-11,ASSAULT 3 & RELATED OFFENSES,4,violent,40.727056,-73.992935,4.0
2025-06-14,ROBBERY,5,violent,40.729698,-73.996719,5.0
2025-01-03,ASSAULT 3 & RELATED OFFENSES,4,violent,40.72976,-73.994668,4.0
2025-12-22,ROBBERY,5,violent,40.817547,-73.940016,5.0
2025-10-07,ASSAULT 3 & RELATED OFFENSES,4,violent,40.729158,-73.988818,4.0
2025-07-08,ROBBERY,5,violent,40.731887,-73.998581,5.0
2025-05-22,ASSAULT 3 & RELATED OFFENSES,4,violent,40.739937,-73.9886,4.0
2026-04-26,ASSAULT 3 & RELATED OFFENSES,4,violent,40.729647,-73.994007,4.0
2025-12-08,ROBBERY,5,violent,40.839587,-73.924088,5.0
2026-01-20,ROBBERY,5,violent,40.727024,-73.996032,5.0
2025-07-07,ASSAULT 3 & RELATED OFFENSES,4,violent,40.852814,-73.924458,4.0
2025-05-21,ROBBERY,5,violent,40.802773,-73.945273,5.0
2025-03-13,ROBBERY,5,violent,40.807977,-73.944063,5.0
2025-11-19,ASSAULT 3 & RELATED OFFENSES,4,violent,40.765962,-73.963083,4.0
2025-07-21,ASSAULT 3 & RELATED OFFENSES,4,violent,40.708542,-73.999665,4.0
2026-01-01,ROBBERY,5,violent,40.756558,-73.975579,5.0
2025-07-18,ROBBERY,5,violent,40.738925,-73.972606,5.0
2025-01-09,ASSAULT 3 & RELATED OFFENSES,4,violent,40.727363,-73.99848,4.0
2025-04-07,ASSAULT 3 & RELATED OFFENSES,4,violent,40.759743,-73.987989,4.0
2025-02-05,ROBBERY,5,violent,40.742549,-73.940166,5.0
2026-04-10,ASSAULT 3 & RELATED OFFENSES,4,violent,40.702434,-73.90657,4.0
2025-05-21,ASSAULT 3 & RELATED OFFENSES,4,violent,40.703946,-73.993367,4.0
2025-11-20,ASSAULT 3 & RELATED OFFENSES,4,violent,40.730164,-73.996056,4.0
2025-08-13,ASSAULT 3 & RELATED OFFENSES,4,violent,40.725414,-73.995003,4.0
2026-02-24,ASSAULT 3 & RELATED OFFENSES,4,violent,40.710424,-73.998464,4.0
2025-11-17,ASSAULT 3 & RELATED OFFENSES,4,violent,40.815395,-73.939056,4.0
2026-03-17,ASSAULT 3 & RELATED OFFENSES,4,violent,40.760355,-73.982275,4.0
2025-10-05,ROBBERY,5,violent,40.805614,-73.922781,5.0
2025-12-18,ASSAULT 3 & RELATED OFFENSES,4,violent,40.753606,-73.992718,4.0
2025-10-03,ASSAULT 3 & RELATED OFFENSES,4,violent,40.806086,-73.926996,4.0
2026-07-17,ROBBERY,5,violent,40.73191,-73.995027,5.0
2026-06-15,ROBBERY,5,violent,40.779586,-73.952714,5.0
2025-10-21,ASSAULT 3 & RELATED OFFENSES,4,violent,40.706547,-73.944373,4.0
2026-07-01,ASSAULT 3 & RELATED OFFENSES,4,violent,40.78567,-73.941876,4.0
2026-05-09,ASSAULT 3 & RELATED OFFENSES,4,violent,40.730454,-73.991076,4.0
2025-10-21,ASSAULT 3 & RELATED OFFENSES,4,violent,40.821879,-73.90076,4.0
2025-05-11,ASSAULT 3 & RELATED OFFENSES,4,violent,40.817195,-73.960037,4.0
2025-08-21,ROBBERY,5,violent,40.761568,-73.983848,5.0
2025-01-14,ROBBERY,5,violent,40.702325,-74.010801,5.0
2025-01-15,ROBBERY,5,violent,40.724549,-73.996327,5.0
2025-02-22,ROBBERY,5,violent,40.831685,-73.920765,5.0
2025-11-21,ROBBERY,5,violent,40.722855,-73.986448,5.0
2025-03-01,ROBBERY,5,violent,40.831221,-73.902879,5.0
2026-03-13,ASSAULT 3 & RELATED OFFENSES,4,violent,40.72879,-73.993441,4.0
2026-07-22,ROBBERY,5,violent,40.854794,-73.909947,5.0
2025-02-18,ROBBERY,5,violent,40.704253,-73.994919,5.0
2025-11-26,ROBBERY,5,violent,40.827537,-73.949966,5.0
2026-04-02,ROBBERY,5,violent,40.754567,-73.937189,5.0
2025-09-09,ASSAULT 3 & RELATED OFFENSES,4,violent,40.758627,-73.986703,4.0
2026-06-03,ASSAULT 3 & RELATED OFFENSES,4,violent,40.717583,-73.9926,4.0
2025-08-04,ASSAULT 3 & RELATED OFFENSES,4,violent,40.847346,-73.91973,4.0
2026-01-06,ROBBERY,5,violent,40.726366,-73.991452,5.0
2025-04-14,ASSAULT 3 & RELATED OFFENSES,4,violent,40.728172,-73.997214,4.0
2026-03-15,ROBBERY,5,violent,40.730803,-73.994201,5.0
2025-10-23,ASSAULT 3 & RELATED OFFENSES,4,violent,40.875079,-73.912471,4.0
2026-06-28,ROBBERY,5,violent,40.809517,-73.946521,5.0
2026-05-17,ASSAULT 3 & RELATED OFFENSES,4,violent,40.814772,-73.942493,4.0
2026-03-07,ASSAULT 3 & RELATED OFFENSES,4,violent,40.709207,-73.99817,4.0
2026-07-08,ASSAULT 3 & RELATED OFFENSES,4,violent,40.730983,-73.995371,4.0
2026-07-26,ASSAULT 3 & RELATED OFFENSES,4,violent,40.758351,-73.994702,4.0
2025-12-20,ASSAULT 3 & RELATED OFFENSES,4,violent,40.814408,-73.953257,4.0
2025-04-23,ROBBERY,5,violent,40.702666,-73.995735,5.0
2025-05-23,ASSAULT 3 & RELATED OFFENSES,4,violent,40.806122,-73.949479,4.0
2026-02-13,ASSAULT 3 & RELATED OFFENSES,4,violent,40.758318,-73.987195,4.0
2025-02-09,ROBBERY,5,violent,40.805328,-73.951276,5.0
2025-09-05,ROBBERY,5,violent,40.724238,-73.999639,5.0
2026-06-19,ROBBERY,5,violent,40.727356,-73.991083,5.0
2025-12-26,ROBBERY,5,violent,40.829986,-73.94963,5.0
2025-02-07,ASSAULT 3 & RELATED OFFENSES,4,violent,40.754044,-73.9912,4.0
2025-12-01,ROBBERY,5,violent,40.758615,-73.985414,5.0
2025-10-16,ROBBERY,5,violent,40.752864,-73.978703,5.0
2025-07-28,ROBBERY,5,violent,40.698514,-73.99263,5.0
2026-05-03,ASSAULT 3 & RELATED OFFENSES,4,violent,40.730204,-73.996507,4.0
2025-10-29,ROBBERY,5,violent,40.726767,-73.999699,5.0
2026-06-07,ASSAULT 3 & RELATED OFFENSES,4,violent,40.730782,-73.998124,4.0
2025-02-20,ROBBERY,5,violent,40.733887,-73.99715,5.0
2025-01-05,ASSAULT 3 & RELATED OFFENSES,4,violent,40.755511,-73.982166,4.0
2025-07-22,ASSAULT 3 & RELATED OFFENSES,4,violent,40.798389,-73.959032,4.0
2025-09-13,ASSAULT 3 & RELATED OFFENSES,4,violent,40.81942,-73.951285,4.0
2025-02-06,ASSAULT 3 & RELATED OFFENSES,4,violent,40.84976,-73.900751,4.0
2025-09-19,ASSAULT 3 & RELATED OFFENSES,4,violent,40.740986,-73.924233,4.0
2025-02-01,ASSAULT 3 & RELATED OFFENSES,4,violent,40.7278,-73.996474,4.0
2025-10-23,ROBBERY,5,violent,40.705751,-74.001378,5.0
2025-11-23,ASSAULT 3 & RELATED OFFENSES,4,violent,40.710226,-73.983072,4.0
2026-04-10,ROBBERY,5,violent,40.755224,-73.980319,5.0
2025-03-29,ASSAULT 3 & RELATED OFFENSES,4,violent,40.756404,-73.989807,4.0
2025-10-25,ASSAULT 3 & RELATED OFFENSES,4,violent,40.756396,-73.979404,4.0
2025-03-24,ROBBERY,5,violent,40.707741,-73.998098,5.0
2025-08-15,ROBBERY,5,violent,40.731957,-73.999029,5.0
2025-08-10,ROBBERY,5,violent,40.808782,-73.948026,5.0
2026-03-13,ROBBERY,5,violent,40.761066,-73.98644,5.0
2025-11-19,ROBBERY,5,violent,40.703345,-73.992584,5.0
2026-03-28,ASSAULT 3 & RELATED OFFENSES,4,violent,40.727774,-73.994032,4.0
2026-02-20,ASSAULT 3 & RELATED OFFENSES,4,violent,40.810988,-73.948441,4.0
2026-03-05,ROBBERY,5,violent,40.733819,-73.995156,5.0
2025-07-10,ASSAULT 3 & RELATED OFFENSES,4,violent,40.818089,-73.952385,4.0
2025-10-03,ROBBERY,5,violent,40.815896,-73.94332,5.0
2026-06-24,ASSAULT 3 & RELATED OFFENSES,4,violent,40.754826,-73.98255,4.0
2026-05-01,ASSAULT 3 & RELATED OFFENSES,4,violent,40.813159,-73.947596,4.0
2025-10-11,ROBBERY,5,violent,40.728476,-73.993223,5.0
2026-03-01,ASSAULT 3 & RELATED OFFENSES,4,violent,40.708344,-74.004456,4.0
2026-07-30,ASSAULT 3 & RELATED OFFENSES,4,violent,40.731566,-73.996861,4.0
2025-08-10,ASSAULT 3 & RELATED OFFENSES,4,violent,40.799457,-73.922057,4.0
2025-08-03,ROBBERY,5,violent,40.812254,-73.942945,5.0
2025-08-08,ROBBERY,5,violent,40.728615,-73.994416,5.0
2026-01-04,ROBBERY,5,violent,40.812963,-73.942675,5.0
2026-03-15,ASSAULT 3 & RELATED OFFENSES,4,violent,40.846927,-73.903505,4.0
2026-05-29,ROBBERY,5,violent,40.766894,-73.967698,5.0
2025-06-29,ROBBERY,5,violent,40.709976,-73.997772,5.0
2025-11-08,ASSAULT 3 & RELATED OFFENSES,4,violent,40.753908,-73.983671,4.0
2025-09-30,ASSAULT 3 & RELATED OFFENSES,4,violent,40.712262,-74.011364,4.0
2025-07-15,ASSAULT 3 & RELATED OFFENSES,4,violent,40.703297,-73.99301,4.0
2025-07-14,ROBBERY,5,violent,40.860944,-73.900145,5.0
2025-11-24,ROBBERY,5,violent,40.709272,-73.993788,5.0
2026-03-10,ROBBERY,5,violent,40.769642,-73.956936,5.0
2026-06-22,ASSAULT 3 & RELATED OFFENSES,4,violent,40.741578,-73.957804,4.0
2025-07-22,ASSAULT 3 & RELATED OFFENSES,4,violent,40.808105,-73.9471,4.0
2026-01-12,ASSAULT 3 & RELATED OFFENSES,4,violent,40.805864,-73.944824,4.0
2026-06-13,ROBBERY,5,violent,40.728451,-73.998928,5.0
2026-05-04,ROBBERY,5,violent,40.806323,-73.947501,5.0
2025-04-29,ROBBERY,5,violent,40.810529,-73.941552,5.0
2025-12-14,ROBBERY,5,violent,40.726515,-73.945613,5.0
2026-03-16,ASSAULT 3 & RELATED OFFENSES,4,violent,40.851113,-73.912214,4.0
2025-12-13,ASSAULT 3 & RELATED OFFENSES,4,violent,40.701827,-73.995554,4.0
2026-02-04,ASSAULT 3 & RELATED OFFENSES,4,violent,40.762132,-73.987198,4.0
2025-09-08,ROBBERY,5,violent,40.725808,-73.998355,5.0
2025-07-21,ASSAULT 3 & RELATED OFFENSES,4,violent,40.731441,-73.992208,4.0
2025-01-02,ROBBERY,5,violent,40.756664,-73.989654,5.0
2026-02-24,ASSAULT 3 & RELATED OFFENSES,4,violent,40.754689,-73.990429,4.0
2025-01-06,ASSAULT 3 & RELATED OFFENSES,4,violent,40.753654,-73.901569,4.0
2025-04-23,ASSAULT 3 & RELATED OFFENSES,4,violent,40.72962,-73.995843,4.0
2026-05-31,ASSAULT 3 & RELATED OFFENSES,4,violent,40.755208,-73.994039,4.0
2026-01-22,ASSAULT 3 & RELATED OFFENSES,4,violent,40.708425,-74.002048,4.0
2025-10-29,ROBBERY,5,violent,40.709625,-74.003809,5.0
2025-01-04,ROBBERY,5,violent,40.729672,-73.999976,5.0
2025-02-15,ROBBERY,5,violent,40.817167,-73.953529,5.0
2026-02-18,ROBBERY,5,violent,40.725158,-73.999514,5.0
2025-07-05,ASSAULT 3 & RELATED OFFENSES,4,violent,40.730755,-73.994327,4.0
2026-06-25,ROBBERY,5,violent,40.755487,-73.978578,5.0
2026-05-20,ASSAULT 3 & RELATED OFFENSES,4,violent,40.732493,-73.992928,4.0
2026-07-16,ASSAULT 3 & RELATED OFFENSES,4,violent,40.788726,-73.941245,4.0
2025-04-21,ASSAULT 3 & RELATED OFFENSES,4,violent,40.708049,-74.000294,4.0
2025-10-31,ASSAULT 3 & RELATED OFFENSES,4,violent,40.762778,-73.963544,4.0
2026-02-18,ROBBERY,5,violent,40.762312,-73.988694,5.0
2025-01-05,ASSAULT 3 & RELATED OFFENSES,4,violent,40.817592,-73.915231,4.0
2025-11-02,ROBBERY,5,violent,40.712572,-74.00267,5.0
2026-02-22,ASSAULT 3 & RELATED OFFENSES,4,violent,40.81077,-73.944839,4.0
2026-02-09,ROBBERY,5,violent,40.810807,-73.942636,5.0
2025-11-13,ASSAULT 3 & RELATED OFFENSES,4,violent,40.740346,-74.005224,4.0
2025-07-20,ASSAULT 3 & RELATED OFFENSES,4,violent,40.724906,-74.004485,4.0
2025-04-28,ASSAULT 3 & RELATED OFFENSES,4,violent,40.750369,-73.983148,4.0
2025-06-18,ASSAULT 3 & RELATED OFFENSES,4,violent,40.808247,-73.94986,4.0
2026-04-12,ASSAULT 3 & RELATED OFFENSES,4,violent,40.787953,-73.937333,4.0
2025-01-08,ROBBERY,5,violent,40.745523,-73.935539,5.0
2026-05-31,ASSAULT 3 & RELATED OFFENSES,4,violent,40.833931,-73.94947,4.0
2025-01-25,ROBBERY,5,violent,40.845256,-73.927027,5.0
2025-03-27,ASSAULT 3 & RELATED OFFENSES,4,violent,40.762219,-73.983469,4.0
2025-12-19,ASSAULT 3 & RELATED OFFENSES,4,violent,40.727238,-73.996789,4.0
2026-04-20,ASSAULT 3 & RELATED OFFENSES,4,violent,40.809904,-73.942372,4.0
2026-01-27,ROBBERY,5,violent,40.766943,-73.921605,5.0
2025-06-07,ASSAULT 3 & RELATED OFFENSES,4,violent,40.759883,-73.989667,4.0
2025-12-15,ASSAULT 3 & RELATED OFFENSES,4,violent,40.806478,-73.941383,4.0
2025-07-19,ROBBERY,5,violent,40.753627,-73.983887,5.0
2025-06-24,ROBBERY,5,violent,40.733682,-73.995087,5.0
2025-07-04,ASSAULT 3 & RELATED OFFENSES,4,violent,40.700043,-73.996553,4.0
2025-07-09,ASSAULT 3 & RELATED OFFENSES,4,violent,40.781756,-73.94778,4.0
2026-05-26,ASSAULT 3 & RELATED OFFENSES,4,violent,40.760868,-73.98833,4.0
2026-01-24,ROBBERY,5,violent,40.776725,-73.965383,5.0
2025-12-23,ASSAULT 3 & RELATED OFFENSES,4,violent,40.752598,-73.989927,4.0
2025-01-05,ASSAULT 3 & RELATED OFFENSES,4,violent,40.844466,-73.910109,4.0
2026-06-01,ASSAULT 3 & RELATED OFFENSES,4,violent,40.842524,-73.938056,4.0
2026-02-09,ASSAULT 3 & RELATED OFFENSES,4,violent,40.760216,-73.981993,4.0
2025-02-16,ROBBERY,5,violent,40.761512,-73.99027,5.0
2026-03-29,ROBBERY,5,violent,40.765833,-73.984633,5.0
2025-07-28,ROBBERY,5,violent,40.730016,-73.997081,5.0
2025-04-07,ASSAULT 3 & RELATED OFFENSES,4,violent,40.810006,-73.928392,4.0
2025-09-26,ROBBERY,5,violent,40.725974,-73.998468,5.0
2025-09-22,ASSAULT 3 & RELATED OFFENSES,4,violent,40.726146,-73.997439,4.0
2025-12-23,ROBBERY,5,violent,40.732375,-73.997151,5.0
2025-01-18,ASSAULT 3 & RELATED OFFENSES,4,violent,40.725676,-73.997218,4.0
2025-07-14,ASSAULT 3 & RELATED OFFENSES,4,violent,40.809626,-73.949331,4.0
2025-01-21,ROBBERY,5,violent,40.737685,-73.951843,5.0
2025-11-24,ROBBERY,5,violent,40.724651,-73.997355,5.0
2026-06-15,ASSAULT 3 & RELATED OFFENSES,4,violent,40.822795,-73.914427,4.0
2025-05-10,ASSAULT 3 & RELATED OFFENSES,4,violent,40.826819,-73.911597,4.0
2026-06-23,ASSAULT 3 & RELATED OFFENSES,4,violent,40.826436,-73.918167,4.0
2025-03-28,ASSAULT 3 & RELATED OFFENSES,4,violent,40.821235,-73.90589,4.0
2025-04-07,ROBBERY,5,violent,40.762491,-73.988455,5.0
2025-10-05,ASSAULT 3 & RELATED OFFENSES,4,violent,40.705717,-73.914204,4.0
2025-01-07,ASSAULT 3 & RELATED OFFENSES,4,violent,40.811154,-73.96351,4.0
2025-03-07,ASSAULT 3 & RELATED OFFENSES,4,violent,40.756053,-73.988798,4.0
2026-03-23,ASSAULT 3 & RELATED OFFENSES,4,violent,40.708681,-73.995621,4.0
2026-05-31,ASSAULT 3 & RELATED OFFENSES,4,violent,40.716362,-73.992795,4.0
2026-02-11,ROBBERY,5,violent,40.725659,-73.993252,5.0
2026-03-26,ROBBERY,5,violent,40.727887,-73.998771,5.0
2025-04-20,ASSAULT 3 & RELATED OFFENSES,4,violent,40.725781,-73.998807,4.0
2026-05-10,ROBBERY,5,violent,40.728363,-73.99682,5.0
2026-01-02,ROBBERY,5,violent,40.799855,-73.958411,5.0
2025-09-08,ASSAULT 3 & RELATED OFFENSES,4,violent,40.731366,-73.993998,4.0
2025-07-07,ASSAULT 3 & RELATED OFFENSES,4,violent,40.726103,-73.999585,4.0
2026-01-26,ROBBERY,5,violent,40.869218,-73.92289,5.0
2026-04-20,ROBBERY,5,violent,40.726416,-73.999994,5.0
2026-04-14,ROBBERY,5,violent,40.808847,-73.945363,5.0
2025-10-07,ROBBERY,5,violent,40.756447,-73.926899,5.0
2025-08-08,ASSAULT 3 & RELATED OFFENSES,4,violent,40.814455,-73.943535,4.0
2025-08-24,ROBBERY,5,violent,40.760587,-73.986908,5.0
2025-12-31,ROBBERY,5,violent,40.724244,-73.999262,5.0
2025-07-10,ASSAULT 3 & RELATED OFFENSES,4,violent,40.757459,-73.981846,4.0
2025-01-10,ASSAULT 3 & RELATED OFFENSES,4,violent,40.709451,-74.002504,4.0
2025-05-06,ASSAULT 3 & RELATED OFFENSES,4,violent,40.726695,-73.994939,4.0
2025-04-21,ROBBERY,5,violent,40.840797,-73.909537,5.0
2026-01-24,ASSAULT 3 & RELATED OFFENSES,4,violent,40.77518,-73.983559,4.0
2026-01-15,ROBBERY,5,violent,40.76134,-73.966587,5.0
2026-06-13,ASSAULT 3 & RELATED OFFENSES,4,violent,40.700515,-73.989729,4.0
2026-07-31,ROBBERY,5,violent,40.755429,-73.984084,5.0
2025-11-25,ROBBERY,5,violent,40.727876,-73.99524,5.0
2025-08-11,ROBBERY,5,violent,40.817846,-73.943759,5.0
2026-02-15,ASSAULT 3 & RELATED OFFENSES,4,violent,40.759506,-73.990686,4.0
2025-09-04,ROBBERY,5,violent,40.708102,-73.998859,5.0
2025-11-04,ROBBERY,5,violent,40.808489,-73.927905,5.0
2025-08-23,ASSAULT 3 & RELATED OFFENSES,4,violent,40.819205,-73.95014,4.0
2026-03-30,ASSAULT 3 & RELATED OFFENSES,4,violent,40.734192,-73.999208,4.0
2026-01-27,ASSAULT 3 & RELATED OFFENSES,4,violent,40.747531,-73.900557,4.0
2026-05-05,ASSAULT 3 & RELATED OFFENSES,4,violent,40.707938,-73.999285,4.0
2026-07-31,ROBBERY,5,violent,40.709756,-73.995353,5.0
2025-03-26,ASSAULT 3 & RELATED OFFENSES,4,violent,40.752132,-73.948577,4.0
2025-08-16,ROBBERY,5,violent,40.708469,-73.991297,5.0
2025-02-05,ROBBERY,5,violent,40.800431,-73.947316,5.0
2025-06-23,ROBBERY,5,violent,40.820606,-73.920841,5.0
2025-08-04,ASSAULT 3 & RELATED OFFENSES,4,violent,40.72901,-73.993732,4.0
2025-10-13,ROBBERY,5,violent,40.767993,-73.953223,5.0
2026-02-26,ROBBERY,5,violent,40.757384,-73.985458,5.0
2025-03-28,ASSAULT 3 & RELATED OFFENSES,4,violent,40.731274,-74.000457,4.0
2025-06-24,ROBBERY,5,violent,40.764825,-73.982815,5.0
2026-05-09,ASSAULT 3 & RELATED OFFENSES,4,violent,40.773535,-73.964091,4.0
2025-05-26,ASSAULT 3 & RELATED OFFENSES,4,violent,40.756322,-73.963354,4.0
2025-01-10,ROBBERY,5,violent,40.754711,-73.984361,5.0
2026-06-15,ASSAULT 3 & RELATED OFFENSES,4,violent,40.754667,-73.984952,4.0
2026-01-12,ROBBERY,5,violent,40.806381,-73.948546,5.0
2026-05-09,ROBBERY,5,violent,40.729022,-73.999494,5.0
2026-04-15,ROBBERY,5,violent,40.729181,-73.996455,5.0
2025-05-26,ROBBERY,5,violent,40.860821,-73.907059,5.0
2025-09-11,ROBBERY,5,violent,40.725365,-73.994243,5.0
2026-05-13,ROBBERY,5,violent,40.753926,-73.98894,5.0
2026-03-26,ROBBERY,5,violent,40.704729,-73.994332,5.0
2025-05-08,ROBBERY,5,violent,40.711651,-74.001678,5.0
2025-05-06,ASSAULT 3 & RELATED OFFENSES,4,violent,40.738551,-73.936816,4.0
2026-01-27,ROBBERY,5,violent,40.81547,-73.950443,5.0
2025-07-29,ROBBERY,5,violent,40.736197,-73.990207,5.0
2025-05-26,ROBBERY,5,violent,40.707718,-73.997899,5.0
2025-09-19,ROBBERY,5,violent,40.762971,-73.982146,5.0
2025-07-22,ASSAULT 3 & RELATED OFFENSES,4,violent,40.72951,-73.994531,4.0
2026-01-30,ASSAULT 3 & RELATED OFFENSES,4,violent,40.727906,-73.992451,4.0
2025-05-13,ROBBERY,5,violent,40.738627,-73.903038,5.0
2026-01-21,ROBBERY,5,violent,40.749257,-73.984313,5.0
2025-02-10,ASSAULT 3 & RELATED OFFENSES,4,violent,40.737111,-73.950757,4.0
2025-03-30,ASSAULT 3 & RELATED OFFENSES,4,violent,40.757017,-73.985341,4.0
2025-02-19,ASSAULT 3 & RELATED OFFENSES,4,violent,40.73712,-73.922609,4.0
2026-03-25,ASSAULT 3 & RELATED OFFENSES,4,violent,40.760505,-73.982749,4.0
2026-04-13,ASSAULT 3 & RELATED OFFENSES,4,violent,40.803684,-73.94707,4.0
2025-05-09,ASSAULT 3 & RELATED OFFENSES,4,violent,40.749272,-73.981203,4.0
2026-06-23,ROBBERY,5,violent,40.760861,-73.983769,5.0
2025-08-17,ASSAULT 3 & RELATED OFFENSES,4,violent,40.812225,-73.947832,4.0
2025-09-14,ASSAULT 3 & RELATED OFFENSES,4,violent,40.734586,-73.992728,4.0
2026-03-28,ASSAULT 3 & RELATED OFFENSES,4,violent,40.74799,-73.967727,4.0
2026-03-20,ASSAULT 3 & RELATED OFFENSES,4,violent,40.720739,-73.909229,4.0
2025-12-03,ROBBERY,5,violent,40.812149,-73.948707,5.0
2025-04-24,ASSAULT 3 & RELATED OFFENSES,4,violent,40.711561,-73.997372,4.0
2025-01-15,ROBBERY,5,violent,40.736731,-73.903477,5.0
2025-03-07,ASSAULT 3 & RELATED OFFENSES,4,violent,40.728882,-73.998585,4.0
2026-01-27,ASSAULT 3 & RELATED OFFENSES,4,violent,40.709358,-73.992954,4.0
2026-06-01,ASSAULT 3 & RELATED OFFENSES,4,violent,40.70844,-73.995223,4.0
2025-01-11,ROBBERY,5,violent,40.7348,-73.996179,5.0
2025-08-08,ASSAULT 3 & RELATED OFFENSES,4,violent,40.700182,-73.979617,4.0
2025-12-05,ASSAULT 3 & RELATED OFFENSES,4,violent,40.73189,-73.993275,4.0
2025-06-27,ASSAULT 3 & RELATED OFFENSES,4,violent,40.722177,-73.994252,4.0
2026-07-03,ASSAULT 3 & RELATED OFFENSES,4,violent,40.759765,-73.985097,4.0
2025-08-05,ROBBERY,5,violent,40.751449,-73.991539,5.0
2025-02-14,ROBBERY,5,violent,40.732149,-73.996692,5.0
2025-01-28,ASSAULT 3 & RELATED OFFENSES,4,violent,40.731119,-73.95169,4.0
2025-12-14,ASSAULT 3 & RELATED OFFENSES,4,violent,40.811429,-73.9525,4.0
2025-12-16,ROBBERY,5,violent,40.712966,-73.989661,5.0
2025-09-16,ROBBERY,5,violent,40.756398,-73.976772,5.0
2025-11-11,ROBBERY,5,violent,40.760616,-73.979267,5.0
2025-05-30,ROBBERY,5,violent,40.74978,-73.990708,5.0
2026-05-20,ASSAULT 3 & RELATED OFFENSES,4,violent,40.730259,-73.994576,4.0
2025-01-28,ASSAULT 3 & RELATED OFFENSES,4,violent,40.815092,-73.957123,4.0
2026-03-07,ROBBERY,5,violent,40.70725,-74.004052,5.0
2025-08-09,ROBBERY,5,violent,40.811386,-73.95124,5.0
2025-04-12,ASSAULT 3 & RELATED OFFENSES,4,violent,40.759305,-73.983405,4.0
2025-08-11,ROBBERY,5,violent,40.871851,-73.900641,5.0
2025-05-25,ROBBERY,5,violent,40.711191,-73.993038,5.0
2025-03-14,ASSAULT 3 & RELATED OFFENSES,4,violent,40.728398,-73.996778,4.0
2026-05-08,ROBBERY,5,violent,40.723734,-73.993864,5.0
2025-02-14,ASSAULT 3 & RELATED OFFENSES,4,violent,40.756633,-73.984411,4.0
2026-03-17,ROBBERY,5,violent,40.730119,-73.992107,5.0
2025-08-24,ASSAULT 3 & RELATED OFFENSES,4,violent,40.836645,-73.904924,4.0
2025-04-24,ROBBERY,5,violent,40.729985,-74.002402,5.0
2025-02-08,ROBBERY,5,violent,40.757081,-73.984287,5.0
2025-01-15,ROBBERY,5,violent,40.759571,-73.989062,5.0
2026-01-24,ASSAULT 3 & RELATED OFFENSES,4,violent,40.813296,-73.948277,4.0
2025-02-23,ROBBERY,5,violent,40.757567,-73.975815,5.0
2025-05-18,ROBBERY,5,violent,40.795724,-73.933039,5.0
2025-03-23,ROBBERY,5,violent,40.760496,-74.000314,5.0
2026-06-06,ASSAULT 3 & RELATED OFFENSES,4,violent,40.705188,-73.994319,4.0
2025-12-09,ROBBERY,5,violent,40.757302,-73.984418,5.0
2025-08-04,ROBBERY,5,violent,40.706249,-73.943192,5.0
2026-05-10,ROBBERY,5,violent,40.808025,-73.943965,5.0
2025-10-03,ASSAULT 3 & RELATED OFFENSES,4,violent,40.757653,-73.982423,4.0
2026-06-25,ROBBERY,5,violent,40.812572,-73.94257,5.0
2025-05-19,ROBBERY,5,violent,40.811389,-73.942883,5.0
2026-01-19,ROBBERY,5,violent,40.808902,-73.947185,5.0
2025-10-24,ASSAULT 3 & RELATED OFFENSES,4,violent,40.700114,-73.995833,4.0
2025-04-11,ASSAULT 3 & RELATED OFFENSES,4,violent,40.755973,-73.904391,4.0
2025-03-12,ASSAULT 3 & RELATED OFFENSES,4,violent,40.813688,-73.947723,4.0
2025-03-31,ASSAULT 3 & RELATED OFFENSES,4,violent,40.729445,-73.99677,4.0
2025-08-16,ROBBERY,5,violent,40.769649,-73.96639,5.0
2025-03-20,ROBBERY,5,violent,40.727918,-73.998872,5.0
2026-04-15,ASSAULT 3 & RELATED OFFENSES,4,violent,40.759211,-73.986436,4.0
2025-08-08,ROBBERY,5,violent,40.729777,-73.993353,5.0
2025-02-05,ROBBERY,5,violent,40.764363,-73.983269,5.0
2025-11-24,ASSAULT 3 & RELATED OFFENSES,4,violent,40.799447,-73.944687,4.0
2025-08-02,ASSAULT 3 & RELATED OFFENSES,4,violent,40.721645,-73.979163,4.0
2025-05-03,ASSAULT 3 & RELATED OFFENSES,4,violent,40.816301,-73.945934,4.0
2025-01-16,ASSAULT 3 & RELATED OFFENSES,4,violent,40.700798,-73.995285,4.0
2025-08-01,ASSAULT 3 & RELATED OFFENSES,4,violent,40.808725,-73.949828,4.0
2026-06-13,ASSAULT 3 & RELATED OFFENSES,4,violent,40.6994,-73.99495,4.0
2025-01-30,ASSAULT 3 & RELATED OFFENSES,4,violent,40.809412,-73.94473,4.0
2026-05-11,ASSAULT 3 & RELATED OFFENSES,4,violent,40.730053,-73.991251,4.0
2025-02-05,ASSAULT 3 & RELATED OFFENSES,4,violent,40.810265,-73.948991,4.0
2025-06-06,ASSAULT 3 & RELATED OFFENSES,4,violent,40.739988,-73.98648,4.0
2025-12-26,ROBBERY,5,violent,40.725076,-73.996108,5.0
2026-02-18,ASSAULT 3 & RELATED OFFENSES,4,violent,40.816301,-73.907602,4.0
2025-09-08,ROBBERY,5,violent,40.708817,-73.998921,5.0
2025-02-09,ROBBERY,5,violent,40.733062,-73.998123,5.0
2025-03-28,ROBBERY,5,violent,40.818314,-73.950574,5.0
2025-09-05,ASSAULT 3 & RELATED OFFENSES,4,violent,40.769316,-73.982028,4.0
2026-01-10,ASSAULT 3 & RELATED OFFENSES,4,violent,40.801122,-73.917862,4.0
2025-07-14,ASSAULT 3 & RELATED OFFENSES,4,violent,40.754593,-73.991576,4.0
2025-03-30,ASSAULT 3 & RELATED OFFENSES,4,violent,40.730755,-73.994036,4.0
2025-01-11,ASSAULT 3 & RELATED OFFENSES,4,violent,40.756389,-73.91927,4.0
2025-11-28,ROBBERY,5,violent,40.758612,-73.984132,5.0
2025-03-02,ASSAULT 3 & RELATED OFFENSES,4,violent,40.735512,-74.007982,4.0
2026-07-14,ASSAULT 3 & RELATED OFFENSES,4,violent,40.849647,-73.93774,4.0
2025-11-17,ASSAULT 3 & RELATED OFFENSES,4,violent,40.732904,-74.002873,4.0
2025-07-20,ROBBERY,5,violent,40.722904,-73.911845,5.0
2025-10-24,ASSAULT 3 & RELATED OFFENSES,4,violent,40.813924,-73.94768,4.0
2026-04-22,ASSAULT 3 & RELATED OFFENSES,4,violent,40.850204,-73.931286,4.0
2025-06-27,ASSAULT 3 & RELATED OFFENSES,4,violent,40.815181,-73.94897,4.0
2025-01-11,ASSAULT 3 & RELATED OFFENSES,4,violent,40.812444,-73.940305,4.0
2025-01-24,ROBBERY,5,violent,40.72451,-73.916631,5.0
2025-01-13,ROBBERY,5,violent,40.733114,-73.992501,5.0
2025-01-18,ROBBERY,5,violent,40.813508,-73.943788,5.0
2025-04-23,ASSAULT 3 & RELATED OFFENSES,4,violent,40.837058,-73.906752,4.0
2025-03-24,ROBBERY,5,violent,40.711967,-73.995677,5.0
2026-01-12,ROBBERY,5,violent,40.730031,-74.000864,5.0
2025-05-14,ASSAULT 3 & RELATED OFFENSES,4,violent,40.813447,-73.944236,4.0
2025-05-28,ASSAULT 3 & RELATED OFFENSES,4,violent,40.71169,-73.991544,4.0
2026-03-09,ROBBERY,5,violent,40.705095,-73.994235,5.0
2025-12-16,ROBBERY,5,violent,40.801605,-73.953274,5.0
2025-09-15,ROBBERY,5,violent,40.785199,-73.947476,5.0
2025-09-11,ROBBERY,5,violent,40.729023,-73.993211,5.0
2026-06-18,ROBBERY,5,violent,40.727886,-73.994145,5.0
2026-03-27,ASSAULT 3 & RELATED OFFENSES,4,violent,40.726056,-73.998731,4.0
2026-01-08,ASSAULT 3 & RELATED OFFENSES,4,violent,40.701901,-73.995834,4.0
2025-06-07,ASSAULT 3 & RELATED OFFENSES,4,violent,40.729811,-73.997326,4.0
2025-09-06,ROBBERY,5,violent,40.716654,-73.940938,5.0
2025-06-07,ROBBERY,5,violent,40.823968,-73.912656,5.0
2025-01-02,ASSAULT 3 & RELATED OFFENSES,4,violent,40.729312,-73.995789,4.0
2025-07-29,ASSAULT 3 & RELATED OFFENSES,4,violent,40.829463,-73.918296,4.0
2025-06-16,ASSAULT 3 & RELATED OFFENSES,4,violent,40.832732,-73.906416,4.0
2025-07-31,ASSAULT 3 & RELATED OFFENSES,4,violent,40.760792,-73.981821,4.0
2025-05-24,ROBBERY,5,violent,40.726768,-73.989691,5.0
2025-01-23,ASSAULT 3 & RELATED OFFENSES,4,violent,40.738693,-73.992637,4.0
2026-02-12,ROBBERY,5,violent,40.724527,-74.00837,5.0
2026-02-04,ROBBERY,5,violent,40.809971,-73.94578,5.0
2026-06-27,ASSAULT 3 & RELATED OFFENSES,4,violent,40.807269,-73.943294,4.0
2025-07-17,ROBBERY,5,violent,40.811256,-73.945298,5.0
2025-04-07,ASSAULT 3 & RELATED OFFENSES,4,violent,40.700056,-73.934107,4.0
2025-09-26,ROBBERY,5,violent,40.72953,-73.995295,5.0
2025-05-05,ASSAULT 3 & RELATED OFFENSES,4,violent,40.75901,-73.979967,4.0
2025-04-19,ASSAULT 3 & RELATED OFFENSES,4,violent,40.709072,-73.966531,4.0
2025-11-17,ROBBERY,5,violent,40.704035,-73.995236,5.0
2025-06-19,ROBBERY,5,violent,40.711955,-73.945239,5.0
2026-04-15,ROBBERY,5,violent,40.856914,-73.935023,5.0
2026-03-09,ROBBERY,5,violent,40.817335,-73.947394,5.0
2025-06-17,ROBBERY,5,violent,40.735073,-74.002379,5.0
2025-11-24,ASSAULT 3 & RELATED OFFENSES,4,violent,40.819932,-73.949905,4.0
2025-12-08,ASSAULT 3 & RELATED OFFENSES,4,violent,40.774753,-73.901796,4.0
2025-08-17,ROBBERY,5,violent,40.724711,-73.995991,5.0
2026-04-29,ASSAULT 3 & RELATED OFFENSES,4,violent,40.708733,-73.99799,4.0
2025-02-27,ROBBERY,5,violent,40.755673,-73.977889,5.0
2025-03-29,ROBBERY,5,violent,40.733003,-73.998114,5.0
2025-01-16,ASSAULT 3 & RELATED OFFENSES,4,violent,40.773405,-73.916063,4.0
2026-07-24,ROBBERY,5,violent,40.816428,-73.938345,5.0
2025-03-09,ASSAULT 3 & RELATED OFFENSES,4,violent,40.826914,-73.91064,4.0
2025-03-07,ROBBERY,5,violent,40.862857,-73.909713,5.0
2025-09-15,ASSAULT 3 & RELATED OFFENSES,4,violent,40.707914,-73.933476,4.0
2025-05-05,ROBBERY,5,violent,40.703979,-73.99371,5.0
2025-07-04,ROBBERY,5,violent,40.760752,-73.985128,5.0
2026-01-02,ASSAULT 3 & RELATED OFFENSES,4,violent,40.81222,-73.944904,4.0
2026-03-26,ROBBERY,5,violent,40.728878,-73.997543,5.0
2026-01-18,ASSAULT 3 & RELATED OFFENSES,4,violent,40.850109,-73.93695,4.0
2026-07-31,ASSAULT 3 & RELATED OFFENSES,4,violent,40.732982,-73.924306,4.0
2026-01-05,ROBBERY,5,violent,40.72405,-73.998445,5.0
2026-05-21,ROBBERY,5,violent,40.754498,-73.987577,5.0
2026-03-03,ASSAULT 3 & RELATED OFFENSES,4,violent,40.722731,-73.91459,4.0
2025-07-10,ASSAULT 3 & RELATED OFFENSES,4,violent,40.761682,-73.994083,4.0
2025-10-24,ROBBERY,5,violent,40.717444,-73.997723,5.0
2025-03-21,ASSAULT 3 & RELATED OFFENSES,4,violent,40.812435,-73.948664,4.0
2025-03-14,ASSAULT 3 & RELATED OFFENSES,4,violent,40.726555,-73.939169,4.0
2026-04-07,ASSAULT 3 & RELATED OFFENSES,4,violent,40.776034,-73.935308,4.0
2026-01-31,ASSAULT 3 & RELATED OFFENSES,4,violent,40.714407,-73.944158,4.0
2025-04-28,ROBBERY,5,violent,40.811271,-73.906235,5.0
2026-02-02,ROBBERY,5,violent,40.76292,-73.997375,5.0
2025-04-20,ASSAULT 3 & RELATED OFFENSES,4,violent,40.721765,-73.998212,4.0
2026-05-23,ROBBERY,5,violent,40.725278,-73.99614,5.0
2026-06-19,ROBBERY,5,violent,40.730728,-73.99665,5.0
2026-02-07,ASSAULT 3 & RELATED OFFENSES,4,violent,40.781715,-73.917283,4.0
2025-06-23,ROBBERY,5,violent,40.731091,-73.998207,5.0
2026-01-07,ASSAULT 3 & RELATED OFFENSES,4,violent,40.761326,-73.90479,4.0
2026-04-27,ASSAULT 3 & RELATED OFFENSES,4,violent,40.834599,-73.930373,4.0
2025-12-19,ASSAULT 3 & RELATED OFFENSES,4,violent,40.817004,-73.94333,4.0
2026-04-25,ROBBERY,5,violent,40.741717,-73.933664,5.0
2025-03-11,ROBBERY,5,violent,40.757874,-73.989261,5.0
2025-06-19,ASSAULT 3 & RELATED OFFENSES,4,violent,40.729809,-73.998274,4.0
2025-10-12,ROBBERY,5,violent,40.828476,-73.901501,5.0
2025-10-01,ROBBERY,5,violent,40.81403,-73.946425,5.0
2025-06-05,ASSAULT 3 & RELATED OFFENSES,4,violent,40.755317,-73.982832,4.0
2025-07-30,ROBBERY,5,violent,40.810481,-73.949914,5.0
2025-04-30,ROBBERY,5,violent,40.803628,-73.914781,5.0
2026-03-25,ASSAULT 3 & RELATED OFFENSES,4,violent,40.808433,-73.955912,4.0
2025-11-17,ROBBERY,5,violent,40.714354,-73.962711,5.0
2025-05-12,ROBBERY,5,violent,40.707194,-73.998943,5.0
2025-09-12,ASSAULT 3 & RELATED OFFENSES,4,violent,40.814459,-73.944352,4.0
2025-10-08,ROBBERY,5,violent,40.75862,-73.980931,5.0
2026-06-03,ASSAULT 3 & RELATED OFFENSES,4,violent,40.809016,-73.945486,4.0
2026-05-06,ROBBERY,5,violent,40.804245,-73.947593,5.0
2026-04-20,ROBBERY,5,violent,40.75808,-73.989159,5.0
2026-07-30,ASSAULT 3 & RELATED OFFENSES,4,violent,40.708372,-74.00385,4.0
2025-08-27,ASSAULT 3 & RELATED OFFENSES,4,violent,40.758549,-73.983538,4.0
2026-02-21,ASSAULT 3 & RELATED OFFENSES,4,violent,40.808852,-73.965842,4.0
2025-02-01,ROBBERY,5,violent,40.813412,-73.948009,5.0
2025-05-08,ROBBERY,5,violent,40.756615,-73.991846,5.0
2026-04-21,ROBBERY,5,violent,40.812752,-73.943278,5.0
2025-10-15,ROBBERY,5,violent,40.825489,-73.953296,5.0
2026-06-25,ROBBERY,5,violent,40.808463,-73.93884,5.0
2025-07-03,ASSAULT 3 & RELATED OFFENSES,4,violent,40.72861,-74.001559,4.0
2025-01-08,ASSAULT 3 & RELATED OFFENSES,4,violent,40.81104,-73.954465,4.0
2025-12-25,ROBBERY,5,violent,40.758129,-73.985557,5.0
2025-09-25,ASSAULT 3 & RELATED OFFENSES,4,violent,40.73971,-73.906264,4.0
2025-03-06,ROBBERY,5,violent,40.819223,-73.943609,5.0
2026-06-23,ASSAULT 3 & RELATED OFFENSES,4,violent,40.730526,-73.99912,4.0
2026-07-22,ROBBERY,5,violent,40.723604,-73.994641,5.0
2025-06-15,ROBBERY,5,violent,40.726503,-73.994808,5.0
2026-05-18,ROBBERY,5,violent,40.729044,-74.0005,5.0
2026-04-04,ASSAULT 3 & RELATED OFFENSES,4,violent,40.715748,-73.941493,4.0
2026-01-05,ROBBERY,5,violent,40.778414,-73.914101,5.0
2025-07-30,ASSAULT 3 & RELATED OFFENSES,4,violent,40.728308,-73.992162,4.0
2026-07-20,ASSAULT 3 & RELATED OFFENSES,4,violent,40.8502,-73.930562,4.0
2025-08-25,ROBBERY,5,violent,40.815836,-73.952236,5.0
2026-04-29,ASSAULT 3 & RELATED OFFENSES,4,violent,40.73181,-73.997098,4.0
2025-06-16,ROBBERY,5,violent,40.725766,-73.933411,5.0
2026-06-14,ROBBERY,5,violent,40.778597,-73.900027,5.0
2025-08-10,ASSAULT 3 & RELATED OFFENSES,4,violent,40.759651,-73.988658,4.0
2026-01-01,ASSAULT 3 & RELATED OFFENSES,4,violent,40.756116,-73.981333,4.0
2025-05-12,ASSAULT 3 & RELATED OFFENSES,4,violent,40.789138,-73.957961,4.0
2025-09-29,ROBBERY,5,violent,40.726785,-73.99488,5.0
2025-11-26,ASSAULT 3 & RELATED OFFENSES,4,violent,40.704225,-73.911428,4.0
2026-06-19,ASSAULT 3 & RELATED OFFENSES,4,violent,40.725596,-73.997428,4.0
2026-01-12,ASSAULT 3 & RELATED OFFENSES,4,violent,40.813655,-73.938229,4.0
2025-03-04,ASSAULT 3 & RELATED OFFENSES,4,violent,40.766459,-73.99698,4.0
2026-02-04,ASSAULT 3 & RELATED OFFENSES,4,violent,40.817663,-73.941469,4.0
2025-07-30,ROBBERY,5,violent,40.727999,-73.996473,5.0
2025-02-25,ROBBERY,5,violent,40.725925,-73.998748,5.0
2026-05-25,ASSAULT 3 & RELATED OFFENSES,4,violent,40.851628,-73.909947,4.0
2025-07-17,ROBBERY,5,violent,40.858239,-73.934553,5.0
2025-06-22,ROBBERY,5,violent,40.730701,-73.994092,5.0
2025-08-15,ASSAULT 3 & RELATED OFFENSES,4,violent,40.757251,-73.990276,4.0
2025-05-28,ASSAULT 3 & RELATED OFFENSES,4,violent,40.714089,-73.933718,4.0
2025-01-28,ASSAULT 3 & RELATED OFFENSES,4,violent,40.803456,-73.940056,4.0
2025-10-03,ROBBERY,5,violent,40.711122,-73.979803,5.0
2025-05-17,ASSAULT 3 & RELATED OFFENSES,4,violent,40.718465,-73.950306,4.0
2025-03-22,ROBBERY,5,violent,40.767932,-73.961004,5.0
2026-05-04,ASSAULT 3 & RELATED OFFENSES,4,violent,40.711762,-73.995744,4.0
2025-12-23,ASSAULT 3 & RELATED OFFENSES,4,violent,40.761962,-73.979865,4.0
2026-03-09,ASSAULT 3 & RELATED OFFENSES,4,violent,40.729032,-73.994852,4.0
2025-11-16,ASSAULT 3 & RELATED OFFENSES,4,violent,40.751645,-73.981954,4.0
2026-05-14,ASSAULT 3 & RELATED OFFENSES,4,violent,40.840022,-73.946419,4.0
2025-11-28,ROBBERY,5,violent,40.858219,-73.908715,5.0
2025-06-15,ROBBERY,5,violent,40.729488,-73.994923,5.0
2025-01-03,ASSAULT 3 & RELATED OFFENSES,4,violent,40.703433,-73.994987,4.0
2025-09-18,ROBBERY,5,violent,40.808908,-73.943907,5.0
2025-12-03,ROBBERY,5,violent,40.812298,-73.950283,5.0
2026-05-10,ASSAULT 3 & RELATED OFFENSES,4,violent,40.724797,-73.992636,4.0
2026-04-04,ASSAULT 3 & RELATED OFFENSES,4,violent,40.81912,-73.948571,4.0
2026-04-19,ROBBERY,5,violent,40.704045,-73.994425,5.0
2025-07-20,ROBBERY,5,violent,40.702329,-73.991423,5.0
2025-04-19,ASSAULT 3 & RELATED OFFENSES,4,violent,40.72799,-73.994948,4.0
2026-07-11,ASSAULT 3 & RELATED OFFENSES,4,violent,40.707333,-74.001757,4.0
2025-01-02,ASSAULT 3 & RELATED OFFENSES,4,violent,40.728845,-73.996872,4.0
2025-11-27,ASSAULT 3 & RELATED OFFENSES,4,violent,40.877645,-73.91913,4.0
2025-07-26,ROBBERY,5,violent,40.812294,-73.941659,5.0
2025-01-20,ROBBERY,5,violent,40.728698,-73.996437,5.0
2026-04-07,ASSAULT 3 & RELATED OFFENSES,4,violent,40.713959,-73.923814,4.0
2025-03-15,ASSAULT 3 & RELATED OFFENSES,4,violent,40.748852,-73.977417,4.0
2025-06-03,ROBBERY,5,violent,40.715431,-73.923761,5.0
2026-01-05,ASSAULT 3 & RELATED OFFENSES,4,violent,40.700293,-73.992926,4.0
2025-11-17,ROBBERY,5,violent,40.726672,-73.992472,5.0
2026-02-22,ASSAULT 3 & RELATED OFFENSES,4,violent,40.728131,-73.993821,4.0
2025-02-08,ASSAULT 3 & RELATED OFFENSES,4,violent,40.745705,-73.915124,4.0
2025-06-18,ASSAULT 3 & RELATED OFFENSES,4,violent,40.721264,-74.001109,4.0
2025-03-18,ASSAULT 3 & RELATED OFFENSES,4,violent,40.756756,-73.990418,4.0
2025-07-20,ASSAULT 3 & RELATED OFFENSES,4,violent,40.727344,-73.996033,4.0
2025-10-07,ASSAULT 3 & RELATED OFFENSES,4,violent,40.728274,-73.991525,4.0
2025-09-26,ASSAULT 3 & RELATED OFFENSES,4,violent,40.707542,-73.99856,4.0
2026-02-27,ASSAULT 3 & RELATED OFFENSES,4,violent,40.756506,-73.901308,4.0
2025-02-02,ROBBERY,5,violent,40.851641,-73.906629,5.0
2025-04-20,ROBBERY,5,violent,40.707555,-73.997908,5.0
2026-02-15,ROBBERY,5,violent,40.71221,-73.998794,5.0
2026-01-15,ROBBERY,5,violent,40.731148,-73.995478,5.0
2025-12-17,ROBBERY,5,violent,40.757106,-73.983421,5.0
2025-12-11,ROBBERY,5,violent,40.724983,-73.995414,5.0
2025-05-15,ROBBERY,5,violent,40.758529,-73.923303,5.0
2025-02-15,ASSAULT 3 & RELATED OFFENSES,4,violent,40.76344,-73.981163,4.0
2025-12-24,ASSAULT 3 & RELATED OFFENSES,4,violent,40.763711,-73.971641,4.0
2025-11-03,ROBBERY,5,violent,40.72705,-74.002847,5.0
2025-09-03,ASSAULT 3 & RELATED OFFENSES,4,violent,40.808729,-73.947411,4.0
2025-07-23,ROBBERY,5,violent,40.759857,-73.99181,5.0
2026-03-23,ASSAULT 3 & RELATED OFFENSES,4,violent,40.812209,-73.945568,4.0
2025-02-05,ASSAULT 3 & RELATED OFFENSES,4,violent,40.753653,-73.977963,4.0
2025-10-19,ASSAULT 3 & RELATED OFFENSES,4,violent,40.749526,-73.988448,4.0
2025-08-08,ASSAULT 3 & RELATED OFFENSES,4,violent,40.704232,-73.995492,4.0
2026-03-20,ASSAULT 3 & RELATED OFFENSES,4,violent,40.802431,-73.94134,4.0
2026-07-25,ASSAULT 3 & RELATED OFFENSES,4,violent,40.812018,-73.931868,4.0
2026-03-04,ASSAULT 3 & RELATED OFFENSES,4,violent,40.799445,-73.961986,4.0
2025-01-07,ASSAULT 3 & RELATED OFFENSES,4,violent,40.815383,-73.952497,4.0
2026-01-26,ROBBERY,5,violent,40.756446,-73.99012,5.0
2025-04-12,ASSAULT 3 & RELATED OFFENSES,4,violent,40.726652,-74.011548,4.0
2025-11-23,ASSAULT 3 & RELATED OFFENSES,4,violent,40.813281,-73.942955,4.0
2025-09-22,ASSAULT 3 & RELATED OFFENSES,4,violent,40.809755,-73.948552,4.0
2025-06-18,ASSAULT 3 & RELATED OFFENSES,4,violent,40.809169,-73.931424,4.0
2026-02-18,ROBBERY,5,violent,40.760804,-73.989214,5.0
2025-10-17,ASSAULT 3 & RELATED OFFENSES,4,violent,40.817956,-73.913586,4.0
2025-12-10,ASSAULT 3 & RELATED OFFENSES,4,violent,40.707603,-73.997686,4.0
2026-07-21,ASSAULT 3 & RELATED OFFENSES,4,violent,40.739752,-73.996779,4.0
2025-04-17,ASSAULT 3 & RELATED OFFENSES,4,violent,40.758181,-73.985229,4.0
2026-01-04,ASSAULT 3 & RELATED OFFENSES,4,violent,40.72937,-73.993615,4.0
2026-07-16,ASSAULT 3 & RELATED OFFENSES,4,violent,40.810178,-73.949574,4.0
2026-05-10,ROBBERY,5,violent,40.779684,-73.914747,5.0
2025-11-08,ROBBERY,5,violent,40.814247,-73.94418,5.0
2026-06-01,ROBBERY,5,violent,40.746856,-73.97606,5.0
2025-11-23,ROBBERY,5,violent,40.821659,-73.935694,5.0
2025-09-21,ROBBERY,5,violent,40.73281,-73.993476,5.0
2025-08-31,ROBBERY,5,violent,40.813351,-73.947209,5.0
2025-03-21,ASSAULT 3 & RELATED OFFENSES,4,violent,40.768151,-73.989348,4.0
2025-09-06,ASSAULT 3 & RELATED OFFENSES,4,violent,40.726759,-73.952772,4.0
2025-10-16,ASSAULT 3 & RELATED OFFENSES,4,violent,40.798646,-73.912482,4.0
2026-04-25,ROBBERY,5,violent,40.788429,-73.949399,5.0
2025-01-13,ROBBERY,5,violent,40.757603,-73.988024,5.0
2025-08-23,ASSAULT 3 & RELATED OFFENSES,4,violent,40.806326,-73.95511,4.0
2025-12-12,ROBBERY,5,violent,40.7974,-73.972796,5.0
2025-02-10,ROBBERY,5,violent,40.700478,-73.995239,5.0
2026-01-05,ROBBERY,5,violent,40.695036,-73.999741,5.0
2026-01-25,ROBBERY,5,violent,40.816481,-73.945459,5.0
2025-10-14,ASSAULT 3 & RELATED OFFENSES,4,violent,40.755328,-73.99213,4.0
2026-07-04,ROBBERY,5,violent,40.756567,-73.985346,5.0
2026-04-15,ROBBERY,5,violent,40.777956,-73.981872,5.0
2025-06-08,ASSAULT 3 & RELATED OFFENSES,4,violent,40.753844,-73.990733,4.0
2025-01-15,ASSAULT 3 & RELATED OFFENSES,4,violent,40.729969,-73.994569,4.0
2025-12-20,ASSAULT 3 & RELATED OFFENSES,4,violent,40.759046,-73.984666,4.0
2025-03-03,ASSAULT 3 & RELATED OFFENSES,4,violent,40.707664,-73.951754,4.0
2025-07-25,ROBBERY,5,violent,40.754126,-73.989749,5.0
2025-07-10,ROBBERY,5,violent,40.809852,-73.947706,5.0
2026-01-10,ROBBERY,5,violent,40.708373,-73.995818,5.0
2025-07-16,ASSAULT 3 & RELATED OFFENSES,4,violent,40.823414,-73.937969,4.0
2025-10-15,ASSAULT 3 & RELATED OFFENSES,4,violent,40.790885,-73.960908,4.0
2026-05-21,ASSAULT 3 & RELATED OFFENSES,4,violent,40.73159,-73.996372,4.0
2026-02-18,ASSAULT 3 & RELATED OFFENSES,4,violent,40.830978,-73.926585,4.0
2025-11-25,ASSAULT 3 & RELATED OFFENSES,4,violent,40.757153,-73.986515,4.0
2025-06-10,ROBBERY,5,violent,40.819232,-73.947142,5.0
2025-02-01,ROBBERY,5,violent,40.788088,-73.979632,5.0
2025-05-24,ROBBERY,5,violent,40.727512,-73.996495,5.0
2025-05-31,ASSAULT 3 & RELATED OFFENSES,4,violent,40.816235,-73.945309,4.0
2026-07-02,ASSAULT 3 & RELATED OFFENSES,4,violent,40.765281,-73.983321,4.0
2025-07-22,ROBBERY,5,violent,40.727455,-73.992117,5.0
2026-07-20,ROBBERY,5,violent,40.722755,-73.995535,5.0
2026-07-27,ASSAULT 3 & RELATED OFFENSES,4,violent,40.751645,-73.986847,4.0
2025-10-06,ROBBERY,5,violent,40.711093,-74.012939,5.0
2026-05-30,ROBBERY,5,violent,40.7517,-73.980413,5.0
2025-12-29,ROBBERY,5,violent,40.756856,-73.987881,5.0
2025-05-06,ROBBERY,5,violent,40.708427,-73.995037,5.0
2025-03-30,ASSAULT 3 & RELATED OFFENSES,4,violent,40.718044,-74.000538,4.0
2025-12-24,ROBBERY,5,violent,40.805882,-73.951122,5.0
2025-04-05,ROBBERY,5,violent,40.7081,-73.999321,5.0
2026-05-06,ROBBERY,5,violent,40.709605,-73.998039,5.0
2025-09-29,ASSAULT 3 & RELATED OFFENSES,4,violent,40.817527,-73.941311,4.0
2026-06-19,ASSAULT 3 & RELATED OFFENSES,4,violent,40.708787,-73.922007,4.0
2025-12-01,ASSAULT 3 & RELATED OFFENSES,4,violent,40.793744,-73.962602,4.0
2026-01-17,ROBBERY,5,violent,40.725538,-73.997266,5.0
2025-10-20,ASSAULT 3 & RELATED OFFENSES,4,violent,40.816303,-73.93957,4.0
2025-05-14,ASSAULT 3 & RELATED OFFENSES,4,violent,40.72614,-73.997028,4.0
2025-05-03,ROBBERY,5,violent,40.730991,-74.000502,5.0
2025-08-29,ROBBERY,5,violent,40.71217,-73.998038,5.0
2026-02-23,ROBBERY,5,violent,40.78925,-73.945985,5.0
2025-10-07,ROBBERY,5,violent,40.729783,-73.998558,5.0
2026-04-09,ROBBERY,5,violent,40.809503,-73.948081,5.0
2026-01-27,ASSAULT 3 & RELATED OFFENSES,4,violent,40.835772,-73.948456,4.0
2026-05-07,ROBBERY,5,violent,40.702717,-73.91989,5.0
2025-12-24,ASSAULT 3 & RELATED OFFENSES,4,violent,40.725913,-73.999708,4.0
2025-04-11,ASSAULT 3 & RELATED OFFENSES,4,violent,40.71216,-73.998282,4.0
2025-03-27,ASSAULT 3 & RELATED OFFENSES,4,violent,40.75679,-73.990772,4.0
2025-03-28,ASSAULT 3 & RELATED OFFENSES,4,violent,40.820933,-73.902269,4.0
2025-12-18,ROBBERY,5,violent,40.730251,-73.995105,5.0
2025-09-28,ROBBERY,5,violent,40.756985,-73.984956,5.0
2025-04-03,ASSAULT 3 & RELATED OFFENSES,4,violent,40.812558,-73.942341,4.0
2025-07-18,ASSAULT 3 & RELATED OFFENSES,4,violent,40.750957,-73.982196,4.0
2026-01-23,ASSAULT 3 & RELATED OFFENSES,4,violent,40.701211,-73.902449,4.0
2026-05-20,ASSAULT 3 & RELATED OFFENSES,4,violent,40.781456,-73.98128,4.0
2025-01-10,ASSAULT 3 & RELATED OFFENSES,4,violent,40.841467,-73.931472,4.0
2026-02-17,ROBBERY,5,violent,40.718142,-73.902595,5.0
2026-07-14,ASSAULT 3 & RELATED OFFENSES,4,violent,40.753387,-73.98847,4.0
2025-10-31,ROBBERY,5,violent,40.729718,-73.978406,5.0
2025-07-02,ROBBERY,5,violent,40.798189,-73.976379,5.0
2025-01-08,ASSAULT 3 & RELATED OFFENSES,4,violent,40.81313,-73.941353,4.0
2026-06-22,ASSAULT 3 & RELATED OFFENSES,4,violent,40.728186,-73.994095,4.0
2025-12-25,ROBBERY,5,violent,40.701327,-73.992685,5.0
2025-08-06,ROBBERY,5,violent,40.744312,-73.972307,5.0
2025-10-12,ROBBERY,5,violent,40.725255,-73.901789,5.0
2026-02-16,ROBBERY,5,violent,40.702366,-73.995711,5.0
2026-06-21,ROBBERY,5,violent,40.761117,-73.982775,5.0
2026-05-31,ASSAULT 3 & RELATED OFFENSES,4,violent,40.845854,-73.91128,4.0
2025-06-19,ASSAULT 3 & RELATED OFFENSES,4,violent,40.77728,-73.97485,4.0
2026-01-20,ROBBERY,5,violent,40.724896,-74.000245,5.0
2025-12-29,ROBBERY,5,violent,40.718186,-73.946825,5.0
2025-03-23,ASSAULT 3 & RELATED OFFENSES,4,violent,40.707423,-74.001405,4.0
2025-01-23,ASSAULT 3 & RELATED OFFENSES,4,violent,40.752196,-73.986678,4.0
2025-05-04,ROBBERY,5,violent,40.726993,-73.993885,5.0
2025-02-20,ASSAULT 3 & RELATED OFFENSES,4,violent,40.714144,-73.910319,4.0
2025-10-28,ASSAULT 3 & RELATED OFFENSES,4,violent,40.76502,-73.98056,4.0
2026-06-19,ASSAULT 3 & RELATED OFFENSES,4,violent,40.81598,-73.949782,4.0
2026-07-21,ROBBERY,5,violent,40.753922,-73.988966,5.0
2025-07-25,ROBBERY,5,violent,40.753971,-73.963718,5.0
2025-05-26,ROBBERY,5,violent,40.802284,-73.963958,5.0
2025-01-09,ASSAULT 3 & RELATED OFFENSES,4,violent,40.857039,-73.931844,4.0
2026-03-11,ROBBERY,5,violent,40.707533,-73.999241,5.0
2025-01-31,ROBBERY,5,violent,40.744081,-73.936185,5.0
2025-06-10,ROBBERY,5,violent,40.708069,-73.916303,5.0
2025-02-15,ROBBERY,5,violent,40.758329,-73.991513,5.0
2025-05-23,ASSAULT 3 & RELATED OFFENSES,4,violent,40.756036,-73.98902,4.0
2025-02-26,ROBBERY,5,violent,40.72524,-73.912196,5.0
2026-07-03,ASSAULT 3 & RELATED OFFENSES,4,violent,40.812818,-73.947454,4.0
2025-06-27,ROBBERY,5,violent,40.756507,-73.978602,5.0
2025-12-26,ASSAULT 3 & RELATED OFFENSES,4,violent,40.730525,-73.997318,4.0
2026-07-01,ROBBERY,5,violent,40.810861,-73.949318,5.0
2025-03-15,ASSAULT 3 & RELATED OFFENSES,4,violent,40.780042,-73.906891,4.0
2026-01-10,ROBBERY,5,violent,40.711971,-73.996672,5.0
2025-03-06,ASSAULT 3 & RELATED OFFENSES,4,violent,40.708742,-73.993669,4.0
2025-06-23,ROBBERY,5,violent,40.758822,-73.924863,5.0
2025-04-07,ROBBERY,5,violent,40.759498,-73.984644,5.0
2025-06-27,ROBBERY,5,violent,40.753792,-73.983578,5.0
2025-01-03,ROBBERY,5,violent,40.81974,-73.939119,5.0
2025-11-26,ROBBERY,5,violent,40.752697,-73.994658,5.0
2025-12-02,ROBBERY,5,violent,40.789647,-73.950195,5.0
2026-07-07,ROBBERY,5,violent,40.721106,-73.91993,5.0
2025-06-08,ASSAULT 3 & RELATED OFFENSES,4,violent,40.7509,-73.980032,4.0
2026-04-13,ROBBERY,5,violent,40.763787,-73.985606,5.0
2025-01-28,ASSAULT 3 & RELATED OFFENSES,4,violent,40.727657,-73.995952,4.0
2025-10-19,ROBBERY,5,violent,40.81194,-73.947688,5.0
2025-08-28,ROBBERY,5,violent,40.759772,-73.978649,5.0
2025-08-20,ROBBERY,5,violent,40.733482,-73.995541,5.0
2026-05-12,ASSAULT 3 & RELATED OFFENSES,4,violent,40.807781,-73.943275,4.0
2025-06-19,ROBBERY,5,violent,40.75124,-73.905641,5.0
2025-03-16,ASSAULT 3 & RELATED OFFENSES,4,violent,40.764266,-73.955044,4.0
2025-11-21,ASSAULT 3 & RELATED OFFENSES,4,violent,40.718732,-73.995159,4.0
2026-04-19,ROBBERY,5,violent,40.751716,-73.985932,5.0
2026-06-18,ASSAULT 3 & RELATED OFFENSES,4,violent,40.757336,-73.98545,4.0
2025-08-02,ROBBERY,5,violent,40.755495,-73.981022,5.0
2026-04-27,ROBBERY,5,violent,40.727663,-73.992258,5.0
2026-06-07,ASSAULT 3 & RELATED OFFENSES,4,violent,40.701831,-73.905889,4.0
2026-06-24,ROBBERY,5,violent,40.813188,-73.946088,5.0
2025-05-31,ROBBERY,5,violent,40.762176,-73.986665,5.0
2025-01-16,ROBBERY,5,violent,40.759538,-73.985706,5.0
2025-05-12,ASSAULT 3 & RELATED OFFENSES,4,violent,40.758292,-73.985183,4.0
2025-02-11,ROBBERY,5,violent,40.721063,-73.937187,5.0
2025-01-30,ASSAULT 3 & RELATED OFFENSES,4,violent,40.803924,-73.950009,4.0
2025-01-03,ASSAULT 3 & RELATED OFFENSES,4,violent,40.734653,-73.984373,4.0
2026-05-29,ROBBERY,5,violent,40.741643,-73.946672,5.0
2025-01-07,ASSAULT 3 & RELATED OFFENSES,4,violent,40.75665,-73.98271,4.0
2026-02-18,ASSAULT 3 & RELATED OFFENSES,4,violent,40.817219,-73.945545,4.0
2025-08-13,ASSAULT 3 & RELATED OFFENSES,4,violent,40.709814,-73.995798,4.0
2026-07-26,ASSAULT 3 & RELATED OFFENSES,4,violent,40.764162,-73.984797,4.0
2026-02-23,ASSAULT 3 & RELATED OFFENSES,4,violent,40.761079,-73.986015,4.0
2025-08-04,ASSAULT 3 & RELATED OFFENSES,4,violent,40.812482,-73.949929,4.0
2026-05-06,ASSAULT 3 & RELATED OFFENSES,4,violent,40.76042,-73.987204,4.0
2025-09-29,ROBBERY,5,violent,40.764733,-73.986337,5.0
2026-06-20,ROBBERY,5,violent,40.726277,-73.924106,5.0
2026-03-21,ASSAULT 3 & RELATED OFFENSES,4,violent,40.80774,-73.951916,4.0
2026-04-07,ASSAULT 3 & RELATED OFFENSES,4,violent,40.707177,-73.999139,4.0
2025-09-06,ASSAULT 3 & RELATED OFFENSES,4,violent,40.73186,-74.000609,4.0
2025-12-07,ROBBERY,5,violent,40.709008,-73.996069,5.0
2025-06-06,ROBBERY,5,violent,40.813486,-73.939321,5.0
2025-05-18,ROBBERY,5,violent,40.730579,-73.992849,5.0
2025-07-16,ROBBERY,5,violent,40.710282,-74.000629,5.0
2026-03-20,ASSAULT 3 & RELATED OFFENSES,4,violent,40.864547,-73.926645,4.0
2025-04-05,ASSAULT 3 & RELATED OFFENSES,4,violent,40.763224,-73.988975,4.0
2025-12-27,ROBBERY,5,violent,40.734692,-73.994453,5.0
2025-07-21,ROBBERY,5,violent,40.757837,-73.91786,5.0
2025-09-10,ASSAULT 3 & RELATED OFFENSES,4,violent,40.821386,-73.905049,4.0
2025-04-05,ROBBERY,5,violent,40.728498,-73.998946,5.0
2026-06-06,ROBBERY,5,violent,40.853013,-73.951146,5.0
2025-08-02,ASSAULT 3 & RELATED OFFENSES,4,violent,40.729522,-73.993987,4.0
2025-01-13,ASSAULT 3 & RELATED OFFENSES,4,violent,40.754471,-73.988802,4.0
2025-03-03,ROBBERY,5,violent,40.808204,-73.94362,5.0
2025-03-29,ASSAULT 3 & RELATED OFFENSES,4,violent,40.812242,-73.94272,4.0
2025-06-17,ROBBERY,5,violent,40.72764,-73.995361,5.0
2025-12-14,ASSAULT 3 & RELATED OFFENSES,4,violent,40.76316,-73.948592,4.0
2025-05-29,ROBBERY,5,violent,40.847264,-73.93408,5.0
2025-11-22,ROBBERY,5,violent,40.788022,-73.976372,5.0
2025-09-13,ASSAULT 3 & RELATED OFFENSES,4,violent,40.759901,-73.986797,4.0
2025-02-17,ASSAULT 3 & RELATED OFFENSES,4,violent,40.73066,-73.994244,4.0
2025-03-15,ASSAULT 3 & RELATED OFFENSES,4,violent,40.710794,-73.9995,4.0
2025-05-20,ROBBERY,5,violent,40.806824,-73.951914,5.0
2025-04-23,ROBBERY,5,violent,40.812739,-73.944672,5.0
2025-04-06,ASSAULT 3 & RELATED OFFENSES,4,violent,40.727423,-73.998359,4.0
2026-03-26,ROBBERY,5,violent,40.813257,-73.953189,5.0
2025-08-06,ROBBERY,5,violent,40.733685,-73.98299,5.0
2025-05-27,ASSAULT 3 & RELATED OFFENSES,4,violent,40.726065,-74.001348,4.0
2026-03-11,ROBBERY,5,violent,40.815404,-73.956308,5.0
2025-03-29,ROBBERY,5,violent,40.714155,-74.000406,5.0
2025-06-11,ASSAULT 3 & RELATED OFFENSES,4,violent,40.75882,-73.990158,4.0
2025-04-03,ROBBERY,5,violent,40.765025,-73.986364,5.0
2025-10-23,ASSAULT 3 & RELATED OFFENSES,4,violent,40.816888,-73.953569,4.0
2025-04-29,ROBBERY,5,violent,40.757369,-73.984663,5.0
2025-06-30,ASSAULT 3 & RELATED OFFENSES,4,violent,40.722541,-73.912119,4.0
2026-07-11,ROBBERY,5,violent,40.802417,-73.96248,5.0
2025-08-02,ASSAULT 3 & RELATED OFFENSES,4,violent,40.715763,-74.0144,4.0
2025-07-09,ROBBERY,5,violent,40.763117,-73.984994,5.0
2026-01-12,ASSAULT 3 & RELATED OFFENSES,4,violent,40.723448,-73.994935,4.0
2026-06-02,ASSAULT 3 & RELATED OFFENSES,4,violent,40.769916,-73.929251,4.0
2025-12-01,ASSAULT 3 & RELATED OFFENSES,4,violent,40.834732,-73.93155,4.0
2025-03-23,ASSAULT 3 & RELATED OFFENSES,4,violent,40.804892,-73.941905,4.0
2025-09-03,ASSAULT 3 & RELATED OFFENSES,4,violent,40.849453,-73.911997,4.0
2026-02-18,ASSAULT 3 & RELATED OFFENSES,4,violent,40.813832,-73.943534,4.0
2026-02-06,ASSAULT 3 & RELATED OFFENSES,4,violent,40.810863,-73.939579,4.0
2025-11-10,ASSAULT 3 & RELATED OFFENSES,4,violent,40.742848,-73.940937,4.0
2025-07-27,ASSAULT 3 & RELATED OFFENSES,4,violent,40.741223,-73.981444,4.0
2025-07-23,ROBBERY,5,violent,40.727074,-73.996101,5.0
2025-05-17,ROBBERY,5,violent,40.751181,-73.909179,5.0
2025-08-13,ASSAULT 3 & RELATED OFFENSES,4,violent,40.865129,-73.927755,4.0
2025-05-19,ROBBERY,5,violent,40.707606,-73.999275,5.0
2026-07-01,ROBBERY,5,violent,40.730551,-73.994377,5.0
2026-03-17,ROBBERY,5,violent,40.726434,-73.997566,5.0
2025-02-26,ASSAULT 3 & RELATED OFFENSES,4,violent,40.703885,-73.991993,4.0
2026-04-22,ROBBERY,5,violent,40.707819,-74.001646,5.0
2026-06-03,ASSAULT 3 & RELATED OFFENSES,4,violent,40.807412,-73.945724,4.0
2026-02-15,ROBBERY,5,violent,40.754635,-73.979576,5.0
2026-02-19,ROBBERY,5,violent,40.809428,-73.952336,5.0
2026-05-17,ASSAULT 3 & RELATED OFFENSES,4,violent,40.710853,-73.955467,4.0
2026-03-06,ROBBERY,5,violent,40.757208,-73.985668,5.0
2025-02-08,ROBBERY,5,violent,40.834983,-73.917539,5.0
2026-02-02,ASSAULT 3 & RELATED OFFENSES,4,violent,40.710842,-73.998909,4.0
2025-11-20,ASSAULT 3 & RELATED OFFENSES,4,violent,40.813437,-73.947433,4.0
2025-07-07,ROBBERY,5,violent,40.755942,-73.988495,5.0
2025-10-12,ASSAULT 3 & RELATED OFFENSES,4,violent,40.836746,-73.94803,4.0
2026-06-27,ROBBERY,5,violent,40.809163,-73.94777,5.0
2025-01-01,ASSAULT 3 & RELATED OFFENSES,4,violent,40.70395,-73.993892,4.0
2025-04-17,ASSAULT 3 & RELATED OFFENSES,4,violent,40.727484,-73.997679,4.0
2025-02-22,ASSAULT 3 & RELATED OFFENSES,4,violent,40.8151,-73.947134,4.0
2025-01-10,ROBBERY,5,violent,40.810497,-73.949414,5.0
2025-12-19,ASSAULT 3 & RELATED OFFENSES,4,violent,40.810184,-73.949426,4.0
2025-05-19,ROBBERY,5,violent,40.751497,-73.993559,5.0
2026-07-21,ASSAULT 3 & RELATED OFFENSES,4,violent,40.812782,-73.946586,4.0
2025-05-15,ROBBERY,5,violent,40.874968,-73.910824,5.0
2025-06-28,ASSAULT 3 & RELATED OFFENSES,4,violent,40.731947,-73.998308,4.0
2026-07-26,ASSAULT 3 & RELATED OFFENSES,4,violent,40.808241,-73.948059,4.0
2025-05-16,ROBBERY,5,violent,40.765857,-73.98246,5.0
2026-03-21,ROBBERY,5,violent,40.747796,-73.993333,5.0
2025-03-23,ROBBERY,5,violent,40.702697,-73.995705,5.0
2026-03-17,ROBBERY,5,violent,40.762448,-73.953966,5.0
2025-07-22,ROBBERY,5,violent,40.812863,-73.951731,5.0
2025-07-27,ASSAULT 3 & RELATED OFFENSES,4,violent,40.813307,-73.942536,4.0
2025-07-15,ROBBERY,5,violent,40.743695,-73.901843,5.0
2025-08-24,ROBBERY,5,violent,40.844868,-73.9068,5.0
2025-09-19,ROBBERY,5,violent,40.810072,-73.946917,5.0
2025-02-28,ASSAULT 3 & RELATED OFFENSES,4,violent,40.726767,-73.994898,4.0
2025-01-09,ROBBERY,5,violent,40.753734,-73.981693,5.0
2025-05-01,ASSAULT 3 & RELATED OFFENSES,4,violent,40.754295,-73.989885,4.0
2026-05-28,ROBBERY,5,violent,40.750119,-73.994255,5.0
2025-01-18,ROBBERY,5,violent,40.724808,-73.996189,5.0
2025-02-06,ROBBERY,5,violent,40.806694,-73.943469,5.0
2026-01-28,ASSAULT 3 & RELATED OFFENSES,4,violent,40.701668,-73.992862,4.0
2025-05-12,ROBBERY,5,violent,40.729559,-73.99901,5.0
2026-05-10,ROBBERY,5,violent,40.723572,-73.996789,5.0
2025-01-07,ROBBERY,5,violent,40.789506,-73.97062,5.0
2025-11-20,ROBBERY,5,violent,40.727701,-74.000121,5.0
2025-08-28,ROBBERY,5,violent,40.817995,-73.938713,5.0
2025-02-01,ASSAULT 3 & RELATED OFFENSES,4,violent,40.811186,-73.946956,4.0
2025-06-24,ASSAULT 3 & RELATED OFFENSES,4,violent,40.756922,-73.984147,4.0
2025-04-06,ROBBERY,5,violent,40.723392,-73.994136,5.0
2026-03-02,ASSAULT 3 & RELATED OFFENSES,4,violent,40.808272,-73.949188,4.0
2026-02-18,ROBBERY,5,violent,40.757478,-73.988244,5.0
2025-05-05,ASSAULT 3 & RELATED OFFENSES,4,violent,40.724388,-74.000888,4.0
2026-06-16,ROBBERY,5,violent,40.715347,-73.976097,5.0
2025-06-14,ROBBERY,5,violent,40.727895,-73.994068,5.0
2025-07-30,ROBBERY,5,violent,40.759933,-73.984785,5.0
2026-06-18,ASSAULT 3 & RELATED OFFENSES,4,violent,40.810409,-73.945752,4.0
2025-01-26,ROBBERY,5,violent,40.751878,-73.985478,5.0
2025-05-21,ASSAULT 3 & RELATED OFFENSES,4,violent,40.711404,-73.926369,4.0
2025-10-27,ROBBERY,5,violent,40.755765,-73.986018,5.0
2026-01-21,ASSAULT 3 & RELATED OFFENSES,4,violent,40.818385,-73.945621,4.0
2026-04-04,ROBBERY,5,violent,40.837963,-73.920001,5.0
2025-02-04,ROBBERY,5,violent,40.725973,-73.992524,5.0
2025-10-21,ROBBERY,5,violent,40.729348,-73.991904,5.0
2026-05-01,ROBBERY,5,violent,40.797302,-73.940822,5.0
2025-02-12,ROBBERY,5,violent,40.811332,-73.959233,5.0
2026-03-15,ROBBERY,5,violent,40.806082,-73.95085,5.0
2026-03-26,ASSAULT 3 & RELATED OFFENSES,4,violent,40.787627,-73.956905,4.0
2025-04-04,ROBBERY,5,violent,40.786666,-73.951021,5.0
2026-05-19,ASSAULT 3 & RELATED OFFENSES,4,violent,40.746437,-73.991206,4.0
2025-06-29,ROBBERY,5,violent,40.819804,-73.944675,5.0
2025-09-16,ROBBERY,5,violent,40.731933,-74.002456,5.0
2026-04-02,ROBBERY,5,violent,40.709916,-73.994919,5.0
2026-02-10,ROBBERY,5,violent,40.726033,-73.993485,5.0
2026-02-16,ASSAULT 3 & RELATED OFFENSES,4,violent,40.810669,-73.949691,4.0
2025-04-25,ROBBERY,5,violent,40.800461,-73.929612,5.0
2025-04-09,ASSAULT 3 & RELATED OFFENSES,4,violent,40.709425,-73.998217,4.0
2025-08-03,ROBBERY,5,violent,40.760231,-73.985934,5.0
2025-06-23,ROBBERY,5,violent,40.81538,-73.947802,5.0
2025-04-26,ROBBERY,5,violent,40.804981,-73.953068,5.0
2025-10-27,ASSAULT 3 & RELATED OFFENSES,4,violent,40.812702,-73.954469,4.0
2025-11-26,ROBBERY,5,violent,40.760569,-73.972656,5.0
2025-06-26,ROBBERY,5,violent,40.758134,-73.978973,5.0
2025-01-23,ASSAULT 3 & RELATED OFFENSES,4,violent,40.732159,-73.994431,4.0
2025-01-05,ROBBERY,5,violent,40.753645,-73.995634,5.0
2025-11-07,ROBBERY,5,violent,40.814762,-73.915788,5.0
2025-11-23,ROBBERY,5,violent,40.808731,-73.946562,5.0
2026-06-10,ROBBERY,5,violent,40.813543,-73.947089,5.0
2025-04-30,ASSAULT 3 & RELATED OFFENSES,4,violent,40.81097,-73.945658,4.0
2025-05-21,ASSAULT 3 & RELATED OFFENSES,4,violent,40.755169,-73.981952,4.0
2025-08-10,ROBBERY,5,violent,40.722805,-73.995292,5.0
2025-03-26,ASSAULT 3 & RELATED OFFENSES,4,violent,40.80893,-73.946759,4.0
2026-04-07,ROBBERY,5,violent,40.730691,-74.000619,5.0
2026-05-30,ROBBERY,5,violent,40.715397,-73.994101,5.0
2025-05-19,ROBBERY,5,violent,40.738017,-73.989227,5.0
2026-01-19,ASSAULT 3 & RELATED OFFENSES,4,violent,40.809355,-73.964912,4.0
2025-11-05,ROBBERY,5,violent,40.758401,-73.983561,5.0
2026-03-20,ROBBERY,5,violent,40.759776,-73.986612,5.0
2025-04-12,ROBBERY,5,violent,40.731646,-73.9882,5.0
2025-11-03,ROBBERY,5,violent,40.73064,-73.993553,5.0
2026-03-24,ROBBERY,5,violent,40.756047,-73.991632,5.0
2025-10-11,ASSAULT 3 & RELATED OFFENSES,4,violent,40.701522,-73.994402,4.0
2026-01-27,ROBBERY,5,violent,40.707721,-74.00007,5.0
2025-10-01,ROBBERY,5,violent,40.800915,-73.923658,5.0
2026-02-07,ROBBERY,5,violent,40.753471,-73.926491,5.0
2026-04-21,ROBBERY,5,violent,40.706789,-74.000415,5.0
2025-01-13,ROBBERY,5,violent,40.756704,-73.987936,5.0
2026-01-15,ROBBERY,5,violent,40.701175,-73.996167,5.0
2025-11-25,ASSAULT 3 & RELATED OFFENSES,4,violent,40.871609,-73.912467,4.0
2025-02-05,ROBBERY,5,violent,40.701132,-73.910683,5.0
2026-06-21,ROBBERY,5,violent,40.711008,-73.997215,5.0
2026-07-26,ROBBERY,5,violent,40.755512,-73.983809,5.0
2025-09-11,ASSAULT 3 & RELATED OFFENSES,4,violent,40.730353,-74.001187,4.0
